date,ticker,close,entry_signal,exit_signal,sma_fast_col,sma_slow_col,trend_up,trend_down,rsi_not_hot,nn_prob,nn_bullish,nn_bearish,entry_long,exit_long
2017-06-12,FB,148.44,True,False,150.6135,146.43133333333336,1,0,1,0.5682157009851911,1,0,1,0
2017-06-12,GE,28.94,False,True,27.839499999999997,28.955,0,1,1,0.5873695611074888,1,0,0,1
2017-06-12,GOOG,942.9,True,False,957.568,893.1138333333332,1,0,1,0.7500670923403535,1,0,1,0
2017-06-12,GOOGL,961.81,True,False,978.7270000000001,913.11075,1,0,1,0.7520655847084252,1,0,1,0
2017-06-12,JPM,86.98,False,True,84.75699999999999,86.26483333333334,0,1,1,0.5142369579940239,0,0,0,1
2017-06-12,MSFT,69.78,True,False,69.8775,67.681,1,0,1,0.5814484845738964,1,0,1,0
2017-06-12,NFLX,151.44,True,False,160.467,152.31983333333332,1,0,1,0.9029798787128651,1,0,1,0
2017-06-12,XOM,82.93,False,True,81.56,81.84633333333335,0,1,1,0.4328170923815646,0,1,0,1
2017-06-13,AAPL,146.59,True,False,152.73600000000002,147.54816666666665,1,0,1,0.7088010231866292,1,0,1,0
2017-06-13,AMZN,980.79,True,False,984.6785,931.0794999999999,1,0,1,0.6102080696214919,1,0,1,0
2017-06-13,BAC,23.77,False,True,23.023000000000003,23.286166666666666,0,1,1,0.5846848115732818,1,0,0,1
2017-06-13,C,64.69,False,False,61.894499999999994,60.22816666666667,1,0,0,0.569832475403432,1,0,0,0
2017-06-13,FB,150.68,True,False,150.63799999999998,146.612,1,0,1,0.6438768595140442,1,0,1,0
2017-06-13,GE,28.45,False,True,27.852999999999998,28.931166666666666,0,1,1,0.5712015289960858,1,0,0,1
2017-06-13,GOOG,953.4,True,False,958.384,894.8018333333333,1,0,1,0.617019388038159,1,0,1,0
2017-06-13,GOOGL,970.5,True,False,979.2909999999999,914.74625,1,0,1,0.6276944550261476,1,0,1,0
2017-06-13,JPM,87.27,False,True,84.7535,86.208,0,1,1,0.5657018933341047,1,0,0,1
2017-06-13,MSFT,70.65,True,False,69.9885,67.77733333333333,1,0,1,0.6210577410691229,1,0,1,0
2017-06-13,NFLX,152.72,True,False,160.102,152.4466666666667,1,0,1,0.7890051730130917,1,0,1,0
2017-06-13,XOM,82.96,False,True,81.56800000000001,81.86233333333334,0,1,1,0.5549622968846895,1,0,0,1
2017-06-14,AAPL,145.16,True,False,152.2205,147.6098333333333,1,0,1,0.7666253702300242,1,0,1,0
2017-06-14,AMZN,976.47,True,False,985.1985000000001,933.0711666666666,1,0,1,0.6857143915193323,1,0,1,0
2017-06-14,BAC,23.76,False,True,23.0115,23.274833333333333,0,1,1,0.5018534796595451,0,0,0,1
2017-06-14,C,64.72,False,False,62.00599999999999,60.31366666666666,1,0,0,0.572769361793982,1,0,0,0
2017-06-14,FB,150.25,True,False,150.6615,146.78383333333332,1,0,1,0.6345221917056562,1,0,1,0
2017-06-14,GE,28.69,False,True,27.885499999999997,28.913666666666668,0,1,1,0.5623331355192698,1,0,0,1
2017-06-14,GOOG,950.76,True,False,958.7719999999999,896.5078333333333,1,0,1,0.6160404460297727,1,0,1,0
2017-06-14,GOOGL,967.93,True,False,979.457,916.4132500000001,1,0,1,0.6186310548291808,1,0,1,0
2017-06-14,JPM,87.09,False,True,84.72749999999999,86.159,0,1,1,0.527717950517219,0,0,0,1
2017-06-14,MSFT,70.27,True,False,70.0315,67.86633333333333,1,0,1,0.6610576510796644,1,0,1,0
2017-06-14,NFLX,152.2,True,False,159.74150000000003,152.55283333333333,1,0,1,0.8048970290402838,1,0,1,0
2017-06-14,XOM,82.07,False,True,81.544,81.8635,0,1,1,0.5566839840213604,1,0,0,1
2017-06-15,AAPL,144.29,True,False,151.92249999999999,147.68400000000003,1,0,1,0.7642100641768992,1,0,1,0
2017-06-15,AMZN,964.17,True,False,986.1689999999999,935.0873333333333,1,0,1,0.8342579235442084,1,0,1,0
2017-06-15,BAC,23.54,False,True,23.06,23.2835,0,1,1,0.5981944466926296,1,0,0,1
2017-06-15,C,64.1,True,False,62.212,60.41466666666667,1,0,1,0.583084756496629,1,0,1,0
2017-06-15,FB,149.8,True,False,150.90900000000002,146.972,1,0,1,0.6679153025608575,1,0,1,0
2017-06-15,GE,28.94,False,True,27.962,28.906166666666664,0,1,1,0.5384857447410593,0,0,0,1
2017-06-15,GOOG,942.31,True,False,959.9065,898.372,1,0,1,0.7885673408324889,1,0,1,0
2017-06-15,GOOGL,960.18,True,False,980.3574999999998,918.2472500000001,1,0,1,0.7987892719670989,1,0,1,0
2017-06-15,JPM,86.57,False,True,84.8425,86.14533333333333,0,1,1,0.573769358210255,1,0,0,1
2017-06-15,MSFT,69.9,True,False,70.1525,67.96116666666667,1,0,1,0.6653661488120769,1,0,1,0
2017-06-15,NFLX,151.76,True,False,159.6695,152.70850000000002,1,0,1,0.8122115605361475,1,0,1,0
2017-06-15,XOM,82.26,False,True,81.5575,81.87066666666666,0,1,1,0.5470292092361079,0,0,0,1
2017-06-16,AAPL,142.27,True,False,151.409,147.69816666666668,1,0,1,0.7442198668784465,1,0,1,0
2017-06-16,AMZN,987.71,False,False,987.6300000000001,937.4148333333335,1,0,1,0.5401617378846032,0,0,0,0
2017-06-16,BAC,23.43,False,True,23.0945,23.291666666666668,0,1,1,0.6034104025279705,1,0,0,1
2017-06-16,C,63.89,True,False,62.402499999999996,60.516666666666666,1,0,1,0.580669474964943,1,0,1,0
2017-06-16,FB,150.64,False,False,151.058,147.15616666666665,1,0,1,0.5412019565148289,0,0,0,0
2017-06-16,GE,29.0,False,True,28.038,28.897333333333336,0,1,1,0.43768853394293405,0,1,0,1
2017-06-16,GOOG,939.78,True,False,960.3834999999999,900.2085,1,0,1,0.6602892612455314,1,0,1,0
2017-06-16,GOOGL,958.62,True,False,980.7635,920.0609166666667,1,0,1,0.6793485561481475,1,0,1,0
2017-06-16,JPM,86.18,False,True,84.95349999999999,86.12283333333333,0,1,1,0.5726405348157523,1,0,0,1
2017-06-16,MSFT,70.0,False,True,70.267,68.044,1,0,1,0.44055929936129096,0,1,0,1
2017-06-16,NFLX,152.38,True,False,159.5035,152.8706666666667,1,0,1,0.6478652466457088,1,0,1,0
2017-06-16,XOM,83.49,False,True,81.64450000000001,81.8995,0,1,1,0.40239570786782924,0,1,0,1
2017-06-19,AAPL,146.34,True,False,151.073,147.78850000000003,1,0,1,0.6552290103831023,1,0,1,0
2017-06-19,AMZN,995.17,True,False,989.3965000000001,939.878,1,0,1,0.6541114259859466,1,0,1,0
2017-06-19,BAC,23.91,False,True,23.1375,23.30566666666667,0,1,1,0.623363979539743,1,0,0,1
2017-06-19,C,64.48,False,False,62.57149999999999,60.62383333333333,1,0,1,0.5188112542882192,0,0,0,0
2017-06-19,FB,152.87,True,False,151.2985,147.3785,1,0,1,0.5684275037788393,1,0,1,0
2017-06-19,GE,28.8,False,True,28.075499999999998,28.883666666666667,0,1,1,0.5990275015064896,1,0,0,1
2017-06-19,GOOG,957.37,True,False,961.5514999999999,902.5383333333334,1,0,1,0.6099824481249002,1,0,1,0
2017-06-19,GOOGL,975.22,True,False,981.792,922.3204166666667,1,0,1,0.6197101231631238,1,0,1,0
2017-06-19,JPM,88.07,False,True,85.118,86.13416666666666,0,1,1,0.6258461251501893,1,0,0,1
2017-06-19,MSFT,70.87,True,False,70.426,68.144,1,0,1,0.5879492122645774,1,0,1,0
2017-06-19,NFLX,153.4,True,False,159.32250000000002,153.06333333333336,1,0,1,0.5855595399927837,1,0,1,0
2017-06-19,XOM,82.76,False,True,81.686,81.9145,0,1,1,0.6130785149379498,1,0,0,1
2017-06-20,AAPL,145.01,True,False,150.624,147.86133333333333,1,0,1,0.6167116855146118,1,0,1,0
2017-06-20,AMZN,992.59,True,False,990.4925,942.3276666666666,1,0,1,0.6632949409735474,1,0,1,0
2017-06-20,BAC,23.49,False,True,23.160000000000004,23.311833333333333,0,1,1,0.655852443484233,1,0,0,1
2017-06-20,C,63.91,True,False,62.714,60.72116666666667,1,0,1,0.5690362994221305,1,0,1,0
2017-06-20,FB,152.25,True,False,151.499,147.57700000000003,1,0,1,0.5947333853153143,1,0,1,0
2017-06-20,GE,28.13,False,True,28.072999999999997,28.857166666666664,0,1,1,0.6807634884918025,1,0,0,1
2017-06-20,GOOG,950.63,True,False,961.99,904.8083333333333,1,0,1,0.6454260502710314,1,0,1,0
2017-06-20,GOOGL,968.99,True,False,982.0379999999999,924.55125,1,0,1,0.6618094892355404,1,0,1,0
2017-06-20,JPM,87.52,False,True,85.259,86.13799999999999,0,1,1,0.5460391438928999,0,0,0,1
2017-06-20,MSFT,69.91,True,False,70.499,68.22616666666667,1,0,1,0.6544719833516486,1,0,1,0
2017-06-20,NFLX,152.05,True,False,159.06699999999998,153.2305,1,0,1,0.5886343375630361,1,0,1,0
2017-06-20,XOM,82.31,False,True,81.687,81.93249999999999,0,1,1,0.6153519467541118,1,0,0,1
2017-06-21,AAPL,145.87,True,False,150.22750000000002,147.9445,1,0,1,0.5737135268357418,1,0,1,0
2017-06-21,AMZN,1002.23,True,False,992.027,944.9178333333333,1,0,1,0.6081036499817548,1,0,1,0
2017-06-21,BAC,23.13,False,True,23.147,23.313499999999998,0,1,1,0.6825229416599098,1,0,0,1
2017-06-21,C,63.83,True,False,62.81999999999999,60.81283333333333,1,0,1,0.5503789355520926,1,0,1,0
2017-06-21,FB,153.91,True,False,151.791,147.8035,1,0,1,0.5861729947729114,1,0,1,0
2017-06-21,GE,27.78,False,True,28.048000000000002,28.8295,0,1,1,0.6756819525893032,1,0,0,1
2017-06-21,GOOG,959.45,True,False,962.5215000000001,907.1406666666667,1,0,1,0.6235894901513857,1,0,1,0
2017-06-21,GOOGL,978.59,True,False,982.4399999999999,926.8859166666666,1,0,1,0.6196294184070351,1,0,1,0
2017-06-21,JPM,87.12,False,True,85.32700000000001,86.136,0,1,1,0.5453895067441592,0,0,0,1
2017-06-21,MSFT,70.27,False,False,70.57849999999999,68.31233333333333,1,0,1,0.541998063438596,0,0,0,0
2017-06-21,NFLX,155.03,True,False,158.921,153.41333333333336,1,0,1,0.627808979581534,1,0,1,0
2017-06-21,XOM,81.44,False,True,81.63,81.93566666666668,0,1,1,0.6308104401018174,1,0,0,1
2017-06-22,AAPL,145.63,True,False,149.84199999999998,147.975,1,0,1,0.5709360786520615,1,0,1,0
2017-06-22,AMZN,1001.3,True,False,993.0745,947.3394999999999,1,0,1,0.6512196630496687,1,0,1,0
2017-06-22,BAC,22.93,False,True,23.125500000000002,23.304333333333332,0,1,1,0.65762157326387,1,0,0,1
2017-06-22,C,63.62,True,False,62.8875,60.88283333333334,1,0,1,0.556906500411745,1,0,1,0
2017-06-22,FB,153.4,True,False,151.959,147.9975,1,0,1,0.5783305456195037,1,0,1,0
2017-06-22,GE,27.55,False,True,28.034,28.795,0,1,1,0.6911711218639051,1,0,0,1
2017-06-22,GOOG,957.09,True,False,962.628,909.4101666666667,1,0,1,0.6375435829150813,1,0,1,0
2017-06-22,GOOGL,976.62,True,False,982.3904999999999,929.1524166666666,1,0,1,0.6463548191444356,1,0,1,0
2017-06-22,JPM,87.02,False,True,85.39250000000001,86.10966666666668,0,1,1,0.5582934721809654,1,0,0,1
2017-06-22,MSFT,70.26,True,False,70.65299999999999,68.39516666666667,1,0,1,0.5738686102500603,1,0,1,0
2017-06-22,NFLX,154.89,True,False,158.778,153.57533333333333,1,0,1,0.5671322428908488,1,0,1,0
2017-06-22,XOM,81.08,False,True,81.56949999999999,81.923,0,1,1,0.6347681365806803,1,0,0,1
2017-06-23,AAPL,146.28,False,False,149.4625,148.011,1,0,1,0.5397248914071113,0,0,0,0
2017-06-23,AMZN,1003.74,True,False,993.5925000000001,949.4965,1,0,1,0.5856414763366887,1,0,1,0
2017-06-23,BAC,22.82,False,True,23.104,23.2955,0,1,1,0.6289468720575362,1,0,0,1
2017-06-23,C,63.41,True,False,62.9605,60.94983333333334,1,0,1,0.610554620373257,1,0,1,0
2017-06-23,FB,155.07,True,False,152.1145,148.2045,1,0,1,0.5540488722812518,1,0,1,0
2017-06-23,GE,27.57,False,True,28.038,28.759833333333333,0,1,1,0.6683100241807445,1,0,0,1
2017-06-23,GOOG,965.59,True,False,962.4305,911.6465000000001,1,0,1,0.6209458857010351,1,0,1,0
2017-06-23,GOOGL,986.09,True,False,982.1020000000001,931.42275,1,0,1,0.623325612864473,1,0,1,0
2017-06-23,JPM,86.86,False,True,85.46799999999999,86.08616666666667,0,1,1,0.5032981336150485,0,0,0,1
2017-06-23,MSFT,71.21,True,False,70.7325,68.49083333333333,1,0,1,0.5721650226116137,1,0,1,0
2017-06-23,NFLX,158.02,True,False,158.5265,153.76783333333333,1,0,1,0.5860833872684793,1,0,1,0
2017-06-23,XOM,81.61,False,True,81.5625,81.91616666666667,0,1,1,0.624042804433226,1,0,0,1
2017-06-26,AAPL,145.82,True,False,149.07299999999998,148.0425,1,0,1,0.5907775165355831,1,0,1,0
2017-06-26,AMZN,993.98,True,False,993.5024999999999,951.4571666666667,1,0,1,0.6297851254191144,1,0,1,0
2017-06-26,BAC,22.89,False,True,23.0865,23.279166666666665,0,1,1,0.6511164998344068,1,0,0,1
2017-06-26,C,63.78,False,False,63.04599999999999,61.00433333333333,1,0,1,0.5431679988549311,0,0,0,0
2017-06-26,FB,153.59,True,False,152.1875,148.39083333333335,1,0,1,0.6031748587963865,1,0,1,0
2017-06-26,GE,27.61,False,True,28.046000000000003,28.722166666666666,0,1,1,0.6562055409950596,1,0,0,1
2017-06-26,GOOG,952.27,True,False,961.4705,913.6593333333333,1,0,1,0.6761023690197381,1,0,1,0
2017-06-26,GOOGL,972.09,True,False,981.043,933.46625,1,0,1,0.6678112633201362,1,0,1,0
2017-06-26,JPM,87.24,False,True,85.562,86.05633333333334,0,1,1,0.4725025292683744,0,0,0,1
2017-06-26,MSFT,70.53,True,False,70.761,68.57116666666666,1,0,1,0.6227582642295525,1,0,1,0
2017-06-26,NFLX,157.5,True,False,158.28,153.92516666666668,1,0,1,0.5743430448712973,1,0,1,0
2017-06-26,XOM,81.24,False,True,81.547,81.87516666666666,0,1,1,0.646466744579129,1,0,0,1
2017-06-27,AAPL,143.73,True,False,148.576,148.04366666666667,1,0,1,0.6108305328210724,1,0,1,0
2017-06-27,AMZN,976.78,True,False,992.5064999999998,952.9611666666666,1,0,1,0.6953893828812587,1,0,1,0
2017-06-27,BAC,23.27,False,True,23.104499999999998,23.273833333333336,0,1,1,0.6228806984402008,1,0,0,1
2017-06-27,C,64.23,True,False,63.1755,61.077833333333324,1,0,1,0.5635136809164771,1,0,1,0
2017-06-27,FB,150.58,True,False,152.0975,148.533,1,0,1,0.673357900768639,1,0,1,0
2017-06-27,GE,27.21,False,True,28.0385,28.679,0,1,1,0.6619107776888477,1,0,0,1
2017-06-27,GOOG,927.33,True,False,959.043,915.2888333333334,1,0,1,0.8187348631912801,1,0,1,0
2017-06-27,GOOGL,948.09,True,False,978.6389999999999,935.13775,1,0,1,0.8018703784323182,1,0,1,0
2017-06-27,JPM,88.05,False,True,85.7695,86.05983333333333,0,1,1,0.5561278484181301,1,0,0,1
2017-06-27,MSFT,69.21,True,False,70.701,68.627,1,0,1,0.6583891674292175,1,0,1,0
2017-06-27,NFLX,151.03,True,False,157.6705,153.9788333333333,1,0,1,0.7458943170448734,1,0,1,0
2017-06-27,XOM,81.11,False,True,81.5475,81.86016666666667,0,1,1,0.6264354941492531,1,0,0,1
2017-06-28,AAPL,145.83,True,False,148.2295,148.07916666666668,1,0,1,0.621183218066515,1,0,1,0
2017-06-28,AMZN,990.33,True,False,992.292,954.6081666666666,1,0,1,0.5746854189721984,1,0,1,0
2017-06-28,BAC,23.88,False,True,23.178,23.278666666666666,0,1,1,0.5659949063920903,1,0,0,1
2017-06-28,C,65.18,True,False,63.40749999999999,61.1695,1,0,1,0.5561350453549121,1,0,1,0
2017-06-28,FB,153.24,True,False,152.18650000000002,148.71566666666666,1,0,1,0.6308566337629719,1,0,1,0
2017-06-28,GE,27.08,False,True,28.023500000000002,28.63233333333333,0,1,1,0.610960497615465,1,0,0,1
2017-06-28,GOOG,940.49,True,False,957.8245000000001,916.9878333333332,1,0,1,0.6520346007469918,1,0,1,0
2017-06-28,GOOGL,961.01,True,False,977.335,936.8754166666666,1,0,1,0.65269670493054,1,0,1,0
2017-06-28,JPM,89.82,True,False,86.15299999999999,86.09816666666666,1,0,1,0.5900869796822372,1,0,1,0
2017-06-28,MSFT,69.8,True,False,70.699,68.69783333333334,1,0,1,0.6154728496190102,1,0,1,0
2017-06-28,NFLX,153.41,True,False,157.1875,154.08700000000002,1,0,1,0.6458177830915456,1,0,1,0
2017-06-28,XOM,81.53,False,True,81.599,81.85116666666666,0,1,1,0.5815729557759726,1,0,0,1
2017-06-29,AAPL,143.68,False,True,147.7545,148.061,0,1,1,0.6343371460571797,1,0,0,1
2017-06-29,AMZN,975.93,True,False,991.2909999999999,955.7598333333333,1,0,1,0.7247514696943073,1,0,1,0
2017-06-29,BAC,24.32,False,True,23.2625,23.293333333333333,0,1,1,0.43754327803631843,0,1,0,1
2017-06-29,C,66.98,False,False,63.7025,61.29116666666667,1,0,0,0.5865648971902986,1,0,0,0
2017-06-29,FB,151.04,True,False,152.162,148.87083333333334,1,0,1,0.6521487971150849,1,0,1,0
2017-06-29,GE,27.02,False,True,27.9885,28.582333333333334,0,1,1,0.5775252667648033,1,0,0,1
2017-06-29,GOOG,917.79,True,False,955.3665000000001,918.3748333333333,1,0,1,0.8742054088114172,1,0,1,0
2017-06-29,GOOGL,937.82,True,False,974.8115000000001,938.29625,1,0,1,0.8689368330396889,1,0,1,0
2017-06-29,JPM,91.15,False,True,86.55749999999999,86.16216666666668,1,0,0,0.4374025962111645,0,1,0,1
2017-06-29,MSFT,68.49,True,False,70.6185,68.74383333333334,1,0,1,0.6891362618666262,1,0,1,0
2017-06-29,NFLX,150.09,True,False,156.5425,154.1635,1,0,1,0.7355228604195155,1,0,1,0
2017-06-29,XOM,80.7,False,True,81.599,81.82333333333332,0,1,1,0.5689391608917943,1,0,0,1
2017-06-30,AAPL,144.02,False,True,147.183,148.061,0,1,1,0.6142738908928534,1,0,0,1
2017-06-30,AMZN,968.0,True,False,989.3545,956.7384999999999,1,0,1,0.7219220886030915,1,0,1,0
2017-06-30,BAC,24.26,True,False,23.353,23.311500000000002,1,0,1,0.5577068657784495,1,0,1,0
2017-06-30,C,66.88,False,False,63.99100000000001,61.412666666666674,1,0,0,0.5907727085661069,1,0,0,0
2017-06-30,FB,150.98,True,False,152.0305,149.02300000000002,1,0,1,0.6522727903197426,1,0,1,0
2017-06-30,GE,27.01,False,True,27.945,28.533,0,1,1,0.6055098871597835,1,0,0,1
2017-06-30,GOOG,908.73,True,False,952.0230000000001,919.6635000000001,1,0,1,0.8044564383218259,1,0,1,0
2017-06-30,GOOGL,929.68,True,False,971.4895,939.6424166666668,1,0,1,0.8086996082586811,1,0,1,0
2017-06-30,JPM,91.4,False,False,86.9955,86.249,1,0,0,0.5634574380711228,1,0,0,0
2017-06-30,MSFT,68.93,True,False,70.477,68.8,1,0,1,0.6389021197342202,1,0,1,0
2017-06-30,NFLX,149.41,True,False,155.754,154.26000000000002,1,0,1,0.7011011721650678,1,0,1,0
2017-06-30,XOM,80.73,False,True,81.6605,81.79333333333334,0,1,1,0.5879838050769993,1,0,0,1
2017-07-03,AAPL,143.5,False,True,146.6615,148.05833333333334,0,1,1,0.630186696705281,1,0,0,1
2017-07-03,AMZN,953.66,True,False,986.4705,957.6615,1,0,1,0.7484195469277339,1,0,1,0
2017-07-03,BAC,24.68,True,False,23.466500000000003,23.335166666666666,1,0,1,0.5839295415207906,1,0,1,0
2017-07-03,C,68.26,False,False,64.34150000000001,61.55216666666667,1,0,0,0.6035385094759116,1,0,0,0
2017-07-03,FB,148.43,True,False,151.7705,149.14400000000003,1,0,1,0.6930465889333493,1,0,1,0
2017-07-03,GE,27.45,False,True,27.9185,28.491666666666667,0,1,1,0.6233474124954452,1,0,0,1
2017-07-03,GOOG,898.7,True,False,947.7740000000001,920.8438333333332,1,0,1,0.757023079974274,1,0,1,0
2017-07-03,GOOGL,919.46,True,False,967.2685000000001,940.8818333333334,1,0,1,0.7528437562806133,1,0,1,0
2017-07-03,JPM,92.75,False,False,87.49350000000001,86.3535,1,0,0,0.5866200860584818,1,0,0,0
2017-07-03,MSFT,68.17,True,False,70.2715,68.84066666666668,1,0,1,0.6663656253344258,1,0,1,0
2017-07-03,NFLX,146.17,True,False,154.8095,154.30049999999997,1,0,1,0.7759831390905942,1,0,1,0
2017-07-03,XOM,82.1,False,True,81.75949999999999,81.77816666666666,0,1,1,0.6163961931051759,1,0,0,1
2017-07-05,AAPL,144.09,False,True,146.14350000000002,148.07083333333333,0,1,1,0.5821345412450609,1,0,0,1
2017-07-05,AMZN,971.4,True,False,984.8904999999999,958.9368333333333,1,0,1,0.5616550758494285,1,0,1,0
2017-07-05,BAC,24.92,True,False,23.601,23.3645,1,0,1,0.5747286746236737,1,0,1,0
2017-07-05,C,68.45,False,False,64.7135,61.70249999999999,1,0,0,0.58993650119875,1,0,0,0
2017-07-05,FB,150.34,True,False,151.647,149.30333333333334,1,0,1,0.5785168824503922,1,0,1,0
2017-07-05,GE,27.35,False,True,27.889499999999998,28.44766666666667,0,1,1,0.5742465957420155,1,0,0,1
2017-07-05,GOOG,911.71,True,False,944.5310000000002,922.2945,1,0,1,0.6424701750176545,1,0,1,0
2017-07-05,GOOGL,932.26,True,False,964.0475,942.3845,1,0,1,0.6564653571098749,1,0,1,0
2017-07-05,JPM,93.68,False,False,88.02950000000001,86.4785,1,0,0,0.5769633500386061,1,0,0,0
2017-07-05,MSFT,69.08,True,False,70.0995,68.89733333333334,1,0,1,0.6088667670375442,1,0,1,0
2017-07-05,NFLX,147.61,False,True,153.9315,154.3755,0,1,1,0.6450788559898206,1,0,0,1
2017-07-05,XOM,80.85,False,True,81.7415,81.74633333333333,0,1,1,0.6307849530854498,1,0,0,1
2017-07-06,AAPL,142.73,False,True,145.5115,148.0635,0,1,1,0.6231368233209166,1,0,0,1
2017-07-06,AMZN,965.14,True,False,982.644,959.9051666666668,1,0,1,0.6644066678656111,1,0,1,0
2017-07-06,BAC,24.71,True,False,23.7065,23.392666666666667,1,0,1,0.6186065179421415,1,0,1,0
2017-07-06,C,67.63,False,False,65.001,61.84166666666667,1,0,0,0.6293007680242311,1,0,0,0
2017-07-06,FB,148.82,True,False,151.432,149.433,1,0,1,0.6715648512687452,1,0,1,0
2017-07-06,GE,26.31,False,True,27.820999999999998,28.386000000000003,0,1,1,0.7763355878742343,1,0,0,1
2017-07-06,GOOG,906.69,True,False,940.8115,923.6605000000001,1,0,1,0.6360870180593146,1,0,1,0
2017-07-06,GOOGL,927.69,True,False,960.3525000000002,943.8176666666666,1,0,1,0.716506277672712,1,0,1,0
2017-07-06,JPM,93.38,False,False,88.503,86.6035,1,0,0,0.5923633774327427,1,0,0,0
2017-07-06,MSFT,68.57,True,False,69.90849999999999,68.94800000000001,1,0,1,0.6337596184369323,1,0,1,0
2017-07-06,NFLX,146.25,False,True,152.9635,154.4155,0,1,1,0.6963245116441987,1,0,0,1
2017-07-06,XOM,80.12,True,False,81.702,81.69616666666666,1,0,1,0.6247675977541599,1,0,1,0
2017-07-07,AAPL,144.18,False,True,144.971,148.10599999999997,0,1,1,0.5941784559285221,1,0,0,1
2017-07-07,AMZN,978.76,True,False,981.0685,961.1785,1,0,1,0.5534928554458304,1,0,1,0
2017-07-07,BAC,24.83,False,False,23.799500000000002,23.424500000000002,1,0,1,0.5202152676933011,0,0,0,0
2017-07-07,C,67.91,False,False,65.236,61.98966666666667,1,0,0,0.5275557599543099,0,0,0,0
2017-07-07,FB,151.44,True,False,151.2685,149.625,1,0,1,0.57647929571705,1,0,1,0
2017-07-07,GE,26.15,False,True,27.749000000000002,28.321166666666667,0,1,1,0.5855029594103971,1,0,0,1
2017-07-07,GOOG,918.59,True,False,937.5705,925.2478333333332,1,0,1,0.6163800508683198,1,0,1,0
2017-07-07,GOOGL,940.81,True,False,957.1789999999999,945.4998333333333,1,0,1,0.5922979220293801,1,0,1,0
2017-07-07,JPM,93.85,False,False,88.948,86.73883333333333,1,0,0,0.5492220921254869,0,0,0,0
2017-07-07,MSFT,69.46,True,False,69.784,69.01433333333333,1,0,1,0.5572969956452939,1,0,1,0
2017-07-07,NFLX,150.18,False,True,152.1785,154.51266666666666,0,1,1,0.6463130045582074,1,0,0,1
2017-07-07,XOM,80.22,True,False,81.68199999999999,81.6525,1,0,1,0.5907646869908286,1,0,1,0
2017-07-10,AAPL,145.06,False,True,144.775,148.16033333333334,0,1,1,0.5816386856017245,1,0,0,1
2017-07-10,AMZN,996.47,True,False,981.9765000000001,962.8491666666666,1,0,1,0.6240937164326792,1,0,1,0
2017-07-10,BAC,24.89,False,False,23.8605,23.461833333333335,1,0,1,0.5382498997032996,0,0,0,0
2017-07-10,C,67.65,False,False,65.39599999999999,62.142,1,0,1,0.5065765381799591,0,0,0,0
2017-07-10,FB,153.5,True,False,151.4635,149.857,1,0,1,0.566887865418519,1,0,1,0
2017-07-10,GE,26.04,False,True,27.653999999999996,28.259,0,1,1,0.5821527733611268,1,0,0,1
2017-07-10,GOOG,928.8,True,False,936.5189999999999,926.9891666666666,1,0,1,0.5772224990367897,1,0,1,0
2017-07-10,GOOGL,951.0,True,False,956.223,947.3255,1,0,1,0.5839508417145564,1,0,1,0
2017-07-10,JPM,93.19,False,False,89.2595,86.86866666666667,1,0,0,0.5557054188575832,1,0,0,0
2017-07-10,MSFT,69.98,False,False,69.767,69.09349999999999,1,0,1,0.5258957729989215,0,0,0,0
2017-07-10,NFLX,152.67,False,True,151.9105,154.66,0,1,1,0.6079542635781976,1,0,0,1
2017-07-10,XOM,80.16,False,True,81.5835,81.60566666666666,0,1,1,0.6020914081314875,1,0,0,1
2017-07-11,AAPL,145.53,False,True,144.78050000000002,148.235,0,1,1,0.5457059493778507,0,0,0,1
2017-07-11,AMZN,994.13,True,False,983.4375,964.6735,1,0,1,0.6243324408113934,1,0,1,0
2017-07-11,BAC,24.6,True,False,23.901500000000002,23.4995,1,0,1,0.6003130342614716,1,0,1,0
2017-07-11,C,66.82,True,False,65.52099999999999,62.288333333333334,1,0,1,0.6292873310399342,1,0,1,0
2017-07-11,FB,155.27,True,False,151.805,150.12166666666664,1,0,1,0.6012040618883919,1,0,1,0
2017-07-11,GE,26.38,False,True,27.526,28.206,0,1,1,0.6628731085636451,1,0,0,1
2017-07-11,GOOG,930.09,True,False,935.8785,928.7646666666666,1,0,1,0.6168927529270167,1,0,1,0
2017-07-11,GOOGL,953.53,True,False,955.809,949.2146666666667,1,0,1,0.6226773020102332,1,0,1,0
2017-07-11,JPM,92.83,False,False,89.55199999999999,87.00916666666667,1,0,1,0.5056031970781828,0,0,0,0
2017-07-11,MSFT,69.99,True,False,69.7775,69.17750000000001,1,0,1,0.5723471797541376,1,0,1,0
2017-07-11,NFLX,154.33,False,True,152.055,154.85016666666667,0,1,1,0.5962450100560304,1,0,0,1
2017-07-11,XOM,80.6,False,True,81.467,81.5875,0,1,1,0.630539600082531,1,0,0,1
2017-07-12,AAPL,145.74,False,True,144.738,148.30016666666668,0,1,1,0.5599373373781585,1,0,0,1
2017-07-12,AMZN,1006.51,False,False,984.7235000000001,966.4155,1,0,1,0.5168572351681281,0,0,0,0
2017-07-12,BAC,24.35,True,False,23.9305,23.525166666666667,1,0,1,0.6469219290602185,1,0,1,0
2017-07-12,C,66.92,False,False,65.63250000000001,62.4205,1,0,1,0.5431085667808736,0,0,0,0
2017-07-12,FB,158.9,True,False,152.216,150.413,1,0,1,0.5555011717985154,1,0,1,0
2017-07-12,GE,26.58,False,True,27.432499999999997,28.155000000000005,0,1,1,0.6091866862891774,1,0,0,1
2017-07-12,GOOG,943.83,True,False,935.4,930.5423333333333,1,0,1,0.5896036975151301,1,0,1,0
2017-07-12,GOOGL,967.66,True,False,955.667,951.0901666666666,1,0,1,0.565293093682688,1,0,1,0
2017-07-12,JPM,92.51,False,False,89.81400000000001,87.12000000000002,1,0,1,0.49340302571165373,0,0,0,0
2017-07-12,MSFT,71.15,True,False,69.8025,69.27199999999999,1,0,1,0.5814675090745374,1,0,1,0
2017-07-12,NFLX,158.75,False,True,152.3565,155.04183333333333,0,1,1,0.529448107152694,0,0,0,1
2017-07-12,XOM,80.96,False,True,81.36699999999999,81.57716666666666,0,1,1,0.57995691947611,1,0,0,1
2017-07-13,AAPL,147.77,False,True,144.86849999999998,148.40966666666665,0,1,1,0.5356127139433895,0,0,0,1
2017-07-13,AMZN,1000.63,False,False,985.9315,968.0296666666668,1,0,1,0.49052158561136683,0,0,0,0
2017-07-13,BAC,24.62,False,False,23.973499999999998,23.557000000000002,1,0,1,0.4993786868760149,0,0,0,0
2017-07-13,C,67.02,True,False,65.7475,62.563833333333335,1,0,1,0.5502854356655372,1,0,1,0
2017-07-13,FB,159.26,True,False,152.66649999999998,150.718,1,0,1,0.5767693414950702,1,0,1,0
2017-07-13,GE,26.79,False,True,27.3375,28.104166666666668,0,1,1,0.5620485438112617,1,0,0,1
2017-07-13,GOOG,947.16,False,False,935.22,932.3813333333334,1,0,1,0.5190928360100805,0,0,0,0
2017-07-13,GOOGL,968.85,False,False,955.7130000000001,953.0044999999999,1,0,1,0.49675134359869766,0,0,0,0
2017-07-13,JPM,93.1,False,False,90.11449999999999,87.25233333333334,1,0,1,0.4869954144041407,0,0,0,0
2017-07-13,MSFT,71.77,True,False,69.87750000000001,69.37833333333333,1,0,1,0.5755435625911449,1,0,1,0
2017-07-13,NFLX,158.21,False,True,152.65699999999998,155.28933333333333,0,1,1,0.46195498154936443,0,0,0,1
2017-07-13,XOM,80.97,False,True,81.312,81.57583333333334,0,1,1,0.5473954865719666,0,0,0,1
2017-07-14,AAPL,149.04,False,True,145.106,148.549,0,1,1,0.5573963770098397,1,0,0,1
2017-07-14,AMZN,1001.81,False,False,987.8135,969.7398333333333,1,0,1,0.48252593240778135,0,0,0,0
2017-07-14,BAC,24.21,True,False,24.007,23.581500000000002,1,0,1,0.6769752844242602,1,0,1,0
2017-07-14,C,66.72,True,False,65.8785,62.71366666666666,1,0,1,0.6196008659030022,1,0,1,0
2017-07-14,FB,159.97,False,False,153.175,151.013,1,0,1,0.5370336158157272,0,0,0,0
2017-07-14,GE,26.78,False,True,27.2295,28.0505,0,1,1,0.5217420489053614,0,0,0,1
2017-07-14,GOOG,955.99,True,False,935.9039999999999,934.3443333333333,1,0,1,0.5622788858503448,1,0,1,0
2017-07-14,GOOGL,976.91,True,False,956.5495000000001,955.0111666666667,1,0,1,0.555071612098237,1,0,1,0
2017-07-14,JPM,92.25,True,False,90.3985,87.38216666666668,1,0,1,0.5983431771611009,1,0,1,0
2017-07-14,MSFT,72.78,True,False,70.0215,69.50733333333332,1,0,1,0.5537283872625718,1,0,1,0
2017-07-14,NFLX,161.12,False,True,153.125,155.64533333333333,0,1,1,0.5358531972673459,0,0,0,1
2017-07-14,XOM,81.28,False,True,81.263,81.589,0,1,1,0.5549756458497678,1,0,0,1
2017-07-17,AAPL,149.56,False,True,145.4705,148.66766666666666,0,1,1,0.5195154832728504,0,0,0,1
2017-07-17,AMZN,1010.04,True,False,988.93,971.5395000000001,1,0,1,0.5578303793127237,1,0,1,0
2017-07-17,BAC,24.02,True,False,24.0365,23.59733333333333,1,0,1,0.6753288481376231,1,0,1,0
2017-07-17,C,66.83,True,False,66.0255,62.854,1,0,1,0.5567369138266287,1,0,1,0
2017-07-17,FB,159.73,False,False,153.6295,151.27849999999998,1,0,1,0.5300303168145465,0,0,0,0
2017-07-17,GE,26.82,False,True,27.1205,27.993,0,1,1,0.5354286295957783,0,0,0,1
2017-07-17,GOOG,953.42,False,False,936.586,936.2071666666667,1,0,1,0.5106722218392977,0,0,0,0
2017-07-17,GOOGL,975.96,False,False,957.4164999999999,956.9425,1,0,1,0.5311657417502462,0,0,0,0
2017-07-17,JPM,91.39,True,False,90.65899999999999,87.4795,1,0,1,0.6413334591083549,1,0,1,0
2017-07-17,MSFT,73.35,True,False,70.189,69.63816666666666,1,0,1,0.5574991491944908,1,0,1,0
2017-07-17,NFLX,161.7,False,True,153.591,155.98733333333334,0,1,1,0.33848849778810064,0,1,0,1
2017-07-17,XOM,80.86,False,True,81.13149999999999,81.58650000000002,0,1,1,0.5798257297915265,1,0,0,1
2017-07-18,AAPL,150.08,False,True,145.6575,148.79783333333336,0,1,1,0.5232350427212835,0,0,0,1
2017-07-18,AMZN,1024.45,True,False,990.394,973.6381666666667,1,0,1,0.6227416812079751,1,0,1,0
2017-07-18,BAC,23.9,True,False,24.035999999999998,23.617166666666666,1,0,1,0.6101000444629666,1,0,1,0
2017-07-18,C,66.89,True,False,66.146,63.00683333333334,1,0,1,0.5613783524378345,1,0,1,0
2017-07-18,FB,162.86,False,False,154.12900000000002,151.59816666666669,1,0,0,0.5652098895761319,1,0,0,0
2017-07-18,GE,26.89,False,True,27.025,27.948666666666668,0,1,1,0.539540026475191,0,0,0,1
2017-07-18,GOOG,965.4,False,True,936.9875,938.244,0,1,1,0.7086655313930564,1,0,0,1
2017-07-18,GOOGL,986.95,False,True,958.003,959.0758333333332,0,1,1,0.7103404969923849,1,0,0,1
2017-07-18,JPM,91.07,True,False,90.809,87.58866666666667,1,0,1,0.630856544701883,1,0,1,0
2017-07-18,MSFT,73.3,False,False,70.31049999999999,69.75316666666667,1,0,1,0.4703429645226751,0,0,0,0
2017-07-18,NFLX,183.6,False,True,155.101,156.66616666666667,0,1,0,0.9707101380488282,1,0,0,1
2017-07-18,XOM,80.6,False,True,81.0235,81.585,0,1,1,0.5978361544281391,1,0,0,1
2017-07-19,AAPL,151.02,False,True,145.95800000000003,148.92083333333332,0,1,1,0.530374370209607,0,0,0,1
2017-07-19,AMZN,1026.87,True,False,992.108,975.6291666666667,1,0,1,0.6583291461438593,1,0,1,0
2017-07-19,BAC,24.06,True,False,24.0645,23.624333333333333,1,0,1,0.6100712028444762,1,0,1,0
2017-07-19,C,66.7,True,False,66.2855,63.127833333333335,1,0,1,0.5613494641794193,1,0,1,0
2017-07-19,FB,164.14,False,False,154.7235,151.90933333333334,1,0,0,0.4740089894277024,0,0,0,0
2017-07-19,GE,26.94,False,True,26.965500000000002,27.905166666666666,0,1,1,0.5422522991276316,0,0,0,1
2017-07-19,GOOG,970.89,False,True,938.0005000000001,940.0461666666666,0,1,1,0.7056326265544784,1,0,0,1
2017-07-19,GOOGL,992.77,False,True,959.192,960.9731666666667,0,1,1,0.7194405942823996,1,0,0,1
2017-07-19,JPM,91.2,False,False,90.99300000000001,87.65033333333332,1,0,1,0.5393834139739573,0,0,0,0
2017-07-19,MSFT,73.86,True,False,70.50800000000001,69.85866666666666,1,0,1,0.5584626924432738,1,0,1,0
2017-07-19,NFLX,183.86,False,True,156.6915,157.33333333333334,0,1,0,0.48755439928858996,0,0,0,1
2017-07-19,XOM,80.85,False,True,80.9505,81.58066666666667,0,1,1,0.5959628032886514,1,0,0,1
2017-07-20,AAPL,150.34,False,True,146.18149999999997,149.01766666666668,0,1,1,0.5001818203384765,0,0,0,1
2017-07-20,AMZN,1028.7,True,False,993.4315,977.6471666666667,1,0,1,0.6580254512506766,1,0,1,0
2017-07-20,BAC,23.94,True,False,24.104999999999997,23.623666666666665,1,0,1,0.6612704797236857,1,0,1,0
2017-07-20,C,66.36,True,False,66.412,63.230333333333334,1,0,1,0.6055914725096339,1,0,1,0
2017-07-20,FB,164.53,False,False,155.25449999999998,152.21,1,0,0,0.5371037769958775,0,0,0,0
2017-07-20,GE,26.69,False,True,26.911,27.859166666666667,0,1,1,0.4994509156569057,0,0,0,1
2017-07-20,GOOG,968.15,False,True,938.4354999999999,941.6436666666667,0,1,1,0.64084448285009,1,0,0,1
2017-07-20,GOOGL,992.19,False,True,959.872,962.6956666666667,0,1,1,0.6827479618392279,1,0,0,1
2017-07-20,JPM,91.2,True,False,91.19699999999999,87.69933333333331,1,0,1,0.551233208482763,1,0,1,0
2017-07-20,MSFT,74.22,False,True,70.7055,69.96366666666668,1,0,0,0.3840793444977172,0,1,0,1
2017-07-20,NFLX,183.6,False,False,158.12,157.85733333333334,1,0,0,0.5174024384629333,0,0,0,0
2017-07-20,XOM,80.86,False,True,80.92150000000001,81.56616666666666,0,1,1,0.5907262179662844,1,0,0,1
2017-07-21,AAPL,150.27,False,True,146.4135,149.1275,0,1,1,0.5181998619167208,0,0,0,1
2017-07-21,AMZN,1025.67,False,False,994.65,979.5868333333333,1,0,1,0.544261857298013,0,0,0,0
2017-07-21,BAC,23.8,True,False,24.1485,23.62216666666667,1,0,1,0.6390273377988819,1,0,1,0
2017-07-21,C,66.0,True,False,66.53099999999999,63.32866666666667,1,0,1,0.6328844082115326,1,0,1,0
2017-07-21,FB,164.43,False,False,155.80599999999998,152.50783333333337,1,0,0,0.5177425367281446,0,0,0,0
2017-07-21,GE,25.91,False,True,26.829,27.803333333333335,0,1,1,0.6421571914083989,1,0,0,1
2017-07-21,GOOG,972.92,False,True,939.2270000000001,943.3301666666666,0,1,1,0.7194474744743552,1,0,0,1
2017-07-21,GOOGL,993.84,False,True,960.733,964.4406666666667,0,1,1,0.7112123605992351,1,0,0,1
2017-07-21,JPM,90.89,True,False,91.3905,87.74033333333334,1,0,1,0.5857042733543502,1,0,1,0
2017-07-21,MSFT,73.79,False,True,70.882,70.063,1,0,1,0.4109655698072319,0,1,0,1
2017-07-21,NFLX,188.54,False,False,159.8025,158.4968333333333,1,0,0,0.5999478452277515,1,0,0,0
2017-07-21,XOM,80.12,False,True,80.8735,81.54483333333334,0,1,1,0.594009469924016,1,0,0,1
2017-07-24,AAPL,152.09,False,True,146.704,149.26583333333332,0,1,1,0.5536257855643847,1,0,0,1
2017-07-24,AMZN,1038.95,True,False,996.4105,981.5963333333333,1,0,1,0.7366428827169645,1,0,1,0
2017-07-24,BAC,23.91,False,False,24.203,23.6265,1,0,1,0.5401384777010891,0,0,0,0
2017-07-24,C,66.1,True,False,66.66550000000001,63.4405,1,0,1,0.582549279908663,1,0,1,0
2017-07-24,FB,166.0,False,False,156.35250000000002,152.81283333333334,1,0,0,0.5535832043572962,1,0,0,0
2017-07-24,GE,25.43,False,True,26.722,27.742500000000003,0,1,1,0.7121914888244597,1,0,0,1
2017-07-24,GOOG,980.34,False,True,939.9645,945.0983333333334,0,1,1,0.6276868764494314,1,0,0,1
2017-07-24,GOOGL,998.31,False,True,961.344,966.2218333333333,0,1,1,0.5865236772501121,1,0,0,1
2017-07-24,JPM,91.28,False,False,91.6115,87.80149999999999,1,0,1,0.517622314748556,0,0,0,0
2017-07-24,MSFT,73.6,False,False,71.0015,70.15183333333333,1,0,1,0.5432928745363439,0,0,0,0
2017-07-24,NFLX,187.91,False,False,161.297,159.07733333333334,1,0,0,0.5155534121108974,0,0,0,0
2017-07-24,XOM,79.87,False,True,80.7865,81.52166666666668,0,1,1,0.5708480884587844,1,0,0,1
2017-07-25,AAPL,152.74,False,True,147.05,149.41733333333332,0,1,1,0.49423772369472246,0,0,0,1
2017-07-25,AMZN,1039.87,False,False,998.7049999999999,983.511,1,0,1,0.513436417039576,0,0,0,0
2017-07-25,BAC,24.48,True,False,24.2825,23.645500000000002,1,0,1,0.6131186439478736,1,0,1,0
2017-07-25,C,68.03,True,False,66.87800000000001,63.589000000000006,1,0,1,0.6668273777242844,1,0,1,0
2017-07-25,FB,165.28,False,False,156.93699999999998,153.06333333333333,1,0,0,0.5218961019063748,0,0,0,0
2017-07-25,GE,25.44,False,True,26.6135,27.683333333333334,0,1,1,0.6644351478316564,1,0,0,1
2017-07-25,GOOG,950.7,False,True,939.8859999999999,945.8439999999999,0,1,1,0.5557570506821222,1,0,0,1
2017-07-25,GOOGL,969.03,False,True,961.191,966.9636666666667,0,1,1,0.530321561899452,0,0,0,1
2017-07-25,JPM,92.8,True,False,91.8895,87.89816666666665,1,0,1,0.5738676323271866,1,0,1,0
2017-07-25,MSFT,74.19,True,False,71.1845,70.24733333333333,1,0,1,0.5619394869039904,1,0,1,0
2017-07-25,NFLX,186.97,False,False,162.7705,159.65683333333334,1,0,0,0.48846670868070563,0,0,0,0
2017-07-25,XOM,80.27,False,True,80.738,81.49866666666667,0,1,1,0.5762967645892991,1,0,0,1
2017-07-26,AAPL,153.46,False,True,147.53650000000002,149.532,0,1,1,0.43954916510550823,0,1,0,1
2017-07-26,AMZN,1052.8,False,False,1002.5060000000001,985.2538333333334,1,0,0,0.7607029432949088,1,0,0,0
2017-07-26,BAC,24.21,True,False,24.329500000000003,23.6555,1,0,1,0.610746664904787,1,0,1,0
2017-07-26,C,67.98,True,False,67.06550000000001,63.731,1,0,1,0.5917667096647966,1,0,1,0
2017-07-26,FB,165.61,False,True,157.6885,153.2825,1,0,0,0.4426816281478779,0,1,0,1
2017-07-26,GE,25.59,False,True,26.5325,27.6275,0,1,1,0.6698638250720721,1,0,0,1
2017-07-26,GOOG,947.8,False,True,940.9095000000001,946.4311666666667,0,1,1,0.6043091447497287,1,0,0,1
2017-07-26,GOOGL,965.31,False,True,962.052,967.5051666666667,0,1,1,0.6296368109071773,1,0,0,1
2017-07-26,JPM,91.93,True,False,92.0835,87.97933333333334,1,0,1,0.5948456241575681,1,0,1,0
2017-07-26,MSFT,74.05,False,False,71.4265,70.32466666666667,1,0,1,0.4877829710825668,0,0,0,0
2017-07-26,NFLX,189.08,False,False,164.673,160.219,1,0,0,0.6211444647275931,1,0,0,0
2017-07-26,XOM,80.37,False,True,80.701,81.47049999999999,0,1,1,0.5885951376701252,1,0,0,1
2017-07-27,AAPL,150.56,False,True,147.773,149.58283333333333,0,1,1,0.5127949557860101,0,0,0,1
2017-07-27,AMZN,1046.0,False,True,1005.2895000000001,986.9048333333334,1,0,1,0.42673261590666145,0,1,0,1
2017-07-27,BAC,24.11,True,False,24.341,23.665166666666668,1,0,1,0.5882422395982916,1,0,1,0
2017-07-27,C,67.6,False,False,67.1865,63.8625,1,0,1,0.5482870488019477,0,0,0,0
2017-07-27,FB,170.44,False,False,158.5485,153.57683333333335,1,0,0,0.6294839014339333,1,0,0,0
2017-07-27,GE,25.79,False,True,26.468,27.574166666666667,0,1,1,0.6340135511114653,1,0,0,1
2017-07-27,GOOG,934.09,False,True,940.5895,946.7253333333333,0,1,1,0.6956966814306144,1,0,0,1
2017-07-27,GOOGL,952.51,False,True,961.6269999999998,967.7621666666668,0,1,1,0.731507505567272,1,0,0,1
2017-07-27,JPM,91.55,True,False,92.16999999999999,88.0635,1,0,1,0.6016633940284158,1,0,1,0
2017-07-27,MSFT,73.16,True,False,71.59450000000001,70.389,1,0,1,0.6076400639743662,1,0,1,0
2017-07-27,NFLX,182.68,True,False,166.1365,160.65616666666668,1,0,1,0.6457495372092912,1,0,1,0
2017-07-27,XOM,80.83,False,True,80.66600000000001,81.45016666666666,0,1,1,0.5776174615746277,1,0,0,1
2017-07-28,AAPL,149.5,False,True,148.06400000000002,149.6235,0,1,1,0.6070757811818819,1,0,0,1
2017-07-28,AMZN,1020.04,True,False,1007.4949999999999,988.2216666666667,1,0,1,0.5832344976610945,1,0,1,0
2017-07-28,BAC,24.03,False,False,24.3265,23.669500000000003,1,0,1,0.5492722805023701,0,0,0,0
2017-07-28,C,67.43,True,False,67.209,63.98233333333334,1,0,1,0.5691598904327523,1,0,1,0
2017-07-28,FB,172.45,False,False,159.61899999999997,153.921,1,0,0,0.5697107144963616,1,0,0,0
2017-07-28,GE,25.53,False,True,26.3935,27.5125,0,1,1,0.5964814319885542,1,0,0,1
2017-07-28,GOOG,941.53,False,True,941.7764999999999,946.9668333333334,0,1,1,0.6633413910008366,1,0,0,1
2017-07-28,GOOGL,958.33,False,True,962.6524999999999,967.9268333333333,0,1,1,0.6486488717025313,1,0,0,1
2017-07-28,JPM,91.28,False,False,92.1765,88.13483333333333,1,0,1,0.5305984499125003,0,0,0,0
2017-07-28,MSFT,73.04,True,False,71.822,70.455,1,0,1,0.562610019516256,1,0,1,0
2017-07-28,NFLX,184.04,False,False,167.834,161.13033333333334,1,0,1,0.5007396040314726,0,0,0,0
2017-07-28,XOM,79.6,False,True,80.611,81.3985,0,1,1,0.37878149715163667,0,1,0,1
2017-07-31,AAPL,148.73,False,True,148.29950000000002,149.66016666666664,0,1,1,0.6500123370323169,1,0,0,1
2017-07-31,AMZN,987.78,True,False,1008.484,989.0591666666667,1,0,1,0.8370069697445272,1,0,1,0
2017-07-31,BAC,24.12,True,False,24.319499999999998,23.674,1,0,1,0.5630238910018736,1,0,1,0
2017-07-31,C,68.45,False,False,67.2875,64.11966666666667,1,0,1,0.5465012901150182,0,0,0,0
2017-07-31,FB,169.25,True,False,160.53249999999997,154.22766666666666,1,0,1,0.6156356929582123,1,0,1,0
2017-07-31,GE,25.61,False,True,26.323500000000003,27.452666666666666,0,1,1,0.5535517516494016,1,0,0,1
2017-07-31,GOOG,930.5,False,True,942.865,946.9475,0,1,1,0.7763382225788309,1,0,0,1
2017-07-31,GOOGL,945.5,False,True,963.4435,967.7731666666666,0,1,1,0.7930326005649492,1,0,0,1
2017-07-31,JPM,91.8,False,False,92.19649999999999,88.21316666666667,1,0,1,0.5325254495368512,0,0,0,0
2017-07-31,MSFT,72.7,True,False,72.01050000000001,70.51983333333332,1,0,1,0.623908753597685,1,0,1,0
2017-07-31,NFLX,181.66,True,False,169.4465,161.53716666666665,1,0,1,0.5710053438430606,1,0,1,0
2017-07-31,XOM,80.04,False,True,80.5765,81.37183333333334,0,1,1,0.5402287753940015,0,0,0,1
2017-08-01,AAPL,158.59,False,True,149.054,149.82066666666665,0,1,1,0.840346091791713,1,0,0,1
2017-08-01,AMZN,992.27,True,False,1010.4145000000001,990.0278333333333,1,0,1,0.6292408485608008,1,0,1,0
2017-08-01,BAC,24.96,True,False,24.333499999999997,23.694333333333336,1,0,1,0.701478486744452,1,0,1,0
2017-08-01,C,69.6,False,False,67.3545,64.27566666666667,1,0,0,0.5723047421129305,1,0,0,0
2017-08-01,FB,169.86,False,False,161.60399999999998,154.5546666666667,1,0,0,0.5469666740690368,0,0,0,0
2017-08-01,GE,25.44,False,True,26.223000000000003,27.389666666666663,0,1,1,0.5198511520768988,0,0,0,1
2017-08-01,GOOG,930.83,False,True,944.4714999999999,947.0091666666667,0,1,1,0.6254760355481488,1,0,0,1
2017-08-01,GOOGL,946.56,False,True,964.7984999999999,967.7111666666667,0,1,1,0.6161317452509327,1,0,0,1
2017-08-01,JPM,93.03,True,False,92.2105,88.31366666666666,1,0,1,0.5672646199271261,1,0,1,0
2017-08-01,MSFT,72.58,True,False,72.231,70.5795,1,0,1,0.6202569154196165,1,0,1,0
2017-08-01,NFLX,182.03,False,False,171.2395,161.96099999999998,1,0,1,0.48170987870886306,0,0,0,0
2017-08-01,XOM,80.17,False,True,80.48,81.341,0,1,1,0.588666711643168,1,0,0,1
2017-08-02,AAPL,157.14,False,True,149.7065,149.88950000000003,0,1,1,0.3373290100262945,0,1,0,1
2017-08-02,AMZN,995.89,True,False,1011.6390000000001,990.8086666666667,1,0,1,0.6867928207791386,1,0,1,0
2017-08-02,BAC,24.59,True,False,24.317,23.704833333333333,1,0,1,0.6010450303045566,1,0,1,0
2017-08-02,C,69.42,True,False,67.403,64.42433333333334,1,0,1,0.5808226636545427,1,0,1,0
2017-08-02,FB,169.3,True,False,162.552,154.85866666666666,1,0,1,0.5636828391815717,1,0,1,0
2017-08-02,GE,25.52,False,True,26.1315,27.330499999999997,0,1,1,0.5690679716308581,1,0,0,1
2017-08-02,GOOG,930.39,False,True,945.4055000000001,946.944,0,1,1,0.6681955568416955,1,0,0,1
2017-08-02,GOOGL,947.64,False,True,965.5675000000001,967.527,0,1,1,0.6609295413919133,1,0,0,1
2017-08-02,JPM,93.11,False,False,92.182,88.41383333333333,1,0,1,0.5130382120383764,0,0,0,0
2017-08-02,MSFT,72.26,True,False,72.39,70.63483333333333,1,0,1,0.6463227024126837,1,0,1,0
2017-08-02,NFLX,180.74,True,False,172.89600000000002,162.36700000000002,1,0,1,0.5983940599194119,1,0,1,0
2017-08-02,XOM,80.6,False,True,80.4675,81.30283333333334,0,1,1,0.5858251151314067,1,0,0,1
2017-08-03,AAPL,155.57,True,False,150.3485,149.91583333333335,1,0,1,0.5800807574675692,1,0,1,0
2017-08-03,AMZN,986.92,True,False,1012.7279999999998,991.3770000000001,1,0,1,0.7653218371199915,1,0,1,0
2017-08-03,BAC,24.37,True,False,24.3,23.711333333333336,1,0,1,0.5943708588237694,1,0,1,0
2017-08-03,C,68.13,True,False,67.428,64.556,1,0,1,0.6311637175670969,1,0,1,0
2017-08-03,FB,168.59,False,False,163.5405,155.16049999999998,1,0,1,0.4851495020390138,0,0,0,0
2017-08-03,GE,25.76,False,True,26.104000000000003,27.277666666666665,0,1,1,0.5939677753865739,1,0,0,1
2017-08-03,GOOG,923.65,False,True,946.2535,946.802,0,1,1,0.627530721896926,1,0,0,1
2017-08-03,GOOGL,940.3,False,True,966.198,967.2535,0,1,1,0.6207205980848891,1,0,0,1
2017-08-03,JPM,92.5,True,False,92.138,88.50966666666666,1,0,1,0.5888506175375494,1,0,1,0
2017-08-03,MSFT,72.15,True,False,72.569,70.68666666666667,1,0,1,0.6190445674926307,1,0,1,0
2017-08-03,NFLX,179.23,True,False,174.545,162.72983333333332,1,0,1,0.6014199293551605,1,0,1,0
2017-08-03,XOM,80.49,False,True,80.486,81.27250000000001,0,1,1,0.5957598772769801,1,0,0,1
2017-08-04,AAPL,156.39,False,False,150.959,149.968,1,0,1,0.5480722335248024,0,0,0,0
2017-08-04,AMZN,987.58,True,False,1013.1690000000001,992.0208333333334,1,0,1,0.6181141105477265,1,0,1,0
2017-08-04,BAC,24.97,True,False,24.307,23.725,1,0,1,0.567976361543103,1,0,1,0
2017-08-04,C,68.98,True,False,67.4815,64.6995,1,0,1,0.5614052752511961,1,0,1,0
2017-08-04,FB,169.62,False,True,164.4495,155.4826666666667,1,0,1,0.4420267643349378,0,1,0,1
2017-08-04,GE,25.78,False,True,26.085500000000003,27.229,0,1,1,0.5492022938863269,0,0,0,1
2017-08-04,GOOG,927.96,False,True,946.722,946.7883333333334,0,1,1,0.608345676804275,1,0,0,1
2017-08-04,GOOGL,945.79,False,True,966.4470000000001,967.1026666666666,0,1,1,0.6149328158056935,1,0,0,1
2017-08-04,JPM,93.66,True,False,92.1285,88.6135,1,0,1,0.5552790366917709,1,0,1,0
2017-08-04,MSFT,72.68,True,False,72.72999999999999,70.74283333333332,1,0,1,0.5862547390388786,1,0,1,0
2017-08-04,NFLX,180.27,False,False,176.0495,163.063,1,0,1,0.5131055532271087,0,0,0,0
2017-08-04,XOM,80.21,False,True,80.4855,81.24416666666667,0,1,1,0.5787493661651845,1,0,0,1
2017-08-07,AAPL,158.81,True,False,151.6465,150.04899999999998,1,0,1,0.5522640061779563,1,0,1,0
2017-08-07,AMZN,992.27,True,False,1012.9590000000001,992.765,1,0,1,0.650756621573268,1,0,1,0
2017-08-07,BAC,24.96,True,False,24.3105,23.739833333333333,1,0,1,0.5637279726401467,1,0,1,0
2017-08-07,C,69.04,False,False,67.551,64.8385,1,0,1,0.48386416355347744,0,0,0,0
2017-08-07,FB,171.98,False,False,165.3735,155.84833333333333,1,0,0,0.5820474090215125,1,0,0,0
2017-08-07,GE,25.63,False,True,26.064999999999998,27.175,0,1,1,0.5992762209816211,1,0,0,1
2017-08-07,GOOG,929.36,False,True,946.75,946.7676666666666,0,1,1,0.6157377559288891,1,0,0,1
2017-08-07,GOOGL,945.75,False,True,966.1845000000001,966.9336666666666,0,1,1,0.629619254975,1,0,0,1
2017-08-07,JPM,94.02,False,False,92.17,88.72783333333334,1,0,1,0.49423412478931944,0,0,0,0
2017-08-07,MSFT,72.4,True,False,72.851,70.8085,1,0,1,0.6096745574613892,1,0,1,0
2017-08-07,NFLX,181.33,False,False,177.48250000000002,163.44283333333334,1,0,1,0.5326765772810029,0,0,0,0
2017-08-07,XOM,80.16,False,True,80.4855,81.20333333333333,0,1,1,0.5707773411375195,1,0,0,1
2017-08-08,AAPL,160.08,False,False,152.374,150.11533333333333,1,0,1,0.5338006875623184,0,0,0,0
2017-08-08,AMZN,989.84,True,False,1012.7445,993.2398333333333,1,0,1,0.6569181048075213,1,0,1,0
2017-08-08,BAC,24.9,True,False,24.325499999999998,23.754833333333334,1,0,1,0.5796407545829371,1,0,1,0
2017-08-08,C,68.88,False,False,67.65400000000001,64.96866666666666,1,0,1,0.54791300905716,0,0,0,0
2017-08-08,FB,171.23,False,False,166.1715,156.19666666666666,1,0,1,0.5339226552802053,0,0,0,0
2017-08-08,GE,25.56,False,True,26.024,27.129833333333334,0,1,1,0.5520590512895917,1,0,0,1
2017-08-08,GOOG,926.79,False,True,946.585,946.6771666666667,0,1,1,0.6092451358545854,1,0,0,1
2017-08-08,GOOGL,944.19,False,True,965.7175,966.7511666666667,0,1,1,0.6195206144945796,1,0,0,1
2017-08-08,JPM,93.68,True,False,92.2125,88.8405,1,0,1,0.5705619798963628,1,0,1,0
2017-08-08,MSFT,72.79,True,False,72.991,70.88199999999999,1,0,1,0.5614728112055677,1,0,1,0
2017-08-08,NFLX,178.36,True,False,178.684,163.73533333333336,1,0,1,0.6645934348569856,1,0,1,0
2017-08-08,XOM,79.96,False,True,80.45349999999999,81.16016666666665,0,1,1,0.5841769113961565,1,0,0,1
2017-08-09,AAPL,161.06,False,False,153.14000000000001,150.20466666666667,1,0,1,0.5434619698301014,0,0,0,0
2017-08-09,AMZN,982.01,True,False,1011.5195,993.6405,1,0,1,0.6923052096116556,1,0,1,0
2017-08-09,BAC,24.74,True,False,24.345000000000002,23.766166666666667,1,0,1,0.5932988150456295,1,0,1,0
2017-08-09,C,68.43,True,False,67.7295,65.0855,1,0,1,0.6289400688697349,1,0,1,0
2017-08-09,FB,171.18,False,False,166.7855,156.5465,1,0,1,0.5198539926032724,0,0,0,0
2017-08-09,GE,25.71,False,True,25.9805,27.088666666666665,0,1,1,0.5780700847971109,1,0,0,1
2017-08-09,GOOG,922.9,False,True,945.5385,946.4408333333334,0,1,1,0.6138746561121382,1,0,0,1
2017-08-09,GOOGL,940.08,False,True,964.3384999999998,966.4321666666667,0,1,1,0.6143847761021437,1,0,0,1
2017-08-09,JPM,93.53,True,False,92.2635,88.94366666666666,1,0,1,0.5624117663745337,1,0,1,0
2017-08-09,MSFT,72.47,True,False,73.057,70.94933333333333,1,0,1,0.6056100023143601,1,0,1,0
2017-08-09,NFLX,175.78,True,False,179.5355,163.99800000000002,1,0,1,0.6920926431661131,1,0,1,0
2017-08-09,XOM,80.21,False,True,80.416,81.117,0,1,1,0.5884924772079263,1,0,0,1
2017-08-10,AAPL,155.32,True,False,153.5175,150.20216666666667,1,0,1,0.7059660278905409,1,0,1,0
2017-08-10,AMZN,956.92,True,False,1009.3339999999998,993.4879999999999,1,0,1,0.8417459901827457,1,0,1,0
2017-08-10,BAC,24.12,True,False,24.32,23.768333333333334,1,0,1,0.6926376005869428,1,0,1,0
2017-08-10,C,67.22,True,False,67.73949999999999,65.16433333333333,1,0,1,0.6713275632069369,1,0,1,0
2017-08-10,FB,167.4,True,False,167.19250000000002,156.84016666666668,1,0,1,0.661246968385064,1,0,1,0
2017-08-10,GE,25.3,False,True,25.906,27.043,0,1,1,0.6149203053698672,1,0,0,1
2017-08-10,GOOG,907.24,False,True,943.5424999999999,945.8448333333333,0,1,1,0.7255801171218185,1,0,0,1
2017-08-10,GOOGL,923.59,False,True,962.0754999999999,965.7484999999999,0,1,1,0.7398942077404275,1,0,0,1
2017-08-10,JPM,92.19,True,False,92.21799999999999,89.02,1,0,1,0.6421101998585971,1,0,1,0
2017-08-10,MSFT,71.41,True,False,73.039,70.98266666666667,1,0,1,0.648624555876569,1,0,1,0
2017-08-10,NFLX,169.14,True,False,180.082,164.16016666666667,1,0,1,0.8045840174852306,1,0,1,0
2017-08-10,XOM,78.97,False,True,80.316,81.05733333333335,0,1,1,0.6241257856330943,1,0,0,1
2017-08-11,AAPL,157.48,True,False,153.9395,150.32266666666666,1,0,1,0.5775764937263403,1,0,1,0
2017-08-11,AMZN,967.99,True,False,1007.643,993.8751666666667,1,0,1,0.6432253067456591,1,0,1,0
2017-08-11,BAC,23.86,True,False,24.302500000000002,23.789833333333334,1,0,1,0.7025110991830108,1,0,1,0
2017-08-11,C,66.8,True,False,67.74350000000001,65.278,1,0,1,0.6717722652808986,1,0,1,0
2017-08-11,FB,168.08,False,False,167.598,157.22733333333332,1,0,1,0.5396828977849477,0,0,0,0
2017-08-11,GE,25.2,False,True,25.827000000000005,27.006166666666665,0,1,1,0.6142573913112568,1,0,0,1
2017-08-11,GOOG,914.39,False,True,941.4625,945.7576666666666,0,1,1,0.6059657065262617,1,0,0,1
2017-08-11,GOOGL,930.09,False,True,959.7344999999999,965.5471666666667,0,1,1,0.629276486431719,1,0,0,1
2017-08-11,JPM,91.42,True,False,92.1765,89.13916666666665,1,0,1,0.6654498431131033,1,0,1,0
2017-08-11,MSFT,72.5,True,False,73.025,71.06633333333333,1,0,1,0.6128379108753617,1,0,1,0
2017-08-11,NFLX,171.4,True,False,180.596,164.46349999999998,1,0,1,0.6401605047426961,1,0,1,0
2017-08-11,XOM,78.21,False,True,80.1625,80.99433333333333,0,1,1,0.594823731376052,1,0,0,1
2017-08-14,AAPL,159.85,True,False,154.454,150.4445,1,0,1,0.5868357724298793,1,0,1,0
2017-08-14,AMZN,983.3,True,False,1006.3059999999999,994.2886666666667,1,0,1,0.5965847217914804,1,0,1,0
2017-08-14,BAC,24.42,True,False,24.322499999999998,23.817833333333336,1,0,1,0.66417887471985,1,0,1,0
2017-08-14,C,67.89,True,False,67.79650000000001,65.40816666666667,1,0,1,0.6152606710652876,1,0,1,0
2017-08-14,FB,170.75,False,False,168.149,157.61216666666667,1,0,1,0.5294079979227717,0,0,0,0
2017-08-14,GE,25.36,False,True,25.753999999999998,26.970833333333335,0,1,1,0.5910424321844812,1,0,0,1
2017-08-14,GOOG,922.67,False,True,939.925,945.6315,0,1,1,0.5564760695250994,1,0,0,1
2017-08-14,GOOGL,938.93,False,True,957.883,965.3543333333333,0,1,1,0.5574519539234228,1,0,0,1
2017-08-14,JPM,92.49,True,False,92.23150000000001,89.28133333333334,1,0,1,0.6030652138477672,1,0,1,0
2017-08-14,MSFT,73.59,True,False,73.037,71.16433333333333,1,0,1,0.5833405377030474,1,0,1,0
2017-08-14,NFLX,171.0,True,False,181.06099999999998,164.7185,1,0,1,0.7391145028346368,1,0,1,0
2017-08-14,XOM,78.23,False,True,80.031,80.93566666666668,0,1,1,0.5965817972741427,1,0,0,1
2017-08-15,AAPL,161.6,True,False,155.03,150.58683333333335,1,0,1,0.5561488768823798,1,0,1,0
2017-08-15,AMZN,982.74,True,False,1004.2205,994.6703333333334,1,0,1,0.6228597672542868,1,0,1,0
2017-08-15,BAC,24.47,False,False,24.351000000000003,23.8415,1,0,1,0.5215301991301853,0,0,0,0
2017-08-15,C,67.97,True,False,67.8505,65.52266666666667,1,0,1,0.5785835057568215,1,0,1,0
2017-08-15,FB,171.0,False,False,168.55599999999998,157.9945,1,0,1,0.5214017828732832,0,0,0,0
2017-08-15,GE,25.14,False,True,25.666500000000003,26.92233333333333,0,1,1,0.5955602090537752,1,0,0,1
2017-08-15,GOOG,922.22,False,True,937.766,945.435,0,1,1,0.6136950637178966,1,0,0,1
2017-08-15,GOOGL,938.08,False,True,955.4395000000001,965.0781666666666,0,1,1,0.6103501940822816,1,0,0,1
2017-08-15,JPM,92.73,False,False,92.3145,89.41383333333333,1,0,1,0.48674849399964853,0,0,0,0
2017-08-15,MSFT,73.22,True,False,73.033,71.2565,1,0,1,0.5905754211768471,1,0,1,0
2017-08-15,NFLX,168.5,True,False,180.30599999999998,164.90983333333332,1,0,1,0.7710923992001566,1,0,1,0
2017-08-15,XOM,78.04,False,True,79.90299999999999,80.87083333333334,0,1,1,0.5606613223951828,1,0,0,1
2017-08-16,AAPL,160.95,True,False,155.5265,150.70283333333333,1,0,1,0.5586479710184165,1,0,1,0
2017-08-16,AMZN,978.18,True,False,1001.7860000000001,994.7955000000001,1,0,1,0.6386456321799383,1,0,1,0
2017-08-16,BAC,24.19,True,False,24.3575,23.860666666666663,1,0,1,0.6688528933520227,1,0,1,0
2017-08-16,C,67.71,True,False,67.901,65.6335,1,0,1,0.6244481977538058,1,0,1,0
2017-08-16,FB,170.0,True,False,168.849,158.35716666666667,1,0,1,0.5859757070069466,1,0,1,0
2017-08-16,GE,25.1,False,True,25.5745,26.871,0,1,1,0.5993913234948144,1,0,0,1
2017-08-16,GOOG,926.96,False,True,935.5695,945.1866666666666,0,1,1,0.5590941576103604,1,0,0,1
2017-08-16,GOOGL,944.27,False,True,953.0145,964.7481666666666,0,1,1,0.5744141769327397,1,0,0,1
2017-08-16,JPM,92.09,True,False,92.35900000000001,89.537,1,0,1,0.6478655275965254,1,0,1,0
2017-08-16,MSFT,73.65,True,False,73.02250000000001,71.34316666666668,1,0,1,0.5504115096104488,1,0,1,0
2017-08-16,NFLX,169.98,True,False,179.61200000000002,165.1235,1,0,1,0.6618826572720782,1,0,1,0
2017-08-16,XOM,77.47,False,True,79.73400000000001,80.79050000000001,0,1,1,0.6037100762463318,1,0,0,1
2017-08-17,AAPL,157.86,False,False,155.9025,150.7705,1,0,1,0.5318251725258983,0,0,0,0
2017-08-17,AMZN,960.57,False,False,998.3795,994.6126666666667,1,0,1,0.5005252004018165,0,0,0,0
2017-08-17,BAC,23.64,True,False,24.3425,23.864833333333333,1,0,1,0.6990806852324704,1,0,1,0
2017-08-17,C,66.6,True,False,67.913,65.71499999999999,1,0,1,0.6701665743802738,1,0,1,0
2017-08-17,FB,166.91,True,False,168.96800000000002,158.67116666666664,1,0,1,0.6231700496876953,1,0,1,0
2017-08-17,GE,24.75,False,True,25.4775,26.812166666666663,0,1,1,0.6284916348889331,1,0,0,1
2017-08-17,GOOG,910.98,False,True,932.711,944.556,0,1,1,0.5237938151778163,0,0,0,1
2017-08-17,GOOGL,927.66,False,True,949.7880000000001,964.0333333333333,0,1,1,0.5062026228752458,0,0,0,1
2017-08-17,JPM,90.65,True,False,92.3315,89.6185,1,0,1,0.6642558480214076,1,0,1,0
2017-08-17,MSFT,72.4,False,False,72.9315,71.40516666666667,1,0,1,0.5253334763927541,0,0,0,0
2017-08-17,NFLX,166.09,True,False,178.7365,165.25916666666666,1,0,1,0.7185126051341933,1,0,1,0
2017-08-17,XOM,76.26,False,True,79.50399999999999,80.68516666666666,0,1,1,0.675927123596921,1,0,0,1
2017-08-18,AAPL,157.5,False,False,156.264,150.83983333333333,1,0,1,0.5414256483229297,0,0,0,0
2017-08-18,AMZN,958.47,False,False,995.0195,994.2479999999999,1,0,1,0.5051537198993091,0,0,0,0
2017-08-18,BAC,23.62,False,False,24.3335,23.869166666666665,1,0,1,0.525133135250387,0,0,0,0
2017-08-18,C,66.58,True,False,67.94200000000001,65.78683333333333,1,0,1,0.5521671782761731,1,0,1,0
2017-08-18,FB,167.41,False,False,169.11700000000002,158.96066666666667,1,0,1,0.5428112445739034,0,0,0,0
2017-08-18,GE,24.55,False,True,25.4095,26.7575,0,1,1,0.5604775232423211,1,0,0,1
2017-08-18,GOOG,910.67,False,True,929.5984999999998,943.8178333333333,0,1,1,0.49510124203502576,0,0,0,1
2017-08-18,GOOGL,926.18,False,True,946.4050000000001,963.1761666666666,0,1,1,0.4946852156957159,0,0,0,1
2017-08-18,JPM,90.74,False,False,92.324,89.70233333333334,1,0,1,0.5409417281616559,0,0,0,0
2017-08-18,MSFT,72.49,False,False,72.8665,71.46716666666666,1,0,1,0.5486106313036274,0,0,0,0
2017-08-18,NFLX,166.54,True,False,177.6365,165.40566666666666,1,0,1,0.6166919739985767,1,0,1,0
2017-08-18,XOM,76.64,False,True,79.33,80.591,0,1,1,0.5782675097910599,1,0,0,1
2017-08-21,AAPL,157.21,True,False,156.52,150.8955,1,0,1,0.63879924959344,1,0,1,0
2017-08-21,AMZN,953.29,False,True,990.7365,993.5798333333333,0,1,1,0.5979499990540297,1,0,0,1
2017-08-21,BAC,23.38,True,False,24.307,23.871333333333332,1,0,1,0.783318082290677,1,0,1,0
2017-08-21,C,65.95,True,False,67.93449999999999,65.8535,1,0,1,0.7297510314531785,1,0,1,0
2017-08-21,FB,167.78,True,False,169.206,159.2243333333333,1,0,1,0.6307162750892553,1,0,1,0
2017-08-21,GE,24.49,False,True,25.3625,26.7075,0,1,1,0.6734101036930464,1,0,0,1
2017-08-21,GOOG,906.66,False,True,925.9144999999999,942.7698333333333,0,1,1,0.5750236621296193,1,0,0,1
2017-08-21,GOOGL,920.87,False,True,942.533,961.993,0,1,1,0.5710500872207267,1,0,0,1
2017-08-21,JPM,90.63,True,False,92.2915,89.79033333333332,1,0,1,0.5934432516079281,1,0,1,0
2017-08-21,MSFT,72.15,True,False,72.79400000000001,71.50933333333333,1,0,1,0.7131335610566713,1,0,1,0
2017-08-21,NFLX,166.76,True,False,176.579,165.46750000000003,1,0,1,0.5789192085462661,1,0,1,0
2017-08-21,XOM,76.38,False,True,79.15549999999999,80.50150000000001,0,1,1,0.5184865027256986,0,0,0,1
2017-08-22,AAPL,159.78,True,False,156.87199999999999,150.99833333333333,1,0,1,0.6164546460821895,1,0,1,0
2017-08-22,AMZN,966.9,False,True,987.0880000000001,993.0985,0,1,1,0.501118812921642,0,0,0,1
2017-08-22,BAC,23.83,True,False,24.274499999999996,23.881166666666665,1,0,1,0.7047168971639767,1,0,1,0
2017-08-22,C,66.85,True,False,67.8755,65.93316666666666,1,0,1,0.6923767899685846,1,0,1,0
2017-08-22,FB,169.64,True,False,169.424,159.51616666666666,1,0,1,0.631837194170797,1,0,1,0
2017-08-22,GE,24.6,False,True,25.320500000000003,26.66,0,1,1,0.538978985756193,0,0,0,1
2017-08-22,GOOG,924.69,False,True,924.6140000000001,941.9901666666666,0,1,1,0.5944086314551134,1,0,0,1
2017-08-22,GOOGL,940.4,False,True,941.1015,961.1118333333333,0,1,1,0.5830176105246908,1,0,0,1
2017-08-22,JPM,91.56,True,False,92.2295,89.89366666666666,1,0,1,0.6667686911413044,1,0,1,0
2017-08-22,MSFT,73.16,True,False,72.74249999999999,71.56266666666666,1,0,1,0.6215732640690034,1,0,1,0
2017-08-22,NFLX,169.34,False,False,175.6975,165.58266666666668,1,0,1,0.5035123501517489,0,0,0,0
2017-08-22,XOM,76.74,False,True,78.979,80.42133333333332,0,1,1,0.5316257437072586,0,0,0,1
2017-08-23,AAPL,159.98,False,False,157.19799999999998,151.1035,1,0,1,0.5386508900372172,0,0,0,0
2017-08-23,AMZN,958.0,False,True,982.348,992.4535,0,1,1,0.6358864467145413,1,0,0,1
2017-08-23,BAC,23.76,True,False,24.252000000000002,23.895333333333333,1,0,1,0.7176057170718433,1,0,1,0
2017-08-23,C,67.23,True,False,67.838,66.02633333333333,1,0,1,0.6274709233185265,1,0,1,0
2017-08-23,FB,168.71,True,False,169.579,159.78833333333336,1,0,1,0.6387800707411647,1,0,1,0
2017-08-23,GE,24.39,False,True,25.2605,26.610500000000002,0,1,1,0.5953448382175623,1,0,0,1
2017-08-23,GOOG,927.0,False,True,923.574,941.1754999999999,0,1,1,0.5430329795196062,0,0,0,1
2017-08-23,GOOGL,942.58,False,True,939.9649999999999,960.2186666666665,0,1,1,0.5835721839218555,1,0,0,1
2017-08-23,JPM,91.67,True,False,92.2165,90.02316666666667,1,0,1,0.6273749211948113,1,0,1,0
2017-08-23,MSFT,72.72,True,False,72.676,71.60116666666666,1,0,1,0.6580985010141075,1,0,1,0
2017-08-23,NFLX,169.06,True,False,174.6965,165.68,1,0,1,0.5575495569676747,1,0,1,0
2017-08-23,XOM,76.61,False,True,78.791,80.3465,0,1,1,0.5246558095597879,0,0,0,1
2017-08-24,AAPL,159.27,True,False,157.63349999999997,151.212,1,0,1,0.5654019192411703,1,0,1,0
2017-08-24,AMZN,952.45,False,True,977.6705,991.7506666666667,0,1,1,0.6180883370841277,1,0,0,1
2017-08-24,BAC,23.84,False,False,24.2385,23.91916666666667,1,0,1,0.5024090596941773,0,0,0,0
2017-08-24,C,67.69,True,False,67.8425,66.1455,1,0,1,0.5826946971781091,1,0,1,0
2017-08-24,FB,167.74,False,False,169.44400000000002,160.05966666666666,1,0,1,0.5284526142040711,0,0,0,0
2017-08-24,GE,24.3,False,True,25.186,26.559166666666666,0,1,1,0.5018681306034352,0,0,0,1
2017-08-24,GOOG,921.28,False,True,922.9334999999999,940.4491666666667,0,1,1,0.4506459402675903,0,0,0,1
2017-08-24,GOOGL,936.89,False,True,939.184,959.382,0,1,1,0.4776765725437135,0,0,0,1
2017-08-24,JPM,91.52,False,False,92.215,90.17933333333332,1,0,1,0.5433611043107379,0,0,0,0
2017-08-24,MSFT,72.69,True,False,72.6525,71.64866666666667,1,0,1,0.5705006252751688,1,0,1,0
2017-08-24,NFLX,168.13,False,True,173.969,165.76433333333333,1,0,1,0.4212082020488937,0,1,0,1
2017-08-24,XOM,76.33,False,True,78.566,80.277,0,1,1,0.42090233083438394,0,1,0,1
2017-08-25,AAPL,159.86,True,False,158.1515,151.32333333333332,1,0,1,0.5793405771682147,1,0,1,0
2017-08-25,AMZN,945.26,False,True,973.9315,990.9058333333334,0,1,1,0.5284362026179514,0,0,0,1
2017-08-25,BAC,23.77,False,False,24.2255,23.938166666666667,1,0,1,0.49655054652945474,0,0,0,0
2017-08-25,C,67.85,True,False,67.8635,66.25833333333334,1,0,1,0.5546654718009714,1,0,1,0
2017-08-25,FB,166.32,True,False,169.1375,160.30616666666666,1,0,1,0.6011188273590793,1,0,1,0
2017-08-25,GE,24.49,False,True,25.134,26.505333333333336,0,1,1,0.4887785119705782,0,0,0,1
2017-08-25,GOOG,915.89,False,True,921.6514999999999,939.5981666666667,0,1,1,0.4920890971156258,0,0,0,1
2017-08-25,GOOGL,930.5,False,True,937.7924999999999,958.4188333333333,0,1,1,0.5097694506100912,0,0,0,1
2017-08-25,JPM,91.89,False,False,92.2455,90.3265,1,0,1,0.5194269308790523,0,0,0,0
2017-08-25,MSFT,72.82,True,False,72.6415,71.694,1,0,1,0.5910134136373022,1,0,1,0
2017-08-25,NFLX,165.95,True,False,173.0645,165.81366666666665,1,0,1,0.5993539114025677,1,0,1,0
2017-08-25,XOM,76.72,False,True,78.422,80.21066666666665,0,1,1,0.4693187310518592,0,0,0,1
2017-08-28,AAPL,161.47,True,False,158.7885,151.42366666666666,1,0,1,0.5748537960465644,1,0,1,0
2017-08-28,AMZN,946.02,False,True,971.8435,989.894,0,1,1,0.4920483020348655,0,0,0,1
2017-08-28,BAC,23.72,False,False,24.2055,23.959333333333337,1,0,1,0.45123796483570994,0,0,0,0
2017-08-28,C,67.81,False,False,67.83149999999999,66.36999999999999,1,0,1,0.5272097828856661,0,0,0,0
2017-08-28,FB,167.24,True,False,169.037,160.53333333333333,1,0,1,0.5999035509603201,1,0,1,0
2017-08-28,GE,24.47,False,True,25.076999999999998,26.448500000000003,0,1,1,0.44092144075267325,0,1,0,1
2017-08-28,GOOG,913.81,False,True,920.817,938.5683333333334,0,1,1,0.44367326737862256,0,1,0,1
2017-08-28,GOOGL,928.13,False,True,936.924,957.2856666666667,0,1,1,0.46160969353682363,0,0,0,1
2017-08-28,JPM,91.6,True,False,92.2355,90.47583333333334,1,0,1,0.6074140032067264,1,0,1,0
2017-08-28,MSFT,72.83,True,False,72.648,71.71183333333333,1,0,1,0.5800671161051765,1,0,1,0
2017-08-28,NFLX,167.12,False,False,172.3375,165.84599999999998,1,0,1,0.49137688588128725,0,0,0,0
2017-08-28,XOM,76.47,False,True,78.2435,80.16016666666665,0,1,1,0.42958425685556156,0,1,0,1
2017-08-29,AAPL,162.91,False,False,159.0045,151.57333333333332,1,0,1,0.5351477182381169,0,0,0,0
2017-08-29,AMZN,954.06,False,True,969.9329999999998,988.9393333333334,0,1,1,0.5119892931543567,0,0,0,1
2017-08-29,BAC,23.58,True,False,24.1365,23.978833333333334,1,0,1,0.5507849032236452,1,0,1,0
2017-08-29,C,67.48,False,False,67.7255,66.47383333333333,1,0,1,0.5438458097408132,0,0,0,0
2017-08-29,FB,168.05,True,False,168.94650000000001,160.77366666666666,1,0,1,0.5852594160446399,1,0,1,0
2017-08-29,GE,24.44,False,True,25.026999999999997,26.389499999999998,0,1,1,0.46627361326516503,0,0,0,1
2017-08-29,GOOG,921.29,False,True,920.3400000000001,937.5285000000001,0,1,1,0.5772784005092877,1,0,0,1
2017-08-29,GOOGL,935.75,False,True,936.3835000000001,956.1501666666667,0,1,1,0.6230330537104706,1,0,0,1
2017-08-29,JPM,91.1,False,False,92.139,90.61433333333333,1,0,1,0.531264054585928,0,0,0,0
2017-08-29,MSFT,73.05,True,False,72.67150000000001,71.72466666666668,1,0,1,0.5795406640909357,1,0,1,0
2017-08-29,NFLX,168.81,False,False,171.6765,165.9085,1,0,1,0.5470413971468601,0,0,0,0
2017-08-29,XOM,76.45,False,True,78.05749999999999,80.09899999999999,0,1,1,0.47551860186808814,0,0,0,1
2017-08-30,AAPL,163.35,False,False,159.315,151.72166666666666,1,0,1,0.542044289936955,0,0,0,0
2017-08-30,AMZN,967.59,False,True,968.5179999999998,988.3491666666666,0,1,1,0.5346987547922826,0,0,0,1
2017-08-30,BAC,23.87,False,False,24.1005,24.006166666666665,1,0,1,0.5397521377576674,0,0,0,0
2017-08-30,C,68.01,True,False,67.655,66.5905,1,0,1,0.5904567507664289,1,0,1,0
2017-08-30,FB,169.92,True,False,168.9775,161.05883333333335,1,0,1,0.6207832833450067,1,0,1,0
2017-08-30,GE,24.28,False,True,24.965,26.328666666666663,0,1,1,0.4662234837821856,0,0,0,1
2017-08-30,GOOG,929.57,False,True,920.299,936.7451666666668,0,1,1,0.4977305456152585,0,0,0,1
2017-08-30,GOOGL,943.63,False,True,936.183,955.266,0,1,1,0.5396324354592938,0,0,0,1
2017-08-30,JPM,91.31,True,False,92.049,90.7535,1,0,1,0.5642408307573465,1,0,1,0
2017-08-30,MSFT,74.01,True,False,72.759,71.7495,1,0,1,0.5703761802029338,1,0,1,0
2017-08-30,NFLX,174.69,True,False,171.37399999999997,166.06716666666665,1,0,1,0.6590086825685898,1,0,1,0
2017-08-30,XOM,76.1,False,True,77.83250000000001,80.01383333333334,0,1,1,0.4677689799099374,0,0,0,1
2017-08-31,AAPL,164.0,True,False,159.7365,151.8655,1,0,1,0.5512040923232125,1,0,1,0
2017-08-31,AMZN,980.6,False,True,968.202,987.8580000000001,0,1,1,0.524966182303399,0,0,0,1
2017-08-31,BAC,23.89,False,False,24.0765,24.02766666666667,1,0,1,0.49111641629859065,0,0,0,0
2017-08-31,C,68.03,False,False,67.65,66.693,1,0,1,0.5456905588087594,0,0,0,0
2017-08-31,FB,171.97,False,False,169.1465,161.373,1,0,1,0.5217757502451796,0,0,0,0
2017-08-31,GE,24.55,False,True,24.904500000000002,26.276500000000002,0,1,1,0.5220037364567349,0,0,0,1
2017-08-31,GOOG,939.33,False,True,921.083,936.0493333333333,0,1,1,0.4681384444109656,0,0,0,1
2017-08-31,GOOGL,955.24,False,True,936.93,954.4934999999999,0,1,1,0.47805782607103664,0,0,0,1
2017-08-31,JPM,90.89,False,False,91.96849999999999,90.86983333333333,1,0,1,0.542472209147683,0,0,0,0
2017-08-31,MSFT,74.77,False,False,72.89,71.78916666666666,1,0,1,0.5032539499374098,0,0,0,0
2017-08-31,NFLX,174.71,False,False,171.148,166.21883333333335,1,0,1,0.5285481290682884,0,0,0,0
2017-08-31,XOM,76.33,False,True,77.6245,79.9375,0,1,1,0.5498785926278116,0,0,0,1
2017-09-01,AAPL,164.05,False,False,160.11950000000002,152.0165,1,0,1,0.5010322422210565,0,0,0,0
2017-09-01,AMZN,978.25,False,True,967.7355,987.3243333333334,0,1,1,0.4665560120236085,0,0,0,1
2017-09-01,BAC,24.09,False,True,24.032500000000002,24.046333333333333,0,1,1,0.5297631404294277,0,0,0,1
2017-09-01,C,68.58,True,False,67.63,66.7825,1,0,1,0.5814189367892465,1,0,1,0
2017-09-01,FB,172.02,True,False,169.2665,161.66150000000002,1,0,1,0.5866165014056028,1,0,1,0
2017-09-01,GE,25.14,False,True,24.8725,26.235666666666663,0,1,1,0.536877374731308,0,0,0,1
2017-09-01,GOOG,937.34,False,True,921.552,935.2814999999999,0,1,1,0.4403562174311947,0,1,0,1
2017-09-01,GOOGL,951.99,False,True,937.24,953.622,0,1,1,0.42751687172852415,0,1,0,1
2017-09-01,JPM,91.7,True,False,91.87049999999999,90.98233333333334,1,0,1,0.5881441080432764,1,0,1,0
2017-09-01,MSFT,73.94,False,False,72.953,71.82233333333333,1,0,1,0.5125878575075358,0,0,0,0
2017-09-01,NFLX,174.74,True,False,170.8715,166.3665,1,0,1,0.5934686347580373,1,0,1,0
2017-09-01,XOM,76.57,False,True,77.4425,79.86999999999999,0,1,1,0.47860899641337973,0,0,0,1
2017-09-05,AAPL,162.08,False,False,160.283,152.2348333333333,1,0,1,0.5179375076295687,0,0,0,0
2017-09-05,AMZN,965.27,False,True,966.3855,987.107,0,1,1,0.4345194522009758,0,1,0,1
2017-09-05,BAC,23.31,False,True,23.95,24.040333333333333,0,1,1,0.6010007259098483,1,0,0,1
2017-09-05,C,67.16,True,False,67.536,66.82766666666667,1,0,1,0.599888042771609,1,0,1,0
2017-09-05,FB,170.72,False,False,169.2035,162.0135,1,0,1,0.5327165137839343,0,0,0,0
2017-09-05,GE,24.76,False,True,24.829,26.182666666666666,0,1,1,0.49784412506098696,0,0,0,1
2017-09-05,GOOG,928.45,False,True,921.5065000000001,934.9251666666665,0,1,1,0.43941031613923554,0,1,0,1
2017-09-05,GOOGL,941.48,False,True,937.0264999999999,953.1446666666667,0,1,1,0.43355590389101784,0,1,0,1
2017-09-05,JPM,89.51,True,False,91.645,91.02483333333333,1,0,1,0.6303053381739323,1,0,1,0
2017-09-05,MSFT,73.61,False,False,73.0135,71.87716666666667,1,0,1,0.5219951420162666,0,0,0,0
2017-09-05,NFLX,174.52,True,False,170.531,166.64133333333334,1,0,1,0.5845166032662182,1,0,1,0
2017-09-05,XOM,77.18,False,True,77.29350000000001,79.7875,0,1,1,0.5292402206576683,0,0,0,1
2017-09-06,AAPL,161.91,False,False,160.37449999999998,152.5096666666667,1,0,1,0.5488838041626564,0,0,0,0
2017-09-06,AMZN,967.8,False,True,965.2835000000001,987.1551666666668,0,1,1,0.4635014288595489,0,0,0,1
2017-09-06,BAC,23.41,False,True,23.8755,24.034166666666668,0,1,1,0.5211671918561327,0,0,0,1
2017-09-06,C,67.32,False,False,67.458,66.87766666666667,1,0,1,0.5487627056783921,0,0,0,0
2017-09-06,FB,172.09,True,False,169.24650000000003,162.40766666666664,1,0,1,0.5509025665602338,1,0,1,0
2017-09-06,GE,24.92,False,True,24.797,26.115666666666666,0,1,1,0.5025271985179557,0,0,0,1
2017-09-06,GOOG,927.81,False,True,921.5575000000001,934.6736666666668,0,1,1,0.45545494256551444,0,0,0,1
2017-09-06,GOOGL,942.02,False,True,936.918,952.8148333333334,0,1,1,0.4569895677550418,0,0,0,1
2017-09-06,JPM,90.11,True,False,91.46650000000001,91.077,1,0,1,0.5552706336760979,1,0,1,0
2017-09-06,MSFT,73.4,True,False,73.04400000000001,71.9375,1,0,1,0.5501420844547649,1,0,1,0
2017-09-06,NFLX,179.25,True,False,170.5755,167.10483333333335,1,0,1,0.643816082661365,1,0,1,0
2017-09-06,XOM,78.78,False,True,77.2345,79.71833333333332,0,1,1,0.5500371834167544,1,0,0,1
2017-09-07,AAPL,161.26,True,False,160.3845,152.75416666666666,1,0,1,0.6063067909285209,1,0,1,0
2017-09-07,AMZN,979.47,False,True,965.1565,987.1331666666667,0,1,1,0.4811901662638358,0,0,0,1
2017-09-07,BAC,22.97,False,True,23.787,24.020833333333332,0,1,1,0.6725062490612314,1,0,0,1
2017-09-07,C,66.06,True,False,67.33950000000002,66.90050000000001,1,0,1,0.6408408028819286,1,0,1,0
2017-09-07,FB,173.21,False,False,169.348,162.7831666666667,1,0,1,0.48726052029087025,0,0,0,0
2017-09-07,GE,24.02,False,True,24.7125,26.041833333333333,0,1,1,0.5956059579257944,1,0,0,1
2017-09-07,GOOG,935.95,False,True,922.2099999999998,934.3828333333333,0,1,1,0.48220424570508363,0,0,0,1
2017-09-07,GOOGL,949.89,False,True,937.4085000000001,952.4713333333333,0,1,1,0.4732369297118019,0,0,0,1
2017-09-07,JPM,88.53,True,False,91.2165,91.098,1,0,1,0.7077422473514762,1,0,1,0
2017-09-07,MSFT,74.34,True,False,73.1375,71.999,1,0,1,0.5673811928691299,1,0,1,0
2017-09-07,NFLX,179.0,False,False,170.7365,167.54283333333333,1,0,1,0.5298402020509234,0,0,0,0
2017-09-07,XOM,79.03,False,True,77.1755,79.65283333333333,0,1,1,0.587212624439495,1,0,0,1
2017-09-08,AAPL,158.63,True,False,160.55,152.9786666666667,1,0,1,0.7117422973923254,1,0,1,0
2017-09-08,AMZN,965.9,False,True,965.6055,986.957,0,1,1,0.5557404351320602,1,0,0,1
2017-09-08,BAC,22.89,False,True,23.7255,24.006333333333334,0,1,1,0.7199056806513724,1,0,0,1
2017-09-08,C,66.17,True,False,67.287,66.92466666666667,1,0,1,0.5989897258739995,1,0,1,0
2017-09-08,FB,170.95,True,False,169.5255,163.1281666666667,1,0,1,0.6234163129909385,1,0,1,0
2017-09-08,GE,23.82,False,True,24.6385,25.960666666666665,0,1,1,0.6582986742486223,1,0,0,1
2017-09-08,GOOG,926.5,False,True,923.173,933.9784999999999,0,1,1,0.6005285167529922,1,0,0,1
2017-09-08,GOOGL,941.41,False,True,938.2995000000001,952.0293333333333,0,1,1,0.6136982507405291,1,0,0,1
2017-09-08,JPM,88.42,False,True,91.028,91.12016666666666,0,1,1,0.6386304320434472,1,0,0,1
2017-09-08,MSFT,73.98,True,False,73.26599999999999,72.06083333333335,1,0,1,0.5978737988919737,1,0,1,0
2017-09-08,NFLX,176.42,False,False,171.1005,167.94650000000001,1,0,1,0.537584003693036,0,0,0,0
2017-09-08,XOM,78.82,False,True,77.16799999999999,79.59866666666667,0,1,1,0.5531571599703541,1,0,0,1
2017-09-11,AAPL,161.5,True,False,160.75100000000003,153.2655,1,0,1,0.5963398383928717,1,0,1,0
2017-09-11,AMZN,977.96,False,True,966.1039999999999,987.1868333333333,0,1,1,0.4591202683231662,0,0,0,1
2017-09-11,BAC,23.36,False,True,23.700499999999998,24.003333333333334,0,1,1,0.6838308167798752,1,0,0,1
2017-09-11,C,67.71,True,False,67.3325,66.98483333333333,1,0,1,0.6192035133408104,1,0,1,0
2017-09-11,FB,173.51,False,False,169.797,163.52333333333334,1,0,1,0.5420405509402858,0,0,0,0
2017-09-11,GE,23.72,False,True,24.564500000000002,25.873666666666665,0,1,1,0.7638530077772674,1,0,0,1
2017-09-11,GOOG,929.08,False,True,923.9075,933.758,0,1,1,0.5136258860512735,0,0,0,1
2017-09-11,GOOGL,943.29,False,True,938.9595000000002,951.7478333333332,0,1,1,0.5152904530733403,0,0,0,1
2017-09-11,JPM,89.79,False,True,90.9465,91.17383333333333,0,1,1,0.6238097652464382,1,0,0,1
2017-09-11,MSFT,74.76,False,False,73.37899999999999,72.14183333333332,1,0,1,0.545162453277211,0,0,0,0
2017-09-11,NFLX,181.74,True,False,171.6175,168.44616666666667,1,0,1,0.6406673752421003,1,0,1,0
2017-09-11,XOM,79.25,False,True,77.22,79.5485,0,1,1,0.5249851193485712,0,0,0,1
2017-09-12,AAPL,160.86,False,True,160.80149999999998,153.57533333333333,1,0,1,0.4268554368188975,0,1,0,1
2017-09-12,AMZN,982.58,False,True,966.068,987.1013333333333,0,1,1,0.4282328125634792,0,1,0,1
2017-09-12,BAC,23.95,False,True,23.677,24.012,0,1,1,0.587609670735044,1,0,0,1
2017-09-12,C,68.79,True,False,67.3775,67.06649999999999,1,0,1,0.5608893876146446,1,0,1,0
2017-09-12,FB,172.96,False,False,169.9075,163.89533333333333,1,0,1,0.5343918867257293,0,0,0,0
2017-09-12,GE,23.91,False,True,24.491999999999997,25.788833333333336,0,1,1,0.6460989286478592,1,0,0,1
2017-09-12,GOOG,932.07,False,True,924.3774999999999,933.6295000000001,0,1,1,0.4938213598457449,0,0,0,1
2017-09-12,GOOGL,946.65,False,True,939.3455,951.5483333333334,0,1,1,0.49069454692222275,0,0,0,1
2017-09-12,JPM,90.89,False,True,90.8665,91.25233333333334,0,1,1,0.5571765810249757,1,0,0,1
2017-09-12,MSFT,74.68,False,False,73.43350000000001,72.21983333333333,1,0,1,0.5337236599823479,0,0,0,0
2017-09-12,NFLX,185.15,True,False,172.325,168.9923333333333,1,0,1,0.6021277033554453,1,0,1,0
2017-09-12,XOM,79.5,False,True,77.28349999999999,79.482,0,1,1,0.5723942216210125,1,0,0,1
2017-09-13,AAPL,159.65,True,False,160.704,153.79716666666667,1,0,1,0.6093729626788996,1,0,1,0
2017-09-13,AMZN,999.6,False,True,966.9109999999998,987.1751666666665,0,1,1,0.5173636195992991,0,0,0,1
2017-09-13,BAC,24.33,False,True,23.669999999999998,24.019,0,1,1,0.5653895030387533,1,0,0,1
2017-09-13,C,69.39,False,False,67.4485,67.14833333333334,1,0,1,0.5123493673284626,0,0,0,0
2017-09-13,FB,173.05,False,False,170.01,164.23166666666665,1,0,1,0.5148267984028335,0,0,0,0
2017-09-13,GE,24.11,False,True,24.4405,25.710666666666665,0,1,1,0.6234471006824787,1,0,0,1
2017-09-13,GOOG,935.09,False,True,925.0210000000001,933.2581666666666,0,1,1,0.47774816116841823,0,0,0,1
2017-09-13,GOOGL,950.44,False,True,939.9635000000001,951.1353333333334,0,1,1,0.47546608783654876,0,0,0,1
2017-09-13,JPM,91.15,False,True,90.7875,91.30366666666667,0,1,1,0.5200662739556733,0,0,0,1
2017-09-13,MSFT,75.21,True,False,73.533,72.29216666666666,1,0,1,0.5782160800519134,1,0,1,0
2017-09-13,NFLX,183.64,False,False,173.082,169.49633333333333,1,0,1,0.4955378501953596,0,0,0,0
2017-09-13,XOM,79.77,False,True,77.36999999999999,79.43216666666666,0,1,1,0.5126383493248731,0,0,0,1
2017-09-14,AAPL,158.28,True,False,160.5705,154.01833333333332,1,0,1,0.6889988511214273,1,0,1,0
2017-09-14,AMZN,992.21,False,True,967.6125,987.1688333333334,0,1,1,0.40696583270336717,0,1,0,1
2017-09-14,BAC,24.24,False,True,23.6725,24.031499999999998,0,1,1,0.5488043321812951,0,0,0,1
2017-09-14,C,69.24,True,False,67.525,67.23716666666667,1,0,1,0.5663222890190885,1,0,1,0
2017-09-14,FB,170.96,True,False,170.058,164.54349999999997,1,0,1,0.5781497787188643,1,0,1,0
2017-09-14,GE,24.26,False,True,24.3985,25.646166666666666,0,1,1,0.4849707110241668,0,0,0,1
2017-09-14,GOOG,925.11,False,True,924.9285,932.8328333333334,0,1,1,0.5049754034275896,0,0,0,1
2017-09-14,GOOGL,940.13,False,True,939.7564999999998,950.6543333333334,0,1,1,0.5349260275712799,0,0,0,1
2017-09-14,JPM,90.97,False,True,90.73150000000001,91.36116666666666,0,1,1,0.4529366650950273,0,0,0,1
2017-09-14,MSFT,74.77,False,False,73.589,72.37316666666668,1,0,1,0.5444276759656784,0,0,0,0
2017-09-14,NFLX,182.63,False,False,173.7145,170.006,1,0,1,0.49605594846528156,0,0,0,0
2017-09-14,XOM,80.09,False,True,77.501,79.39516666666667,0,1,1,0.5147208950029057,0,0,0,1
2017-09-15,AAPL,159.88,False,False,160.67149999999998,154.25183333333334,1,0,1,0.5375117052514975,0,0,0,0
2017-09-15,AMZN,986.79,False,True,968.9234999999999,986.9114999999999,0,1,1,0.4342612302570041,0,1,0,1
2017-09-15,BAC,24.38,False,True,23.7095,24.052333333333333,0,1,1,0.5570948397360099,1,0,0,1
2017-09-15,C,69.04,False,False,67.647,67.324,1,0,1,0.5119635114962476,0,0,0,0
2017-09-15,FB,171.64,False,False,170.29450000000003,164.839,1,0,1,0.5318642313544231,0,0,0,0
2017-09-15,GE,23.93,False,True,24.357499999999998,25.582,0,1,1,0.5146765565116187,0,0,0,1
2017-09-15,GOOG,920.29,False,True,925.394,932.1801666666667,0,1,1,0.43425777252226827,0,1,0,1
2017-09-15,GOOGL,935.29,False,True,940.1379999999999,949.9326666666667,0,1,1,0.4749858901579106,0,0,0,1
2017-09-15,JPM,91.62,False,True,90.78,91.43616666666667,0,1,1,0.48651650879006403,0,0,0,1
2017-09-15,MSFT,75.31,False,False,73.7345,72.45716666666667,1,0,1,0.4539127903840331,0,0,0,0
2017-09-15,NFLX,182.35,False,False,174.52749999999997,170.46133333333333,1,0,1,0.5450413948002518,0,0,0,0
2017-09-15,XOM,80.07,False,True,77.69149999999999,79.37233333333333,0,1,1,0.4527443544381969,0,0,0,1
2017-09-18,AAPL,158.67,True,False,160.73,154.46916666666667,1,0,1,0.6864095634404427,1,0,1,0
2017-09-18,AMZN,974.19,False,True,969.7095000000002,986.4596666666667,0,1,1,0.4262518863791314,0,1,0,1
2017-09-18,BAC,24.7,False,True,23.7635,24.081833333333332,0,1,1,0.6112528888243125,1,0,0,1
2017-09-18,C,70.6,True,False,67.848,67.44033333333333,1,0,1,0.6158592328906772,1,0,1,0
2017-09-18,FB,170.01,True,False,170.42450000000002,165.11583333333334,1,0,1,0.6831603241435105,1,0,1,0
2017-09-18,GE,24.46,False,True,24.353,25.5305,0,1,1,0.5859601622887802,1,0,0,1
2017-09-18,GOOG,915.0,False,True,925.6105000000001,931.4786666666666,0,1,1,0.599998949510089,1,0,0,1
2017-09-18,GOOGL,929.75,False,True,940.3164999999999,949.1515,0,1,1,0.5884130329393286,1,0,0,1
2017-09-18,JPM,92.92,False,True,90.889,91.5345,0,1,1,0.579149895594841,1,0,0,1
2017-09-18,MSFT,75.16,False,False,73.86800000000001,72.53883333333333,1,0,1,0.5078010025384178,0,0,0,0
2017-09-18,NFLX,184.62,False,False,175.4315,170.95683333333332,1,0,1,0.5138640479805285,0,0,0,0
2017-09-18,XOM,80.09,False,True,77.864,79.35583333333332,0,1,1,0.4982616022229033,0,0,0,1
2017-09-19,AAPL,158.73,True,False,160.80599999999998,154.67666666666668,1,0,1,0.6132758109190672,1,0,1,0
2017-09-19,AMZN,969.86,False,True,970.5380000000001,985.895,0,1,1,0.5736497608472906,1,0,0,1
2017-09-19,BAC,24.86,False,True,23.8375,24.115833333333335,0,1,1,0.5992457460066473,1,0,0,1
2017-09-19,C,71.15,True,False,68.108,67.56933333333333,1,0,1,0.554968757255544,1,0,1,0
2017-09-19,FB,172.52,True,False,170.6615,165.40666666666667,1,0,1,0.6112286086657925,1,0,1,0
2017-09-19,GE,24.2,False,True,24.338500000000003,25.474333333333334,0,1,1,0.4340552398321104,0,1,0,1
2017-09-19,GOOG,921.81,False,True,926.368,930.7489999999999,0,1,1,0.6034778736239402,1,0,0,1
2017-09-19,GOOGL,936.86,False,True,941.116,948.331,0,1,1,0.5708225578720454,1,0,0,1
2017-09-19,JPM,93.94,False,True,91.0545,91.65249999999999,0,1,1,0.5470827084905336,0,0,0,1
2017-09-19,MSFT,75.44,False,False,74.0325,72.60933333333334,1,0,1,0.5445176917113466,0,0,0,0
2017-09-19,NFLX,185.68,False,False,176.3775,171.41783333333333,1,0,1,0.4797406129967254,0,0,0,0
2017-09-19,XOM,80.22,False,True,78.056,79.33266666666667,0,1,1,0.5035466247780437,0,0,0,1
2017-09-20,AAPL,156.07,True,False,160.62050000000002,154.8475,1,0,1,0.7049593524955272,1,0,1,0
2017-09-20,AMZN,973.21,False,True,970.8534999999999,985.5488333333334,0,1,1,0.629105433035076,1,0,0,1
2017-09-20,BAC,25.06,False,True,23.899,24.151999999999997,0,1,1,0.5403439252246186,0,0,0,1
2017-09-20,C,71.46,False,False,68.3385,67.69733333333333,1,0,1,0.49847683973204293,0,0,0,0
2017-09-20,FB,172.17,True,False,170.788,165.71633333333332,1,0,1,0.5890679335843918,1,0,1,0
2017-09-20,GE,24.32,False,True,24.3245,25.419500000000003,0,1,1,0.47224690662203045,0,0,0,1
2017-09-20,GOOG,931.58,False,True,926.7125,930.4041666666667,0,1,1,0.5636891145219252,1,0,0,1
2017-09-20,GOOGL,947.54,False,True,941.473,947.9218333333334,0,1,1,0.4877902356806977,0,0,0,1
2017-09-20,JPM,94.6,False,True,91.20649999999999,91.77516666666666,0,1,1,0.53227903762404,0,0,0,1
2017-09-20,MSFT,74.94,False,False,74.1215,72.68283333333333,1,0,1,0.5421911625983101,0,0,0,0
2017-09-20,NFLX,185.51,False,False,177.18599999999998,171.88466666666667,1,0,1,0.4787296120830836,0,0,0,0
2017-09-20,XOM,80.55,False,True,78.2465,79.32116666666667,0,1,1,0.507836010929783,0,0,0,1
2017-09-21,AAPL,153.39,True,False,160.291,155.00849999999997,1,0,1,0.7773901138759102,1,0,1,0
2017-09-21,AMZN,964.65,False,True,971.1859999999999,985.3466666666667,0,1,1,0.7423790396111734,1,0,0,1
2017-09-21,BAC,25.16,False,True,23.968999999999998,24.1835,0,1,1,0.5884057274603596,1,0,0,1
2017-09-21,C,71.76,False,False,68.565,67.82283333333334,1,0,0,0.5705441060803553,1,0,0,0
2017-09-21,FB,171.11,True,False,170.90800000000002,166.0585,1,0,1,0.6011041725225478,1,0,1,0
2017-09-21,GE,24.75,False,True,24.3425,25.3785,0,1,1,0.5869609203053271,1,0,0,1
2017-09-21,GOOG,932.45,False,True,926.985,930.4895,0,1,1,0.5005562231742614,0,0,0,1
2017-09-21,GOOGL,947.55,False,True,941.7215,947.9128333333333,0,1,1,0.502774936741697,0,0,0,1
2017-09-21,JPM,95.03,False,True,91.3745,91.8915,0,1,1,0.5866826201161487,1,0,0,1
2017-09-21,MSFT,74.21,True,False,74.196,72.76616666666668,1,0,1,0.6235948895712317,1,0,1,0
2017-09-21,NFLX,188.78,False,False,178.172,172.51383333333337,1,0,0,0.5823448854972991,1,0,0,0
2017-09-21,XOM,79.89,False,True,78.4105,79.30083333333333,0,1,1,0.5180947881201263,0,0,0,1
2017-09-22,AAPL,151.89,True,False,159.922,155.1095,1,0,1,0.817390385107368,1,0,1,0
2017-09-22,AMZN,955.1,False,True,971.3185,984.7595,0,1,1,0.7608602985397551,1,0,0,1
2017-09-22,BAC,25.02,False,True,24.028,24.2025,0,1,1,0.5406300985557151,0,0,0,1
2017-09-22,C,71.4,False,False,68.7505,67.92649999999999,1,0,1,0.5200906460264781,0,0,0,0
2017-09-22,FB,170.54,True,False,171.048,166.34683333333334,1,0,1,0.5833047202105962,1,0,1,0
2017-09-22,GE,24.87,False,True,24.371000000000002,25.341666666666665,0,1,1,0.5557685021421581,1,0,0,1
2017-09-22,GOOG,928.53,False,True,927.3475000000001,930.2901666666668,0,1,1,0.5283989733757878,0,0,0,1
2017-09-22,GOOGL,943.26,False,True,942.04,947.617,0,1,1,0.5499852992085738,0,0,0,1
2017-09-22,JPM,94.83,False,True,91.54,91.975,0,1,1,0.5268775146341252,0,0,0,1
2017-09-22,MSFT,74.41,True,False,74.282,72.843,1,0,1,0.617510073776998,1,0,1,0
2017-09-22,NFLX,187.35,False,False,179.13299999999998,173.07949999999997,1,0,1,0.5431147949614753,0,0,0,0
2017-09-22,XOM,79.92,False,True,78.59,79.27399999999999,0,1,1,0.5186617525507438,0,0,0,1
2017-09-25,AAPL,150.55,True,False,159.4565,155.22400000000002,1,0,1,0.8105789399066554,1,0,1,0
2017-09-25,AMZN,939.79,False,True,971.0450000000001,984.1571666666666,0,1,1,0.8186133995661778,1,0,0,1
2017-09-25,BAC,24.76,False,True,24.0775,24.209833333333332,0,1,1,0.5726963328604923,1,0,0,1
2017-09-25,C,70.84,False,False,68.9,67.99083333333333,1,0,1,0.4942440623348994,0,0,0,0
2017-09-25,FB,162.87,True,False,170.87550000000002,166.54399999999998,1,0,1,0.7492466112908173,1,0,1,0
2017-09-25,GE,25.11,False,True,24.402,25.309833333333337,0,1,1,0.5867784221620018,1,0,0,1
2017-09-25,GOOG,920.97,False,True,927.6015000000001,930.3431666666668,0,1,1,0.5155866136607716,0,0,0,1
2017-09-25,GOOGL,934.28,False,True,942.229,947.5579999999999,0,1,1,0.5237930864677235,0,0,0,1
2017-09-25,JPM,94.12,False,True,91.6515,92.02449999999999,0,1,1,0.509011110892153,0,0,0,1
2017-09-25,MSFT,73.26,True,False,74.304,72.9225,1,0,1,0.7085289188087355,1,0,1,0
2017-09-25,NFLX,178.55,True,False,179.763,173.55383333333336,1,0,1,0.6205327218752574,1,0,1,0
2017-09-25,XOM,80.98,False,True,78.803,79.27866666666667,0,1,1,0.5258096919096148,0,0,0,1
2017-09-26,AAPL,153.14,True,False,159.04,155.37600000000003,1,0,1,0.6170361722316502,1,0,1,0
2017-09-26,AMZN,938.6,False,True,970.674,983.6671666666666,0,1,1,0.6601758595796231,1,0,0,1
2017-09-26,BAC,24.81,False,True,24.131999999999998,24.218999999999998,0,1,1,0.521430232326784,0,0,0,1
2017-09-26,C,70.94,False,False,69.0565,68.0585,1,0,1,0.4956880071879245,0,0,0,0
2017-09-26,FB,164.21,True,False,170.724,166.76450000000003,1,0,1,0.7136077963553505,1,0,1,0
2017-09-26,GE,24.93,False,True,24.425,25.275166666666667,0,1,1,0.49594778426152075,0,0,0,1
2017-09-26,GOOG,924.86,False,True,928.1539999999999,930.6119999999999,0,1,1,0.5251556833093407,0,0,0,1
2017-09-26,GOOGL,937.43,False,True,942.6940000000001,947.6871666666666,0,1,1,0.5219386709358873,0,0,0,1
2017-09-26,JPM,93.7,False,True,91.7565,92.06283333333334,0,1,1,0.5376956910270364,0,0,0,1
2017-09-26,MSFT,73.26,True,False,74.3255,72.99466666666667,1,0,1,0.6648151875146339,1,0,1,0
2017-09-26,NFLX,179.38,True,False,180.37600000000003,174.0533333333333,1,0,1,0.6776506139073661,1,0,1,0
2017-09-26,XOM,80.89,False,True,79.024,79.28133333333334,0,1,1,0.48827251848889963,0,0,0,1
2017-09-27,AAPL,154.23,False,False,158.606,155.55483333333333,1,0,1,0.5445381986247109,0,0,0,0
2017-09-27,AMZN,950.87,False,True,970.5144999999999,983.6206666666666,0,1,1,0.5606026766564534,1,0,0,1
2017-09-27,BAC,25.41,False,True,24.223499999999998,24.23116666666667,0,1,1,0.5932244104359998,1,0,0,1
2017-09-27,C,72.28,False,False,69.29650000000001,68.1255,1,0,1,0.5448033977579148,0,0,0,0
2017-09-27,FB,167.68,True,False,170.7055,167.08533333333332,1,0,1,0.6485085844414537,1,0,1,0
2017-09-27,GE,24.37,False,True,24.4215,25.223833333333335,0,1,1,0.5868771654088374,1,0,0,1
2017-09-27,GOOG,944.49,False,True,929.314,931.3751666666667,0,1,1,0.5532040597308728,1,0,0,1
2017-09-27,GOOGL,959.9,False,True,943.9014999999999,948.3611666666667,0,1,1,0.5602429837085084,1,0,0,1
2017-09-27,JPM,95.18,False,True,91.9605,92.10333333333332,0,1,1,0.5278513898449538,0,0,0,1
2017-09-27,MSFT,73.85,True,False,74.3655,73.08933333333333,1,0,1,0.6007142213069745,1,0,1,0
2017-09-27,NFLX,181.97,True,False,181.034,174.65,1,0,1,0.6674876753386236,1,0,1,0
2017-09-27,XOM,81.43,False,False,79.273,79.27016666666667,1,0,0,0.5235995761550795,0,0,0,0
2017-09-28,AAPL,153.28,False,False,158.10250000000002,155.708,1,0,1,0.5270284449280744,0,0,0,0
2017-09-28,AMZN,956.4,False,True,969.9550000000002,983.3706666666668,0,1,1,0.5119176074055832,0,0,0,1
2017-09-28,BAC,25.45,False,False,24.302500000000002,24.240000000000002,1,0,1,0.5088146620722246,0,0,0,0
2017-09-28,C,72.65,False,False,69.5285,68.1955,1,0,0,0.5249983310161305,0,0,0,0
2017-09-28,FB,168.73,True,False,170.64600000000002,167.39183333333332,1,0,1,0.5861277450718227,1,0,1,0
2017-09-28,GE,24.24,False,True,24.4195,25.172,0,1,1,0.733099712635988,1,0,0,1
2017-09-28,GOOG,949.5,False,True,930.3104999999999,932.005,0,1,1,0.48144597262398303,0,0,0,1
2017-09-28,GOOGL,964.81,False,True,944.9604999999999,948.9036666666667,0,1,1,0.4926092501546933,0,0,0,1
2017-09-28,JPM,95.38,False,False,92.164,92.13166666666666,1,0,1,0.4844114768189379,0,0,0,0
2017-09-28,MSFT,73.87,True,False,74.3585,73.16916666666665,1,0,1,0.6375410370281137,1,0,1,0
2017-09-28,NFLX,180.7,True,False,181.3345,175.2015,1,0,1,0.7325080696214878,1,0,1,0
2017-09-28,XOM,82.19,False,False,79.5775,79.2925,1,0,0,0.5140140371870505,0,0,0,0
2017-09-29,AAPL,154.12,False,True,157.6085,155.89783333333335,1,0,1,0.43551182088349916,0,1,0,1
2017-09-29,AMZN,961.35,False,True,968.9925,983.3075,0,1,1,0.4550284160221677,0,0,0,1
2017-09-29,BAC,25.34,False,False,24.375,24.2505,1,0,1,0.5112196670430582,0,0,0,0
2017-09-29,C,72.74,False,False,69.764,68.28066666666668,1,0,0,0.4993393695869636,0,0,0,0
2017-09-29,FB,170.87,True,False,170.59099999999998,167.75933333333333,1,0,1,0.5736569783969034,1,0,1,0
2017-09-29,GE,24.18,False,True,24.401,25.1365,0,1,1,0.7674307652793582,1,0,0,1
2017-09-29,GOOG,959.11,False,True,931.2995000000001,932.8786666666667,0,1,1,0.5358909683052435,0,0,0,1
2017-09-29,GOOGL,973.72,False,True,945.8844999999999,949.6708333333333,0,1,1,0.5191465940042815,0,0,0,1
2017-09-29,JPM,95.51,False,False,92.39500000000001,92.16716666666666,1,0,1,0.49896722009960137,0,0,0,0
2017-09-29,MSFT,74.49,True,False,74.3445,73.26783333333334,1,0,1,0.5866897684780925,1,0,1,0
2017-09-29,NFLX,181.35,True,False,181.66649999999998,175.78650000000002,1,0,1,0.6841666608145269,1,0,1,0
2017-09-29,XOM,81.98,False,False,79.86,79.3235,1,0,0,0.5292576575580055,0,0,0,0
2017-10-02,AAPL,153.81,False,True,157.0965,156.05833333333334,1,0,1,0.38374658558170777,0,1,0,1
2017-10-02,AMZN,959.19,False,True,968.0395000000001,982.9813333333334,0,1,1,0.4023921328044754,0,1,0,1
2017-10-02,BAC,25.62,True,False,24.4515,24.263666666666666,1,0,1,0.5922134977951891,1,0,1,0
2017-10-02,C,73.8,False,False,70.025,68.37883333333333,1,0,0,0.6005062213336766,1,0,0,0
2017-10-02,FB,169.47,False,True,170.4635,168.05983333333333,1,0,1,0.4483009047850714,0,1,0,1
2017-10-02,GE,24.57,False,True,24.3725,25.110166666666665,0,1,1,0.6854950722940305,1,0,0,1
2017-10-02,GOOG,953.27,False,True,932.0960000000001,933.4566666666667,0,1,1,0.45880130854981993,0,0,0,1
2017-10-02,GOOGL,967.47,False,True,946.6584999999999,950.1151666666667,0,1,1,0.45430963627276355,0,0,0,1
2017-10-02,JPM,96.84,False,False,92.65200000000002,92.21700000000001,1,0,0,0.560895631586513,1,0,0,0
2017-10-02,MSFT,74.61,False,False,74.378,73.35366666666667,1,0,1,0.541805401993968,0,0,0,0
2017-10-02,NFLX,177.01,True,False,181.78,176.23366666666666,1,0,1,0.6504410248057569,1,0,1,0
2017-10-02,XOM,81.63,False,False,80.113,79.347,1,0,1,0.45892155542483626,0,0,0,0
2017-10-03,AAPL,154.48,False,False,156.7165,156.2153333333333,1,0,1,0.4712362493926457,0,0,0,0
2017-10-03,AMZN,957.1,False,True,967.631,982.3251666666667,0,1,1,0.4005705592398516,0,1,0,1
2017-10-03,BAC,25.86,True,False,24.579,24.279833333333332,1,0,1,0.5917343742583778,1,0,1,0
2017-10-03,C,74.13,False,False,70.3735,68.48683333333334,1,0,0,0.5852292433656138,1,0,0,0
2017-10-03,FB,169.96,False,False,170.4255,168.33416666666665,1,0,1,0.49866609751038254,0,0,0,0
2017-10-03,GE,24.8,False,True,24.3745,25.089499999999997,0,1,1,0.6063821131674247,1,0,0,1
2017-10-03,GOOG,957.79,False,True,933.5629999999999,933.9398333333334,0,1,1,0.4885111888544044,0,0,0,1
2017-10-03,GOOGL,972.08,False,True,948.1885,950.4665000000001,0,1,1,0.49309507550388715,0,0,0,1
2017-10-03,JPM,97.35,False,False,93.04400000000001,92.28633333333332,1,0,0,0.5700156402901858,1,0,0,0
2017-10-03,MSFT,74.26,False,False,74.4105,73.425,1,0,1,0.5404730360755936,0,0,0,0
2017-10-03,NFLX,179.19,True,False,182.0135,176.67566666666667,1,0,1,0.5865297410814877,1,0,1,0
2017-10-03,XOM,81.76,False,False,80.342,79.37366666666667,1,0,1,0.4768593819820801,0,0,0,0
2017-10-04,AAPL,153.48,False,True,156.29500000000002,156.34783333333334,0,1,1,0.5813387690159458,1,0,0,1
2017-10-04,AMZN,965.45,False,True,967.5135,981.8471666666667,0,1,1,0.5399790695633591,0,0,0,1
2017-10-04,BAC,25.71,False,False,24.694,24.298333333333336,1,0,1,0.4741744538988648,0,0,0,0
2017-10-04,C,74.06,False,False,70.7105,68.6075,1,0,0,0.5116633722616342,0,0,0,0
2017-10-04,FB,168.42,False,False,170.24200000000002,168.55333333333334,1,0,1,0.5380878816997551,0,0,0,0
2017-10-04,GE,24.48,False,True,24.3525,25.057833333333335,0,1,1,0.6198634188782026,1,0,0,1
2017-10-04,GOOG,951.68,False,True,934.7564999999998,934.2996666666667,1,0,1,0.4163106837452069,0,1,0,1
2017-10-04,GOOGL,966.78,False,True,949.4264999999999,950.6873333333333,0,1,1,0.4131838796150353,0,1,0,1
2017-10-04,JPM,96.36,False,False,93.3565,92.34516666666667,1,0,1,0.4939686602238429,0,0,0,0
2017-10-04,MSFT,74.69,True,False,74.475,73.50333333333333,1,0,1,0.5864316264530599,1,0,1,0
2017-10-04,NFLX,184.45,True,False,182.27349999999998,177.17766666666665,1,0,1,0.6399938399323056,1,0,1,0
2017-10-04,XOM,81.79,False,False,80.49249999999999,79.39349999999999,1,0,1,0.4635499091538741,0,0,0,0
2017-10-05,AAPL,155.39,False,True,156.0015,156.50866666666667,0,1,1,0.5563469069253552,1,0,0,1
2017-10-05,AMZN,980.85,False,True,967.5824999999999,981.4195,0,1,1,0.5181413507220869,0,0,0,1
2017-10-05,BAC,26.13,False,False,24.851999999999997,24.328,1,0,0,0.5673826590012865,1,0,0,0
2017-10-05,C,75.72,False,False,71.1935,68.75416666666666,1,0,0,0.6020173410596468,1,0,0,0
2017-10-05,FB,171.24,True,False,170.1435,168.759,1,0,1,0.6078518857017856,1,0,1,0
2017-10-05,GE,24.54,False,True,24.3785,25.023833333333332,0,1,1,0.501879363857065,0,0,0,1
2017-10-05,GOOG,969.96,True,False,936.4570000000001,934.7351666666667,1,0,1,0.5844323954197516,1,0,1,0
2017-10-05,GOOGL,985.19,True,False,951.1914999999999,950.9795,1,0,1,0.5885585853344832,1,0,1,0
2017-10-05,JPM,97.09,False,False,93.78450000000001,92.42150000000001,1,0,1,0.5046567584068345,0,0,0,0
2017-10-05,MSFT,75.97,True,False,74.5565,73.58366666666667,1,0,1,0.5519161818252977,1,0,1,0
2017-10-05,NFLX,194.39,True,False,183.04299999999998,177.77166666666665,1,0,1,0.8197365736881288,1,0,1,0
2017-10-05,XOM,82.02,False,False,80.64200000000001,79.41116666666666,1,0,1,0.46783419923105685,0,0,0,0
2017-10-06,AAPL,155.3,False,True,155.83499999999998,156.63416666666666,0,1,1,0.5167731838962177,0,0,0,1
2017-10-06,AMZN,989.58,False,True,968.7665000000001,981.2353333333333,0,1,1,0.4799674098837617,0,0,0,1
2017-10-06,BAC,26.21,False,False,25.018,24.354499999999998,1,0,0,0.5485217483257228,0,0,0,0
2017-10-06,C,75.64,False,False,71.667,68.89783333333334,1,0,0,0.5889889235435017,1,0,0,0
2017-10-06,FB,172.23,True,False,170.2075,168.97516666666667,1,0,1,0.5624480447489378,1,0,1,0
2017-10-06,GE,24.39,False,True,24.407000000000004,24.983833333333333,0,1,1,0.4704202031073724,0,0,0,1
2017-10-06,GOOG,978.89,True,False,939.0765000000001,935.2639999999999,1,0,1,0.5938107830986693,1,0,1,0
2017-10-06,GOOGL,993.64,True,False,953.8030000000001,951.3926666666667,1,0,1,0.5894216850827368,1,0,1,0
2017-10-06,JPM,96.92,False,False,94.20949999999999,92.48516666666666,1,0,1,0.4906670111576353,0,0,0,0
2017-10-06,MSFT,76.0,False,False,74.6575,73.65416666666667,1,0,1,0.5283054966690838,0,0,0,0
2017-10-06,NFLX,198.02,False,False,184.123,178.43516666666665,1,0,0,0.620232216160782,1,0,0,0
2017-10-06,XOM,81.71,False,False,80.7865,79.4235,1,0,1,0.46905049693463297,0,0,0,0
2017-10-09,AAPL,155.84,False,True,155.55199999999996,156.74749999999997,0,1,1,0.5119302406905802,0,0,0,1
2017-10-09,AMZN,990.99,False,True,969.418,981.055,0,1,1,0.4527475712243361,0,0,0,1
2017-10-09,BAC,25.85,False,False,25.1425,24.38183333333333,1,0,1,0.5059006818901398,0,0,0,0
2017-10-09,C,75.39,False,False,72.051,69.04233333333333,1,0,0,0.49595334625599646,0,0,0,0
2017-10-09,FB,172.5,False,False,170.15699999999998,169.184,1,0,1,0.5309013370436176,0,0,0,0
2017-10-09,GE,23.43,False,True,24.392500000000002,24.928,0,1,1,0.6745163389786253,1,0,0,1
2017-10-09,GOOG,977.0,False,True,941.4725000000001,935.6141666666666,1,0,1,0.43663618087160416,0,1,0,1
2017-10-09,GOOGL,992.31,False,False,956.2539999999999,951.6493333333333,1,0,1,0.4743443454768925,0,0,0,0
2017-10-09,JPM,96.41,False,False,94.5405,92.5545,1,0,1,0.490114710850815,0,0,0,0
2017-10-09,MSFT,76.29,False,False,74.73400000000001,73.71266666666666,1,0,1,0.5356016212838289,0,0,0,0
2017-10-09,NFLX,196.87,True,False,184.8795,179.031,1,0,1,0.6188852903212266,1,0,1,0
2017-10-09,XOM,82.03,False,False,80.9255,79.43599999999999,1,0,1,0.5011058444408224,0,0,0,0
2017-10-10,AAPL,155.9,False,True,155.304,156.85316666666668,0,1,1,0.541439269488388,0,0,0,1
2017-10-10,AMZN,987.2,False,True,969.649,980.6743333333333,0,1,1,0.4180265490382248,0,1,0,1
2017-10-10,BAC,25.93,False,False,25.2415,24.413666666666664,1,0,1,0.495004821458431,0,0,0,0
2017-10-10,C,75.18,False,False,72.3705,69.1815,1,0,0,0.49439616688001115,0,0,0,0
2017-10-10,FB,171.59,False,False,170.0885,169.38166666666666,1,0,1,0.5453970665393448,0,0,0,0
2017-10-10,GE,23.36,False,True,24.365000000000002,24.870333333333335,0,1,1,0.731629012572599,1,0,0,1
2017-10-10,GOOG,972.6,False,True,943.499,935.9338333333333,1,0,1,0.40547252469043915,0,1,0,1
2017-10-10,GOOGL,987.8,False,True,958.3115,951.8466666666667,1,0,1,0.4006536395107914,0,1,0,1
2017-10-10,JPM,97.13,False,False,94.8525,92.65016666666666,1,0,1,0.5163698936336543,0,0,0,0
2017-10-10,MSFT,76.29,False,False,74.8145,73.76166666666667,1,0,1,0.5433833247464119,0,0,0,0
2017-10-10,NFLX,195.08,True,False,185.376,179.58733333333333,1,0,1,0.6163516256852697,1,0,1,0
2017-10-10,XOM,82.26,False,False,81.0635,79.45933333333332,1,0,1,0.48507421591027994,0,0,0,0
2017-10-11,AAPL,156.55,False,True,155.149,156.96099999999998,0,1,1,0.5369482577051001,0,0,0,1
2017-10-11,AMZN,995.0,False,True,969.4190000000001,980.1835,0,1,1,0.4922459111626231,0,0,0,1
2017-10-11,BAC,25.83,False,False,25.316499999999998,24.445833333333333,1,0,1,0.5013126361190213,0,0,0,0
2017-10-11,C,74.94,False,False,72.648,69.31566666666666,1,0,0,0.4863539070618551,0,0,0,0
2017-10-11,FB,172.74,True,False,170.073,169.5463333333333,1,0,1,0.5949539343441433,1,0,1,0
2017-10-11,GE,23.07,False,True,24.313,24.806666666666665,0,1,1,0.7968167199741252,1,0,0,1
2017-10-11,GOOG,989.25,False,False,946.207,936.3313333333333,1,0,0,0.6195060893165514,1,0,0,0
2017-10-11,GOOGL,1005.65,False,False,961.0719999999999,952.1583333333333,1,0,0,0.6262217994245546,1,0,0,0
2017-10-11,JPM,96.84,False,False,95.137,92.74633333333333,1,0,1,0.5017529460219123,0,0,0,0
2017-10-11,MSFT,76.42,False,False,74.875,73.81366666666666,1,0,1,0.5437464391316538,0,0,0,0
2017-10-11,NFLX,194.95,True,False,185.9415,179.7765,1,0,1,0.5765652581155085,1,0,1,0
2017-10-11,XOM,82.6,False,False,81.20500000000001,79.49266666666668,1,0,0,0.48563965418658744,0,0,0,0
2017-10-12,AAPL,156.0,False,True,155.035,157.04399999999998,0,1,1,0.576609746368736,1,0,0,1
2017-10-12,AMZN,1000.93,False,True,969.8549999999999,979.7511666666667,0,1,1,0.5003126113156408,0,0,0,1
2017-10-12,BAC,25.45,True,False,25.377,24.468999999999998,1,0,1,0.6252099989436563,1,0,1,0
2017-10-12,C,72.37,True,False,72.80449999999999,69.41016666666665,1,0,1,0.649371414807825,1,0,1,0
2017-10-12,FB,172.55,False,False,170.1525,169.6865,1,0,1,0.5457974020059547,0,0,0,0
2017-10-12,GE,23.05,False,True,24.2525,24.741833333333336,0,1,1,0.7487363394495355,1,0,0,1
2017-10-12,GOOG,987.83,False,False,949.3430000000001,936.6136666666666,1,0,1,0.4867887220332472,0,0,0,0
2017-10-12,GOOGL,1005.65,False,False,964.3480000000002,952.3729999999999,1,0,0,0.5351365019123954,0,0,0,0
2017-10-12,JPM,95.99,False,False,95.388,92.82616666666668,1,0,1,0.5075686425049003,0,0,0,0
2017-10-12,MSFT,77.12,False,False,74.99249999999999,73.868,1,0,0,0.5337974257843962,0,0,0,0
2017-10-12,NFLX,195.86,False,False,186.603,179.97650000000002,1,0,1,0.4954315939933645,0,0,0,0
2017-10-12,XOM,82.43,False,False,81.322,79.519,1,0,1,0.471128173993063,0,0,0,0
2017-10-13,AAPL,156.99,False,True,154.8905,157.15483333333333,0,1,1,0.5798174824222361,1,0,0,1
2017-10-13,AMZN,1002.94,False,True,970.6625,979.3218333333333,0,1,1,0.4484013163806902,0,1,0,1
2017-10-13,BAC,25.83,False,False,25.4495,24.5005,1,0,1,0.5295889280887094,0,0,0,0
2017-10-13,C,72.11,True,False,72.958,69.50600000000001,1,0,1,0.6655509598454066,1,0,1,0
2017-10-13,FB,173.74,True,False,170.2575,169.84,1,0,1,0.5517952837214182,1,0,1,0
2017-10-13,GE,22.98,False,True,24.205000000000002,24.68,0,1,1,0.7517828337814291,1,0,0,1
2017-10-13,GOOG,989.68,False,False,952.8125,936.9725,1,0,1,0.48654576694523516,0,0,0,0
2017-10-13,GOOGL,1007.87,False,False,967.9770000000001,952.6343333333333,1,0,0,0.49673404931204335,0,0,0,0
2017-10-13,JPM,95.86,True,False,95.6,92.90383333333334,1,0,1,0.5644379785865851,1,0,1,0
2017-10-13,MSFT,77.49,False,False,75.1015,73.92249999999999,1,0,0,0.5420953255174097,0,0,0,0
2017-10-13,NFLX,199.49,True,False,187.46,180.24133333333333,1,0,1,0.5526301962107577,1,0,1,0
2017-10-13,XOM,82.41,False,False,81.439,79.54483333333334,1,0,1,0.4898467991084768,0,0,0,0
2017-10-16,AAPL,159.88,False,True,154.951,157.31500000000003,0,1,1,0.5455530814019459,0,0,0,1
2017-10-16,AMZN,1006.34,False,True,972.2699999999999,978.9996666666667,0,1,1,0.442221021100884,0,1,0,1
2017-10-16,BAC,26.24,False,False,25.526500000000002,24.541166666666665,1,0,1,0.5362352204287394,0,0,0,0
2017-10-16,C,71.77,True,False,73.01650000000001,69.60216666666666,1,0,1,0.7560928776316918,1,0,1,0
2017-10-16,FB,174.52,False,False,170.483,170.00816666666668,1,0,1,0.5385912781843419,0,0,0,0
2017-10-16,GE,23.36,False,True,24.15,24.6375,0,1,1,0.5400677925674431,0,0,0,1
2017-10-16,GOOG,992.0,False,False,956.6625,937.2905,1,0,0,0.45393785776118395,0,0,0,0
2017-10-16,GOOGL,1009.35,False,True,971.957,952.8928333333333,1,0,0,0.4445013122531269,0,1,0,1
2017-10-16,JPM,97.84,True,False,95.846,93.01966666666667,1,0,1,0.557729005332319,1,0,1,0
2017-10-16,MSFT,77.65,False,False,75.226,73.98683333333334,1,0,0,0.47857729711411856,0,0,0,0
2017-10-16,NFLX,202.68,False,False,188.363,180.477,1,0,0,0.5563747169948332,1,0,0,0
2017-10-16,XOM,82.81,False,False,81.575,79.58966666666666,1,0,0,0.4785589570037366,0,0,0,0
2017-10-17,AAPL,160.47,False,True,155.038,157.45466666666667,0,1,1,0.5609959877647591,1,0,0,1
2017-10-17,AMZN,1009.13,False,True,974.2334999999999,978.5026666666666,0,1,1,0.4982008241992963,0,0,0,1
2017-10-17,BAC,26.2,False,False,25.5935,24.579333333333334,1,0,1,0.5034440536687207,0,0,0,0
2017-10-17,C,72.19,True,False,73.0685,69.70366666666668,1,0,1,0.6741114476021477,1,0,1,0
2017-10-17,FB,176.11,False,False,170.6625,170.17666666666668,1,0,1,0.5308158214193055,0,0,0,0
2017-10-17,GE,23.19,False,True,24.0995,24.600166666666667,0,1,1,0.49942181968016713,0,0,0,1
2017-10-17,GOOG,992.18,False,False,960.1810000000002,937.4878333333332,1,0,0,0.515436468156205,0,0,0,0
2017-10-17,GOOGL,1011.0,False,False,975.664,953.1043333333333,1,0,0,0.4663412491528943,0,0,0,0
2017-10-17,JPM,97.62,False,False,96.03,93.12533333333334,1,0,1,0.5088450968766469,0,0,0,0
2017-10-17,MSFT,77.59,False,False,75.3335,74.05333333333334,1,0,0,0.5244299376440938,0,0,0,0
2017-10-17,NFLX,199.48,False,True,189.053,180.66983333333332,1,0,1,0.4301116232732573,0,1,0,1
2017-10-17,XOM,82.96,False,False,81.712,79.64116666666665,1,0,0,0.4713426656780862,0,0,0,0
2017-10-18,AAPL,159.76,False,True,155.2225,157.5716666666667,0,1,1,0.520030372912673,0,0,0,1
2017-10-18,AMZN,997.0,False,True,975.423,977.7881666666667,0,1,1,0.41027281373972213,0,1,0,1
2017-10-18,BAC,26.48,True,False,25.664499999999997,24.612666666666666,1,0,1,0.5537171785658359,1,0,1,0
2017-10-18,C,73.12,True,False,73.1515,69.78850000000001,1,0,1,0.64014317402341,1,0,1,0
2017-10-18,FB,176.03,False,False,170.8555,170.35583333333335,1,0,1,0.5259047694909246,0,0,0,0
2017-10-18,GE,23.12,False,True,24.0395,24.561500000000002,0,1,1,0.4400359398739134,0,1,0,1
2017-10-18,GOOG,992.81,False,True,963.2425,938.1896666666667,1,0,0,0.4439083549157338,0,1,0,1
2017-10-18,GOOGL,1012.74,False,False,978.924,953.8328333333334,1,0,0,0.46735153436016014,0,0,0,0
2017-10-18,JPM,97.99,False,False,96.1995,93.21183333333333,1,0,1,0.5308800544299547,0,0,0,0
2017-10-18,MSFT,77.61,False,False,75.46700000000001,74.11033333333333,1,0,0,0.4834411138114592,0,0,0,0
2017-10-18,NFLX,195.54,False,False,189.55450000000002,180.81266666666667,1,0,1,0.5131164608833354,0,0,0,0
2017-10-18,XOM,82.76,False,False,81.8225,79.68266666666666,1,0,1,0.47090307699856804,0,0,0,0
2017-10-19,AAPL,155.98,False,True,155.352,157.61366666666666,0,1,1,0.5017034343263413,0,0,0,1
2017-10-19,AMZN,986.61,False,True,976.5210000000001,976.685,0,1,1,0.5009773142422962,0,0,0,1
2017-10-19,BAC,26.58,True,False,25.735500000000002,24.65216666666667,1,0,1,0.5892709786709339,1,0,1,0
2017-10-19,C,72.88,True,False,73.2075,69.87016666666666,1,0,1,0.5530252254397001,1,0,1,0
2017-10-19,FB,174.56,False,False,171.028,170.505,1,0,1,0.5262616964563983,0,0,0,0
2017-10-19,GE,23.58,False,True,23.981,24.528,0,1,1,0.5784555644755861,1,0,0,1
2017-10-19,GOOG,984.45,False,False,965.8425,938.8004999999999,1,0,1,0.4592296589089668,0,0,0,0
2017-10-19,GOOGL,1001.84,False,True,981.6385,954.4416666666667,1,0,1,0.44292303686020784,0,1,0,1
2017-10-19,JPM,98.11,False,False,96.35350000000001,93.31483333333334,1,0,1,0.5219343078324523,0,0,0,0
2017-10-19,MSFT,77.91,False,False,75.652,74.17466666666665,1,0,0,0.5261016223194677,0,0,0,0
2017-10-19,NFLX,195.13,False,False,189.872,180.9135,1,0,1,0.5479344852221864,0,0,0,0
2017-10-19,XOM,82.74,False,False,81.965,79.72216666666667,1,0,1,0.49043802148507465,0,0,0,0
2017-10-20,AAPL,156.25,False,True,155.57,157.70850000000002,0,1,1,0.5335234496886424,0,0,0,1
2017-10-20,AMZN,982.91,True,False,977.9114999999999,975.6335,1,0,1,0.6605767044293003,1,0,1,0
2017-10-20,BAC,27.17,False,False,25.843,24.703166666666664,1,0,0,0.6224543189490318,1,0,0,0
2017-10-20,C,73.53,True,False,73.31400000000001,69.96900000000001,1,0,1,0.5887889475777798,1,0,1,0
2017-10-20,FB,174.98,False,False,171.25,170.58066666666667,1,0,1,0.5333765017575938,0,0,0,0
2017-10-20,GE,23.83,False,True,23.929,24.495333333333335,0,1,1,0.4464126106037089,0,1,0,1
2017-10-20,GOOG,988.2,False,False,968.826,939.7023333333333,1,0,1,0.4753745369060802,0,0,0,0
2017-10-20,GOOGL,1005.07,False,False,984.729,955.3176666666666,1,0,1,0.45634814520634004,0,0,0,0
2017-10-20,JPM,99.51,False,False,96.5875,93.44749999999999,1,0,0,0.5603262306489573,1,0,0,0
2017-10-20,MSFT,78.81,False,False,75.872,74.26883333333333,1,0,0,0.4811358422953945,0,0,0,0
2017-10-20,NFLX,194.16,True,False,190.2125,181.10483333333332,1,0,1,0.6256149593707678,1,0,1,0
2017-10-20,XOM,83.11,False,False,82.1245,79.76016666666668,1,0,0,0.4770527413164023,0,0,0,0
2017-10-23,AAPL,156.17,False,True,155.851,157.81966666666668,0,1,1,0.6530641732422675,1,0,0,1
2017-10-23,AMZN,966.3,True,False,979.2369999999999,974.7378333333332,1,0,1,0.7917992075499151,1,0,1,0
2017-10-23,BAC,27.16,False,False,25.963,24.755333333333333,1,0,0,0.5611525984205372,1,0,0,0
2017-10-23,C,73.53,True,False,73.4485,70.07066666666667,1,0,1,0.5722273392543913,1,0,1,0
2017-10-23,FB,171.27,True,False,171.67000000000002,170.561,1,0,1,0.6778642418023462,1,0,1,0
2017-10-23,GE,22.32,False,True,23.789499999999997,24.44183333333333,0,1,1,0.7691981689523739,1,0,0,1
2017-10-23,GOOG,968.45,True,False,971.2,940.1510000000001,1,0,1,0.6707244986878635,1,0,1,0
2017-10-23,GOOGL,985.54,True,False,987.292,955.7711666666668,1,0,1,0.6703601845733229,1,0,1,0
2017-10-23,JPM,99.34,False,False,96.8485,93.58183333333334,1,0,1,0.47284013410259873,0,0,0,0
2017-10-23,MSFT,78.83,False,False,76.1505,74.36533333333334,1,0,0,0.477677605520507,0,0,0,0
2017-10-23,NFLX,192.47,True,False,190.9085,181.24533333333335,1,0,1,0.7263733075333931,1,0,1,0
2017-10-23,XOM,83.24,False,False,82.2375,79.82083333333334,1,0,0,0.46765756727762114,0,0,0,0
2017-10-24,AAPL,157.1,False,True,156.049,157.95916666666668,0,1,1,0.6378866826505077,1,0,0,1
2017-10-24,AMZN,975.9,True,False,981.1020000000001,974.5398333333334,1,0,1,0.5754524855604155,1,0,1,0
2017-10-24,BAC,27.68,False,False,26.1065,24.814666666666668,1,0,0,0.6249749176417838,1,0,0,0
2017-10-24,C,74.24,True,False,73.6135,70.16716666666667,1,0,1,0.5822161762698704,1,0,1,0
2017-10-24,FB,171.8,True,False,172.0495,170.60350000000003,1,0,1,0.656729017976597,1,0,1,0
2017-10-24,GE,21.89,False,True,23.6375,24.379833333333337,0,1,1,0.8133192579309801,1,0,0,1
2017-10-24,GOOG,970.54,True,False,973.484,940.8183333333333,1,0,1,0.6505939822486253,1,0,1,0
2017-10-24,GOOGL,988.49,True,False,989.8449999999999,956.4876666666667,1,0,1,0.643809632439484,1,0,1,0
2017-10-24,JPM,100.92,False,False,97.2095,93.73383333333332,1,0,0,0.5854475504339085,1,0,0,0
2017-10-24,MSFT,78.86,False,False,76.4305,74.468,1,0,0,0.5122881239728077,0,0,0,0
2017-10-24,NFLX,196.02,True,False,191.7405,181.48466666666667,1,0,1,0.6447919073100529,1,0,1,0
2017-10-24,XOM,83.47,False,False,82.3665,79.878,1,0,0,0.4985934398031065,0,0,0,0
2017-10-25,AAPL,156.41,False,True,156.158,157.92283333333336,0,1,1,0.6721233479923933,1,0,0,1
2017-10-25,AMZN,972.91,True,False,982.2040000000001,974.2171666666667,1,0,1,0.7004684758761347,1,0,1,0
2017-10-25,BAC,27.635,False,False,26.217750000000002,24.85925,1,0,0,0.5731818752843474,1,0,0,0
2017-10-25,C,73.62,True,False,73.6805,70.23416666666667,1,0,1,0.5793132693567771,1,0,1,0
2017-10-25,FB,170.6,True,False,172.1955,170.6158333333333,1,0,1,0.6518004836603992,1,0,1,0
2017-10-25,GE,21.525,False,True,23.495250000000002,24.314583333333335,0,1,1,0.8563574525235278,1,0,0,1
2017-10-25,GOOG,973.33,True,False,974.926,941.5266666666666,1,0,1,0.6391188806319936,1,0,1,0
2017-10-25,GOOGL,991.46,True,False,991.423,957.236,1,0,1,0.6443954053264386,1,0,1,0
2017-10-25,JPM,101.04,False,False,97.5025,93.86733333333333,1,0,0,0.5654839407066333,1,0,0,0
2017-10-25,MSFT,78.63,False,False,76.6695,74.56883333333333,1,0,0,0.48597317008579616,0,0,0,0
2017-10-25,NFLX,193.77,True,False,192.3305,181.68033333333332,1,0,1,0.6516472836653661,1,0,1,0
2017-10-25,XOM,83.195,False,False,82.45475,79.92841666666666,1,0,1,0.47867467785582557,0,0,0,0
2017-10-26,AAPL,157.41,False,True,156.3645,157.92733333333334,0,1,1,0.544472275865818,0,0,0,1
2017-10-26,AMZN,972.43,True,False,983.0055,973.8261666666666,1,0,1,0.6399130868749452,1,0,1,0
2017-10-26,BAC,27.74,False,False,26.33225,24.91175,1,0,0,0.582776665361377,1,0,0,0
2017-10-26,C,73.79,True,False,73.7375,70.307,1,0,1,0.5627311687397065,1,0,1,0
2017-10-26,FB,170.63,True,False,172.2905,170.638,1,0,1,0.6581266664608435,1,0,1,0
2017-10-26,GE,21.32,False,True,23.34925,24.244583333333335,0,1,1,0.8625241704800113,1,0,0,1
2017-10-26,GOOG,972.56,True,False,976.0790000000001,942.2295,1,0,1,0.6402991011059206,1,0,1,0
2017-10-26,GOOGL,991.42,True,False,992.7535,957.9656666666666,1,0,1,0.6249476360298688,1,0,1,0
2017-10-26,JPM,101.74,False,False,97.82050000000001,94.01116666666667,1,0,0,0.5846570548356008,1,0,0,0
2017-10-26,MSFT,78.76,False,False,76.914,74.67716666666666,1,0,0,0.4580886830903812,0,0,0,0
2017-10-26,NFLX,195.21,True,False,193.056,181.9215,1,0,1,0.6100260747856943,1,0,1,0
2017-10-26,XOM,83.47,False,False,82.51875,79.97625,1,0,0,0.46573266775909783,0,0,0,0
2017-10-27,AAPL,163.05,False,True,156.81099999999998,158.052,0,1,1,0.714435142220719,1,0,0,1
2017-10-27,AMZN,1100.95,False,False,989.9855000000001,975.7266666666667,1,0,0,0.9591117350365275,1,0,0,0
2017-10-27,BAC,27.8,False,False,26.45525,24.968916666666665,1,0,0,0.5473398965895283,0,0,0,0
2017-10-27,C,73.87,True,False,73.79400000000001,70.40266666666666,1,0,1,0.5514582393801966,1,0,1,0
2017-10-27,FB,177.88,True,False,172.64100000000002,170.79283333333333,1,0,1,0.7002112746641099,1,0,1,0
2017-10-27,GE,20.79,False,True,23.179750000000002,24.16175,0,1,1,0.9437140976674251,1,0,0,1
2017-10-27,GOOG,1019.27,False,False,979.0869999999999,943.8231666666667,1,0,0,0.7707765585096635,1,0,0,0
2017-10-27,GOOGL,1033.67,False,False,995.751,959.5218333333335,1,0,0,0.7404241838014931,1,0,0,0
2017-10-27,JPM,101.77,False,False,98.1335,94.16566666666668,1,0,0,0.5194955459446583,0,0,0,0
2017-10-27,MSFT,83.81,False,False,77.38000000000001,74.8715,1,0,0,0.8786343682243892,1,0,0,0
2017-10-27,NFLX,199.54,True,False,193.96550000000002,182.26000000000002,1,0,1,0.5851493353925101,1,0,1,0
2017-10-27,XOM,83.71,False,False,82.60525,80.02991666666667,1,0,0,0.45091490659569283,0,0,0,0
2017-10-30,AAPL,166.72,False,True,157.4565,158.2241666666667,0,1,0,0.6564379611355924,1,0,0,1
2017-10-30,AMZN,1110.85,False,False,997.5685,977.7811666666665,1,0,0,0.6140524010980005,1,0,0,0
2017-10-30,BAC,27.6,False,False,26.554250000000003,25.012749999999997,1,0,0,0.4615165492881103,0,0,0,0
2017-10-30,C,73.78,True,False,73.793,70.48266666666667,1,0,1,0.5541326653011389,1,0,1,0
2017-10-30,FB,179.87,False,False,173.161,170.96366666666665,1,0,1,0.5296641023233623,0,0,0,0
2017-10-30,GE,20.41,False,True,22.97175,24.07225,0,1,1,0.8831985573454969,1,0,0,1
2017-10-30,GOOG,1017.11,False,False,982.2789999999999,945.309,1,0,0,0.5625885117901754,1,0,0,0
2017-10-30,GOOGL,1033.13,False,False,999.034,960.9775000000001,1,0,0,0.5644346211730814,1,0,0,0
2017-10-30,JPM,101.41,False,False,98.362,94.29483333333333,1,0,0,0.4636079001780895,0,0,0,0
2017-10-30,MSFT,83.89,False,False,77.84400000000001,75.05833333333334,1,0,0,0.6533550203571875,1,0,0,0
2017-10-30,NFLX,198.37,True,False,195.0335,182.56166666666667,1,0,1,0.5608507181334396,1,0,1,0
2017-10-30,XOM,83.54,False,False,82.70075,80.08541666666666,1,0,1,0.4743878067345864,0,0,0,0
2017-10-31,AAPL,169.04,False,True,158.1845,158.39466666666667,0,1,0,0.6288406871948233,1,0,0,1
2017-10-31,AMZN,1105.28,False,False,1004.9775,979.6646666666667,1,0,0,0.613989027788101,1,0,0,0
2017-10-31,BAC,27.39,False,False,26.63075,25.05325,1,0,1,0.463003350576476,0,0,0,0
2017-10-31,C,73.5,True,False,73.7615,70.557,1,0,1,0.6191942596435105,1,0,1,0
2017-10-31,FB,180.06,False,False,173.666,171.09833333333333,1,0,1,0.5303917063171929,0,0,0,0
2017-10-31,GE,20.16,False,True,22.73975,23.981083333333334,0,1,1,0.8363820896708914,1,0,0,1
2017-10-31,GOOG,1016.64,True,False,985.2215,946.7636666666666,1,0,1,0.5742028965288958,1,0,1,0
2017-10-31,GOOGL,1033.04,False,False,1002.082,962.4323333333334,1,0,0,0.5742062605103277,1,0,0,0
2017-10-31,JPM,100.61,False,False,98.525,94.40466666666666,1,0,1,0.4596343404136827,0,0,0,0
2017-10-31,MSFT,83.18,False,False,78.28999999999999,75.23800000000001,1,0,0,0.62306802139623,1,0,0,0
2017-10-31,NFLX,196.43,True,False,195.8955,182.81333333333336,1,0,1,0.6160940866994061,1,0,1,0
2017-10-31,XOM,83.35,False,False,82.78025,80.13858333333333,1,0,1,0.5082398351295605,0,0,0,0
2017-11-01,AAPL,166.89,True,False,158.855,158.50816666666668,1,0,1,0.5588917371797055,1,0,1,0
2017-11-01,AMZN,1103.68,False,False,1011.8889999999999,981.5619999999999,1,0,0,0.6235797926111417,1,0,0,0
2017-11-01,BAC,27.53,False,False,26.721750000000004,25.097083333333334,1,0,1,0.4761545318601915,0,0,0,0
2017-11-01,C,74.03,True,False,73.76,70.64283333333333,1,0,1,0.587245538142347,1,0,1,0
2017-11-01,FB,182.66,False,False,174.378,171.28883333333334,1,0,0,0.5694930545539896,1,0,0,0
2017-11-01,GE,20.02,False,True,22.51675,23.88875,0,1,1,0.7751748132170873,1,0,0,1
2017-11-01,GOOG,1025.5,False,False,988.9125,948.4088333333333,1,0,0,0.5833427718388214,1,0,0,0
2017-11-01,GOOGL,1042.6,False,False,1005.8729999999999,964.0725,1,0,0,0.5760187364114746,1,0,0,0
2017-11-01,JPM,100.92,False,False,98.75300000000001,94.52533333333332,1,0,1,0.472891750715584,0,0,0,0
2017-11-01,MSFT,83.18,False,False,78.7145,75.41116666666667,1,0,0,0.6259513159710132,1,0,0,0
2017-11-01,NFLX,198.0,True,False,196.573,183.14066666666668,1,0,1,0.6278818816717316,1,0,1,0
2017-11-01,XOM,83.87,False,False,82.88425000000001,80.20374999999999,1,0,0,0.48050624328848923,0,0,0,0
2017-11-02,AAPL,168.11,True,False,159.491,158.62566666666666,1,0,1,0.5592030384319384,1,0,1,0
2017-11-02,AMZN,1094.22,False,False,1017.5575000000001,983.4321666666667,1,0,0,0.5508197927028601,1,0,0,0
2017-11-02,BAC,27.87,False,False,26.808749999999996,25.14925,1,0,0,0.533970982007588,0,0,0,0
2017-11-02,C,74.74,True,False,73.711,70.748,1,0,1,0.5656274029353396,1,0,1,0
2017-11-02,FB,178.92,False,False,174.762,171.41783333333333,1,0,1,0.4700023594143978,0,0,0,0
2017-11-02,GE,19.94,False,True,22.28675,23.792583333333333,0,1,1,0.7144112523019591,1,0,0,1
2017-11-02,GOOG,1025.58,False,False,991.6935,950.1201666666667,1,0,0,0.5921435537549221,1,0,0,0
2017-11-02,GOOGL,1042.97,False,False,1008.7620000000001,965.7873333333333,1,0,0,0.5926017114705295,1,0,0,0
2017-11-02,JPM,101.59,False,False,98.978,94.65966666666667,1,0,0,0.48369177305578515,0,0,0,0
2017-11-02,MSFT,84.05,False,False,79.1185,75.60416666666667,1,0,0,0.6630064141506048,1,0,0,0
2017-11-02,NFLX,199.32,True,False,196.8195,183.533,1,0,1,0.6071497409814778,1,0,1,0
2017-11-02,XOM,83.53,False,False,82.95975,80.25908333333334,1,0,1,0.5003117361423921,0,0,0,0
2017-11-03,AAPL,172.5,False,False,160.351,158.91199999999998,1,0,0,0.6898527213603588,1,0,0,0
2017-11-03,AMZN,1111.6,False,False,1023.6584999999999,986.0101666666667,1,0,0,0.7331291175108872,1,0,0,0
2017-11-03,BAC,27.82,False,True,26.889249999999997,25.210916666666666,1,0,0,0.4360725730255201,0,1,0,1
2017-11-03,C,74.05,True,False,73.63149999999999,70.86183333333334,1,0,1,0.595088349106164,1,0,1,0
2017-11-03,FB,178.92,False,False,175.09650000000002,171.60983333333334,1,0,1,0.5149798359981292,0,0,0,0
2017-11-03,GE,20.14,False,True,22.07425,23.706583333333334,0,1,1,0.5904361499642369,1,0,0,1
2017-11-03,GOOG,1032.48,False,False,994.3729999999999,952.2075,1,0,0,0.5367174987810163,0,0,0,0
2017-11-03,GOOGL,1049.99,False,False,1011.5794999999998,967.894,1,0,0,0.5489245275684121,0,0,0,0
2017-11-03,JPM,101.41,False,True,99.20250000000001,94.81333333333333,1,0,1,0.4444196359535213,0,1,0,1
2017-11-03,MSFT,84.14,False,False,79.5255,75.81633333333335,1,0,0,0.49431369183000895,0,0,0,0
2017-11-03,NFLX,200.01,False,False,196.91899999999998,184.0475,1,0,1,0.5406119457774696,0,0,0,0
2017-11-03,XOM,83.18,True,False,83.03325,80.32925,1,0,1,0.5713967789721752,1,0,1,0
2017-11-06,AAPL,174.25,False,False,161.2715,159.1915,1,0,0,0.5855239627666965,1,0,0,0
2017-11-06,AMZN,1120.66,False,False,1030.142,988.5546666666667,1,0,0,0.6914943346639305,1,0,0,0
2017-11-06,BAC,27.75,False,False,26.984250000000003,25.275750000000002,1,0,1,0.45374402275264875,0,0,0,0
2017-11-06,C,73.8,True,False,73.55199999999999,70.9785,1,0,1,0.5843699549811653,1,0,1,0
2017-11-06,FB,180.17,False,False,175.48,171.81133333333335,1,0,1,0.5150660415061273,0,0,0,0
2017-11-06,GE,20.13,False,True,21.909249999999997,23.622083333333332,0,1,1,0.47067351492520193,0,0,0,1
2017-11-06,GOOG,1025.9,False,True,996.818,954.066,1,0,1,0.4254246552059262,0,1,0,1
2017-11-06,GOOGL,1042.68,False,True,1014.098,969.7705,1,0,1,0.41082603558201797,0,1,0,1
2017-11-06,JPM,100.78,False,False,99.421,94.96933333333335,1,0,1,0.5045454724899504,0,0,0,0
2017-11-06,MSFT,84.47,False,False,79.9345,76.01583333333335,1,0,0,0.5261976045223274,0,0,0,0
2017-11-06,NFLX,200.13,False,False,197.082,184.52633333333333,1,0,1,0.5487485377984356,0,0,0,0
2017-11-06,XOM,83.75,False,False,83.11925,80.42158333333333,1,0,1,0.5055280897695134,0,0,0,0
2017-11-07,AAPL,174.81,False,False,162.217,159.4408333333333,1,0,0,0.5837375731453892,1,0,0,0
2017-11-07,AMZN,1123.17,False,False,1036.9405000000002,990.8858333333334,1,0,0,0.6428403993028047,1,0,0,0
2017-11-07,BAC,27.18,True,False,27.046749999999996,25.321749999999998,1,0,1,0.5577931499036355,1,0,1,0
2017-11-07,C,72.71,True,False,73.4285,71.05883333333333,1,0,1,0.671918648402426,1,0,1,0
2017-11-07,FB,180.25,False,False,175.91299999999998,171.96966666666668,1,0,1,0.4971981870412187,0,0,0,0
2017-11-07,GE,20.21,False,True,21.75175,23.536250000000003,0,1,1,0.43146651665059654,0,1,0,1
2017-11-07,GOOG,1033.33,False,False,999.8545,955.9103333333334,1,0,0,0.5294237448795014,0,0,0,0
2017-11-07,GOOGL,1052.39,False,False,1017.3275000000001,971.6614999999999,1,0,0,0.5400228247042687,0,0,0,0
2017-11-07,JPM,98.75,True,False,99.502,95.07366666666667,1,0,1,0.5968940624516534,1,0,1,0
2017-11-07,MSFT,84.27,False,False,80.3335,76.19383333333333,1,0,0,0.5017261038232,0,0,0,0
2017-11-07,NFLX,195.89,True,False,197.1225,184.94116666666665,1,0,1,0.6179949738536755,1,0,1,0
2017-11-07,XOM,83.58,False,False,83.18525000000001,80.51074999999999,1,0,1,0.5317459502287545,0,0,0,0
2017-11-08,AAPL,176.24,False,False,163.20149999999998,159.68483333333333,1,0,0,0.6242250563506414,1,0,0,0
2017-11-08,AMZN,1132.88,False,False,1043.8345000000002,993.3881666666667,1,0,0,0.7185015175831341,1,0,0,0
2017-11-08,BAC,26.79,True,False,27.094749999999998,25.360416666666666,1,0,1,0.6573520060488528,1,0,1,0
2017-11-08,C,72.34,True,False,73.2985,71.13166666666666,1,0,1,0.6699820974019486,1,0,1,0
2017-11-08,FB,179.56,False,False,176.254,172.11233333333334,1,0,1,0.5439473469531529,0,0,0,0
2017-11-08,GE,20.12,False,True,21.60425,23.452583333333333,0,1,1,0.3904719565573402,0,1,0,1
2017-11-08,GOOG,1039.85,False,False,1002.3845000000001,957.8708333333333,1,0,0,0.5267114376620882,0,0,0,0
2017-11-08,GOOGL,1058.29,False,False,1019.9594999999999,973.6650000000001,1,0,0,0.5213934960489506,0,0,0,0
2017-11-08,JPM,97.64,True,False,99.542,95.1555,1,0,1,0.671032215562625,1,0,1,0
2017-11-08,MSFT,84.56,False,False,80.7405,76.38283333333334,1,0,0,0.5532161081548828,1,0,0,0
2017-11-08,NFLX,196.44,True,False,197.197,185.40683333333334,1,0,1,0.5930140296725822,1,0,1,0
2017-11-08,XOM,83.47,False,False,83.22875,80.60125,1,0,1,0.5459081571573741,0,0,0,0
2017-11-09,AAPL,175.88,False,False,164.19549999999998,159.93366666666668,1,0,0,0.6087549273645,1,0,0,0
2017-11-09,AMZN,1129.13,False,False,1050.2445,995.904,1,0,0,0.6200480530975674,1,0,0,0
2017-11-09,BAC,26.49,True,False,27.146749999999997,25.39875,1,0,1,0.7204619278427472,1,0,1,0
2017-11-09,C,72.43,True,False,73.3015,71.21033333333334,1,0,1,0.6714535657976263,1,0,1,0
2017-11-09,FB,179.3,False,False,176.5915,172.26733333333334,1,0,1,0.5290914309055227,0,0,0,0
2017-11-09,GE,19.99,False,True,21.45125,23.367416666666667,0,1,1,0.400309433286128,0,1,0,1
2017-11-09,GOOG,1031.26,False,True,1004.5559999999999,959.6091666666667,1,0,1,0.44953379370731894,0,1,0,1
2017-11-09,GOOGL,1047.72,False,False,1022.0629999999999,975.3891666666666,1,0,1,0.45794548324192996,0,0,0,0
2017-11-09,JPM,97.63,True,False,99.624,95.24783333333333,1,0,1,0.7271694349121721,1,0,1,0
2017-11-09,MSFT,84.09,False,True,81.089,76.55683333333333,1,0,0,0.42044815359419935,0,1,0,1
2017-11-09,NFLX,193.9,True,False,197.099,185.8055,1,0,1,0.7305755369353977,1,0,1,0
2017-11-09,XOM,83.97,False,False,83.30574999999999,80.70958333333333,1,0,1,0.49252295539166274,0,0,0,0
2017-11-10,AAPL,174.67,False,False,165.0795,160.21383333333333,1,0,0,0.474169454708985,0,0,0,0
2017-11-10,AMZN,1125.35,False,False,1056.365,998.6503333333333,1,0,0,0.49832446015428067,0,0,0,0
2017-11-10,BAC,26.51,True,False,27.18075,25.446583333333333,1,0,1,0.742968490303157,1,0,1,0
2017-11-10,C,72.25,True,False,73.3085,71.3045,1,0,1,0.6582871454968768,1,0,1,0
2017-11-10,FB,178.46,True,False,176.82750000000001,172.45983333333334,1,0,1,0.5829970110106779,1,0,1,0
2017-11-10,GE,20.49,False,True,21.326749999999997,23.29641666666667,0,1,1,0.5426476177983545,0,0,0,1
2017-11-10,GOOG,1028.07,False,False,1006.4754999999999,961.5606666666666,1,0,1,0.4587497507408728,0,0,0,0
2017-11-10,GOOGL,1044.15,False,False,1023.8770000000001,977.3306666666667,1,0,1,0.4703635727220192,0,0,0,0
2017-11-10,JPM,97.51,True,False,99.7065,95.36216666666668,1,0,1,0.7229034542221522,1,0,1,0
2017-11-10,MSFT,83.87,False,True,81.408,76.748,1,0,0,0.4340752483142646,0,1,0,1
2017-11-10,NFLX,192.02,True,False,196.72549999999998,186.23766666666668,1,0,1,0.7882778746640368,1,0,1,0
2017-11-10,XOM,82.94,True,False,83.33225,80.82091666666666,1,0,1,0.6152383986252099,1,0,1,0
2017-11-13,AAPL,173.97,False,True,165.784,160.48833333333332,1,0,0,0.4173944160788181,0,1,0,1
2017-11-13,AMZN,1129.17,False,False,1062.5065,1001.4953333333334,1,0,0,0.5413190270076563,0,0,0,0
2017-11-13,BAC,26.4,True,False,27.188750000000006,25.492916666666666,1,0,1,0.7894287778119158,1,0,1,0
2017-11-13,C,71.99,True,False,73.31949999999999,71.39466666666667,1,0,1,0.6509463955654645,1,0,1,0
2017-11-13,FB,178.77,True,False,177.04000000000002,172.64916666666667,1,0,1,0.5581861162161064,1,0,1,0
2017-11-13,GE,19.02,False,True,21.10975,23.20425,0,1,1,0.823776217220894,1,0,0,1
2017-11-13,GOOG,1025.75,False,False,1008.1629999999999,963.4786666666666,1,0,1,0.5052254501964711,0,0,0,0
2017-11-13,GOOGL,1041.2,False,False,1025.4695,979.2476666666666,1,0,1,0.5126411659471393,0,0,0,0
2017-11-13,JPM,97.86,True,False,99.7075,95.48083333333332,1,0,1,0.6275896476631093,1,0,1,0
2017-11-13,MSFT,83.93,False,True,81.72200000000001,76.93866666666666,1,0,0,0.4484258296871468,0,1,0,1
2017-11-13,NFLX,195.08,True,False,196.3455,186.7133333333333,1,0,1,0.6736722598685749,1,0,1,0
2017-11-13,XOM,82.89,True,False,83.33625,80.92508333333333,1,0,1,0.6515393251195042,1,0,1,0
2017-11-14,AAPL,171.34,False,False,166.3275,160.72383333333335,1,0,1,0.5481299616320662,0,0,0,0
2017-11-14,AMZN,1136.84,False,False,1068.892,1004.5545000000001,1,0,0,0.5689132791897866,1,0,0,0
2017-11-14,BAC,26.24,True,False,27.190749999999998,25.540583333333334,1,0,1,0.7572118567774379,1,0,1,0
2017-11-14,C,71.53,True,False,73.2865,71.48766666666667,1,0,1,0.583315173126717,1,0,1,0
2017-11-14,FB,178.07,True,False,177.138,172.82066666666665,1,0,1,0.6214644264882243,1,0,1,0
2017-11-14,GE,17.9,False,True,20.84525,23.094416666666667,0,1,1,0.9286523511661934,1,0,0,1
2017-11-14,GOOG,1026.0,False,False,1009.8539999999999,965.4676666666668,1,0,1,0.5248798628340869,0,0,0,0
2017-11-14,GOOGL,1041.64,True,False,1027.0015,981.2605,1,0,1,0.5520291389513426,1,0,1,0
2017-11-14,JPM,97.27,True,False,99.69,95.59150000000001,1,0,1,0.6065676146615822,1,0,1,0
2017-11-14,MSFT,84.05,False,False,82.045,77.137,1,0,0,0.463828453090422,0,0,0,0
2017-11-14,NFLX,195.71,True,False,196.15699999999998,187.19583333333333,1,0,1,0.5941711544664559,1,0,1,0
2017-11-14,XOM,82.24,True,False,83.30025,81.02275,1,0,1,0.6315845539360956,1,0,1,0
2017-11-15,AAPL,169.08,True,False,166.7935,160.87883333333332,1,0,1,0.5667775638442667,1,0,1,0
2017-11-15,AMZN,1126.69,False,True,1075.3765,1007.2176666666668,1,0,0,0.4341315922703797,0,1,0,1
2017-11-15,BAC,26.79,True,False,27.20625,25.589916666666667,1,0,1,0.5874335793552925,1,0,1,0
2017-11-15,C,71.73,True,False,73.217,71.569,1,0,1,0.6121008551429569,1,0,1,0
2017-11-15,FB,177.95,True,False,177.23399999999998,172.95916666666668,1,0,1,0.6000537596402661,1,0,1,0
2017-11-15,GE,18.26,False,True,20.602249999999998,22.98875,0,1,1,0.7333079133227084,1,0,0,1
2017-11-15,GOOG,1020.91,True,False,1011.259,967.0713333333333,1,0,1,0.6565495738902924,1,0,1,0
2017-11-15,GOOGL,1036.41,True,False,1028.185,982.8606666666667,1,0,1,0.6668588899059733,1,0,1,0
2017-11-15,JPM,98.19,True,False,99.7,95.702,1,0,1,0.61386306857182,1,0,1,0
2017-11-15,MSFT,82.98,False,False,82.3135,77.30066666666669,1,0,1,0.5392843713462592,0,0,0,0
2017-11-15,NFLX,192.12,True,False,195.98600000000002,187.57549999999998,1,0,1,0.6210699794854629,1,0,1,0
2017-11-15,XOM,81.21,True,False,83.22275,81.09725,1,0,1,0.6410442035961382,1,0,1,0
2017-11-16,AAPL,171.1,False,False,167.5495,161.06416666666667,1,0,1,0.5135216065058853,0,0,0,0
2017-11-16,AMZN,1137.29,False,False,1082.9105,1010.2058333333333,1,0,0,0.4692455942869595,0,0,0,0
2017-11-16,BAC,26.76,False,False,27.215250000000005,25.639916666666668,1,0,1,0.5098082241014091,0,0,0,0
2017-11-16,C,71.67,True,False,73.15650000000001,71.643,1,0,1,0.5686542090322136,1,0,1,0
2017-11-16,FB,179.59,True,False,177.4855,173.1405,1,0,1,0.5575264546040917,1,0,1,0
2017-11-16,GE,18.25,False,True,20.335749999999997,22.886416666666666,0,1,1,0.7013074563210024,1,0,0,1
2017-11-16,GOOG,1032.5,True,False,1013.6614999999999,968.8296666666666,1,0,1,0.5822129557155916,1,0,1,0
2017-11-16,GOOGL,1048.47,True,False,1030.5165,984.6255000000001,1,0,1,0.5704938841295918,1,0,1,0
2017-11-16,JPM,98.47,False,False,99.71799999999999,95.81533333333333,1,0,1,0.50835922407216,0,0,0,0
2017-11-16,MSFT,83.2,False,False,82.578,77.47533333333334,1,0,1,0.5255747467713093,0,0,0,0
2017-11-16,NFLX,195.51,True,False,196.005,188.01633333333334,1,0,1,0.598802675630197,1,0,1,0
2017-11-16,XOM,80.56,True,False,83.11375000000001,81.16308333333333,1,0,1,0.68058434922724,1,0,1,0
2017-11-17,AAPL,170.15,True,False,168.2445,161.2455,1,0,1,0.6170276231893261,1,0,1,0
2017-11-17,AMZN,1129.88,True,False,1090.259,1013.163,1,0,1,0.5835728933664439,1,0,1,0
2017-11-17,BAC,26.62,False,False,27.18775,25.686249999999998,1,0,1,0.5438435044328294,0,0,0,0
2017-11-17,C,71.33,True,False,73.0465,71.70366666666668,1,0,1,0.5902700880293746,1,0,1,0
2017-11-17,FB,179.0,True,False,177.6865,173.32816666666668,1,0,1,0.5703953542262575,1,0,1,0
2017-11-17,GE,18.21,False,True,20.054750000000002,22.784916666666668,0,1,1,0.7392451271458534,1,0,0,1
2017-11-17,GOOG,1019.09,True,False,1015.2059999999999,970.4598333333334,1,0,1,0.6667093945823975,1,0,1,0
2017-11-17,GOOGL,1035.89,True,False,1032.0575000000001,986.2755000000001,1,0,1,0.6606099275505035,1,0,1,0
2017-11-17,JPM,98.14,False,False,99.6495,95.92566666666669,1,0,1,0.519857979559365,0,0,0,0
2017-11-17,MSFT,82.4,True,False,82.75750000000001,77.63716666666666,1,0,1,0.5950861894621141,1,0,1,0
2017-11-17,NFLX,193.2,True,False,195.957,188.4341666666667,1,0,1,0.5528760559711722,1,0,1,0
2017-11-17,XOM,80.24,True,False,82.97025,81.22824999999999,1,0,1,0.6332257139865458,1,0,1,0
2017-11-20,AAPL,169.98,True,False,168.935,161.41416666666666,1,0,1,0.6148320152831092,1,0,1,0
2017-11-20,AMZN,1126.31,True,False,1098.2595000000001,1016.1805,1,0,1,0.6556225234922385,1,0,1,0
2017-11-20,BAC,26.74,False,False,27.16675,25.73575,1,0,1,0.5003919593371784,0,0,0,0
2017-11-20,C,72.05,True,False,72.9725,71.77366666666667,1,0,1,0.5654033002853742,1,0,1,0
2017-11-20,FB,178.74,True,False,178.06,173.53516666666667,1,0,1,0.5727425610487257,1,0,1,0
2017-11-20,GE,17.98,False,True,19.83775,22.676416666666668,0,1,1,0.6666306721002275,1,0,0,1
2017-11-20,GOOG,1018.38,True,False,1017.7025,972.168,1,0,1,0.5514372106307996,1,0,1,0
2017-11-20,GOOGL,1034.66,False,False,1034.5135,988.0115000000001,1,0,1,0.5371901680258447,0,0,0,0
2017-11-20,JPM,99.01,False,False,99.63300000000001,96.04433333333333,1,0,1,0.5447971602007772,0,0,0,0
2017-11-20,MSFT,82.53,True,False,82.9425,77.79899999999999,1,0,1,0.6138506109979246,1,0,1,0
2017-11-20,NFLX,194.1,True,False,196.03850000000003,188.9033333333333,1,0,1,0.5526333816009008,1,0,1,0
2017-11-20,XOM,80.55,True,False,82.83574999999999,81.29208333333334,1,0,1,0.6559340295734056,1,0,1,0
2017-11-21,AAPL,173.14,True,False,169.737,161.60866666666666,1,0,1,0.5810397536890957,1,0,1,0
2017-11-21,AMZN,1139.49,False,False,1106.4389999999999,1019.405,1,0,0,0.6325015957766711,1,0,0,0
2017-11-21,BAC,26.73,False,False,27.119250000000005,25.785916666666665,1,0,1,0.5173248114822556,0,0,0,0
2017-11-21,C,72.38,False,False,72.8795,71.84983333333334,1,0,1,0.5071180007215282,0,0,0,0
2017-11-21,FB,181.86,True,False,178.563,173.77883333333335,1,0,1,0.5655984914105389,1,0,1,0
2017-11-21,GE,17.83,False,True,19.634750000000004,22.565749999999998,0,1,1,0.48209133318654107,0,0,0,1
2017-11-21,GOOG,1034.49,False,False,1020.9,974.1793333333333,1,0,1,0.5417807643802093,0,0,0,0
2017-11-21,GOOGL,1050.3,False,False,1037.604,990.0476666666667,1,0,1,0.5275557447140553,0,0,0,0
2017-11-21,JPM,98.93,True,False,99.53349999999999,96.1665,1,0,1,0.5685987838828058,1,0,1,0
2017-11-21,MSFT,83.72,False,False,83.1855,77.98049999999999,1,0,1,0.5310996119576061,0,0,0,0
2017-11-21,NFLX,196.23,True,False,196.04899999999998,189.38850000000002,1,0,1,0.5560631554242678,1,0,1,0
2017-11-21,XOM,80.87,True,False,82.70575,81.36541666666668,1,0,1,0.6075589159786045,1,0,1,0
2017-11-22,AAPL,174.96,True,False,170.6645,161.80949999999999,1,0,1,0.6576830607288751,1,0,1,0
2017-11-22,AMZN,1156.16,False,False,1115.6015,1022.7733333333333,1,0,0,0.680594735810296,1,0,0,0
2017-11-22,BAC,26.66,True,False,27.0705,25.837249999999997,1,0,1,0.5851168964489625,1,0,1,0
2017-11-22,C,72.26,False,False,72.8115,71.92949999999999,1,0,1,0.5239511960381364,0,0,0,0
2017-11-22,FB,180.87,True,False,179.07649999999998,173.99249999999998,1,0,1,0.5766882111485837,1,0,1,0
2017-11-22,GE,18.15,False,True,19.466,22.460916666666666,0,1,1,0.5731186815309599,1,0,0,1
2017-11-22,GOOG,1035.96,True,False,1024.0314999999998,976.0904999999999,1,0,1,0.5803425908513065,1,0,1,0
2017-11-22,GOOGL,1051.92,True,False,1040.627,991.9838333333333,1,0,1,0.5635716729260996,1,0,1,0
2017-11-22,JPM,98.64,True,False,99.4135,96.29216666666667,1,0,1,0.5522589390715157,1,0,1,0
2017-11-22,MSFT,83.11,True,False,83.40950000000001,78.14816666666667,1,0,1,0.6020192270533307,1,0,1,0
2017-11-22,NFLX,196.32,True,False,196.17649999999998,189.847,1,0,1,0.5677433695311213,1,0,1,0
2017-11-22,XOM,81.1,False,False,82.601,81.44291666666666,1,0,1,0.534979941307641,0,0,0,0
2017-11-24,AAPL,174.97,True,False,171.5425,162.0031666666667,1,0,1,0.5990015514102143,1,0,1,0
2017-11-24,AMZN,1186.0,False,False,1126.28,1026.4135,1,0,0,0.6134051558205643,1,0,0,0
2017-11-24,BAC,26.59,True,False,27.013000000000005,25.882583333333336,1,0,1,0.5911831465726141,1,0,1,0
2017-11-24,C,72.02,True,False,72.723,71.99633333333334,1,0,1,0.5513704922697479,1,0,1,0
2017-11-24,FB,182.78,True,False,179.68400000000003,174.20683333333332,1,0,1,0.6043561730294844,1,0,1,0
2017-11-24,GE,18.19,False,True,19.3095,22.359416666666668,0,1,1,0.52902416684311,0,0,0,1
2017-11-24,GOOG,1040.61,True,False,1027.434,977.9411666666666,1,0,1,0.596289151411876,1,0,1,0
2017-11-24,GOOGL,1056.52,True,False,1043.882,993.8653333333333,1,0,1,0.5865072925608125,1,0,1,0
2017-11-24,JPM,98.32,True,False,99.24249999999999,96.409,1,0,1,0.58189235115178,1,0,1,0
2017-11-24,MSFT,83.26,True,False,83.6345,78.30233333333332,1,0,1,0.5801127491358523,1,0,1,0
2017-11-24,NFLX,195.75,True,False,196.2035,190.198,1,0,1,0.5950444145735828,1,0,1,0
2017-11-24,XOM,81.42,False,False,82.49849999999999,81.53158333333333,1,0,1,0.5166921176837299,0,0,0,0
2017-11-27,AAPL,174.09,True,False,172.0945,162.17133333333334,1,0,1,0.6054559703578378,1,0,1,0
2017-11-27,AMZN,1195.83,False,False,1131.024,1030.0006666666666,1,0,0,0.5733374263873706,1,0,0,0
2017-11-27,BAC,26.59,True,False,26.952499999999997,25.927583333333335,1,0,1,0.5500498049234389,1,0,1,0
2017-11-27,C,71.39,False,False,72.599,72.05233333333332,1,0,1,0.5298035819950054,0,0,0,0
2017-11-27,FB,183.03,True,False,179.9415,174.39116666666666,1,0,1,0.6171799965122352,1,0,1,0
2017-11-27,GE,18.12,False,True,19.176,22.25225,0,1,1,0.5114972218400861,0,0,0,1
2017-11-27,GOOG,1054.21,True,False,1029.181,979.8558333333334,1,0,1,0.6036271431060737,1,0,1,0
2017-11-27,GOOGL,1072.01,True,False,1045.7990000000002,995.8115,1,0,1,0.5770780859297816,1,0,1,0
2017-11-27,JPM,97.93,True,False,99.0505,96.52633333333334,1,0,1,0.6138041368307224,1,0,1,0
2017-11-27,MSFT,83.87,True,False,83.6375,78.454,1,0,1,0.6210614729001785,1,0,1,0
2017-11-27,NFLX,195.05,False,False,195.97899999999998,190.53699999999998,1,0,1,0.5379192918135246,0,0,0,0
2017-11-27,XOM,81.11,False,False,82.3685,81.61125,1,0,1,0.5189305550778404,0,0,0,0
2017-11-28,AAPL,173.07,True,False,172.41199999999998,162.3216666666667,1,0,1,0.6053647892070779,1,0,1,0
2017-11-28,AMZN,1193.6,False,False,1135.1615,1033.5898333333332,1,0,0,0.6916369122561301,1,0,0,0
2017-11-28,BAC,27.64,True,False,26.954500000000003,25.986750000000004,1,0,1,0.7242875203216906,1,0,1,0
2017-11-28,C,73.7,True,False,72.595,72.13766666666668,1,0,1,0.6593779153097753,1,0,1,0
2017-11-28,FB,182.42,True,False,180.06900000000002,174.56449999999998,1,0,1,0.6199398178983737,1,0,1,0
2017-11-28,GE,18.41,False,True,19.076,22.140083333333333,0,1,1,0.5079144785505562,0,0,0,1
2017-11-28,GOOG,1047.41,False,False,1030.6960000000001,981.6903333333333,1,0,1,0.5327854765961001,0,0,0,0
2017-11-28,GOOGL,1063.29,False,False,1047.307,997.6664999999999,1,0,1,0.5358618168042506,0,0,0,0
2017-11-28,JPM,101.36,True,False,99.04799999999999,96.68733333333333,1,0,1,0.6686307576915284,1,0,1,0
2017-11-28,MSFT,84.88,True,False,83.68700000000001,78.63633333333333,1,0,1,0.5784078388570334,1,0,1,0
2017-11-28,NFLX,199.18,True,False,196.0195,190.94433333333333,1,0,1,0.5981399650680591,1,0,1,0
2017-11-28,XOM,81.67,True,False,82.275,81.69625,1,0,1,0.581769754355861,1,0,1,0
2017-11-29,AAPL,169.48,True,False,172.434,162.44500000000002,1,0,1,0.6355451143668535,1,0,1,0
2017-11-29,AMZN,1161.27,False,False,1137.961,1036.8565,1,0,1,0.4547028027995238,0,0,0,0
2017-11-29,BAC,28.28,False,False,26.999000000000002,26.069583333333334,1,0,0,0.6620501354638632,1,0,0,0
2017-11-29,C,75.04,True,False,72.672,72.269,1,0,1,0.5900703893835063,1,0,1,0
2017-11-29,FB,175.13,True,False,179.8225,174.638,1,0,1,0.679028777892044,1,0,1,0
2017-11-29,GE,18.48,False,True,18.991999999999997,22.035416666666666,0,1,1,0.45152661931523985,0,0,0,1
2017-11-29,GOOG,1021.66,True,False,1030.9470000000001,983.2438333333334,1,0,1,0.6612385746163717,1,0,1,0
2017-11-29,GOOGL,1037.38,True,False,1047.524,999.2648333333333,1,0,1,0.6772724157152461,1,0,1,0
2017-11-29,JPM,103.73,False,False,99.204,96.92433333333334,1,0,0,0.6517321633942756,1,0,0,0
2017-11-29,MSFT,83.34,True,False,83.69500000000001,78.7985,1,0,1,0.5728577180182849,1,0,1,0
2017-11-29,NFLX,188.15,True,False,195.6055,191.17149999999998,1,0,1,0.6783426025362784,1,0,1,0
2017-11-29,XOM,82.27,True,False,82.221,81.78108333333333,1,0,1,0.580304622708269,1,0,1,0
2017-11-30,AAPL,171.85,True,False,172.682,162.61066666666665,1,0,1,0.6247522984873586,1,0,1,0
2017-11-30,AMZN,1176.75,False,False,1141.6145000000001,1040.339,1,0,1,0.5473398151263198,0,0,0,0
2017-11-30,BAC,28.17,True,False,27.031,26.148916666666665,1,0,1,0.5943713922455169,1,0,1,0
2017-11-30,C,75.5,False,False,72.7455,72.40533333333335,1,0,1,0.5399475944774546,0,0,0,0
2017-11-30,FB,177.18,True,False,179.5485,174.72283333333334,1,0,1,0.6664372230642087,1,0,1,0
2017-11-30,GE,18.29,False,True,18.9055,21.924916666666665,0,1,1,0.4628845307640665,0,0,0,1
2017-11-30,GOOG,1021.41,True,False,1030.7425,984.8038333333333,1,0,1,0.7909231474006182,1,0,1,0
2017-11-30,GOOGL,1036.17,True,False,1047.2025,1000.8340000000001,1,0,1,0.8023134620985602,1,0,1,0
2017-11-30,JPM,104.52,False,False,99.38399999999999,97.1645,1,0,0,0.6194457885454252,1,0,0,0
2017-11-30,MSFT,84.17,False,False,83.7445,78.97800000000001,1,0,1,0.5095233900723212,0,0,0,0
2017-11-30,NFLX,187.58,True,False,195.0845,191.31033333333332,1,0,1,0.7497641037253929,1,0,1,0
2017-11-30,XOM,83.29,False,False,82.192,81.85625,1,0,1,0.48268313332669033,0,0,0,0
2017-12-01,AAPL,171.05,True,False,172.829,162.77383333333333,1,0,1,0.6865682402833252,1,0,1,0
2017-12-01,AMZN,1162.35,True,False,1145.021,1043.387,1,0,1,0.6370446857913706,1,0,1,0
2017-12-01,BAC,28.1,True,False,27.0425,26.234416666666668,1,0,1,0.5775113630516663,1,0,1,0
2017-12-01,C,75.51,True,False,72.784,72.56283333333333,1,0,1,0.6488917799324715,1,0,1,0
2017-12-01,FB,175.1,True,False,179.3575,174.7543333333333,1,0,1,0.7491936691516348,1,0,1,0
2017-12-01,GE,17.88,False,True,18.802500000000002,21.822583333333334,0,1,1,0.5500846909586389,1,0,0,1
2017-12-01,GOOG,1010.17,True,False,1029.972,986.0408333333332,1,0,1,0.8444538860689695,1,0,1,0
2017-12-01,GOOGL,1025.07,True,False,1046.3075000000001,1002.087,1,0,1,0.8189844338038947,1,0,1,0
2017-12-01,JPM,104.79,False,False,99.54400000000001,97.4355,1,0,0,0.7142199338215299,1,0,0,0
2017-12-01,MSFT,84.26,False,False,83.75500000000001,79.14333333333335,1,0,1,0.5224842524058798,0,0,0,0
2017-12-01,NFLX,186.82,True,False,194.4595,191.44066666666666,1,0,1,0.7619732568126814,1,0,1,0
2017-12-01,XOM,83.46,False,False,82.1885,81.93008333333333,1,0,1,0.5118456598503072,0,0,0,0
2017-12-04,AAPL,169.8,True,False,172.69400000000002,162.96,1,0,1,0.7080322094266531,1,0,1,0
2017-12-04,AMZN,1133.95,True,False,1146.1385,1046.1878333333334,1,0,1,0.811130277948394,1,0,1,0
2017-12-04,BAC,29.06,False,False,27.104499999999994,26.337249999999997,1,0,0,0.8005844493325153,1,0,0,0
2017-12-04,C,77.1,False,False,72.9365,72.74499999999999,1,0,0,0.7269910553951592,1,0,0,0
2017-12-04,FB,171.47,True,False,178.98499999999999,174.763,1,0,1,0.8085190105594793,1,0,1,0
2017-12-04,GE,17.95,False,True,18.693,21.724750000000004,0,1,1,0.5637204155969455,1,0,0,1
2017-12-04,GOOG,998.68,True,False,1028.282,987.2438333333333,1,0,1,0.8810459085419446,1,0,1,0
2017-12-04,GOOGL,1011.87,True,False,1044.4015000000002,1003.2613333333334,1,0,1,0.8672482010395091,1,0,1,0
2017-12-04,JPM,106.95,False,False,99.821,97.74433333333333,1,0,0,0.7609717908547415,1,0,0,0
2017-12-04,MSFT,81.08,True,False,83.602,79.26166666666667,1,0,1,0.6747203808661532,1,0,1,0
2017-12-04,NFLX,184.04,True,False,193.661,191.56766666666667,1,0,1,0.8156019602980716,1,0,1,0
2017-12-04,XOM,83.57,True,False,82.208,82.00925,1,0,1,0.5510229390533178,1,0,1,0
2017-12-05,AAPL,169.64,True,False,172.4635,163.09566666666666,1,0,1,0.6974717247422925,1,0,1,0
2017-12-05,AMZN,1141.57,True,False,1147.184,1048.9146666666668,1,0,1,0.7127722133904011,1,0,1,0
2017-12-05,BAC,28.93,False,False,27.1635,26.430083333333336,1,0,0,0.6862059271565408,1,0,0,0
2017-12-05,C,76.54,True,False,73.0735,72.89216666666667,1,0,1,0.6718774013182531,1,0,1,0
2017-12-05,FB,172.83,True,False,178.618,174.75166666666667,1,0,1,0.7579514882039062,1,0,1,0
2017-12-05,GE,17.76,False,True,18.5745,21.62541666666667,0,1,1,0.6022529385847232,1,0,0,1
2017-12-05,GOOG,1005.15,True,False,1027.2445,988.5116666666667,1,0,1,0.8525698175836829,1,0,1,0
2017-12-05,GOOGL,1019.6,True,False,1043.2475,1004.5331666666667,1,0,1,0.8007916843943517,1,0,1,0
2017-12-05,JPM,105.72,False,False,100.068,98.00983333333333,1,0,0,0.6715660228470381,1,0,0,0
2017-12-05,MSFT,81.59,True,False,83.458,79.37550000000002,1,0,1,0.7030322474263712,1,0,1,0
2017-12-05,NFLX,184.21,True,False,192.865,191.6088333333333,1,0,1,0.7659071425312464,1,0,1,0
2017-12-05,XOM,82.89,False,False,82.165,82.06991666666666,1,0,1,0.5485175982808481,0,0,0,0
2017-12-06,AAPL,169.01,True,False,172.1735,163.23149999999998,1,0,1,0.6008173856822966,1,0,1,0
2017-12-06,AMZN,1152.35,False,True,1148.643,1051.7441666666666,1,0,1,0.41661938674177573,0,1,0,1
2017-12-06,BAC,28.64,True,False,27.2365,26.508249999999997,1,0,1,0.585916973258349,1,0,1,0
2017-12-06,C,75.44,False,False,73.21000000000001,73.00299999999999,1,0,1,0.5317514598008931,0,0,0,0
2017-12-06,FB,176.06,True,False,178.4085,174.80333333333334,1,0,1,0.6200564276443221,1,0,1,0
2017-12-06,GE,17.66,False,True,18.447,21.52125,0,1,1,0.6431375938862057,1,0,0,1
2017-12-06,GOOG,1018.38,False,False,1026.4969999999998,989.9501666666666,1,0,1,0.4545431221585525,0,0,0,0
2017-12-06,GOOGL,1032.72,False,False,1042.264,1005.9676666666667,1,0,1,0.46578115898233197,0,0,0,0
2017-12-06,JPM,104.93,True,False,100.377,98.24383333333334,1,0,1,0.5607015207963005,1,0,1,0
2017-12-06,MSFT,82.78,True,False,83.3835,79.51050000000001,1,0,1,0.635298694671872,1,0,1,0
2017-12-06,NFLX,185.3,True,False,192.3355,191.61133333333333,1,0,1,0.6150406650591899,1,0,1,0
2017-12-06,XOM,82.28,False,True,82.1,82.11625,0,1,1,0.5857612722555282,1,0,0,1
2017-12-07,AAPL,169.32,True,False,171.82750000000001,163.39266666666666,1,0,1,0.6204801221839275,1,0,1,0
2017-12-07,AMZN,1159.79,False,False,1149.9885,1054.414,1,0,1,0.4661027183202285,0,0,0,0
2017-12-07,BAC,28.78,True,False,27.336000000000002,26.582416666666667,1,0,1,0.5860046507428872,1,0,1,0
2017-12-07,C,74.98,True,False,73.342,73.09616666666668,1,0,1,0.5653901587403132,1,0,1,0
2017-12-07,FB,180.14,True,False,178.4375,174.92149999999998,1,0,1,0.6449219376477705,1,0,1,0
2017-12-07,GE,17.71,False,True,18.3265,21.414583333333333,0,1,1,0.6186219339529406,1,0,0,1
2017-12-07,GOOG,1030.93,False,False,1026.051,991.5475,1,0,1,0.5027890982990999,0,0,0,0
2017-12-07,GOOGL,1044.57,False,False,1041.578,1007.5364999999999,1,0,1,0.4777250124051571,0,0,0,0
2017-12-07,JPM,104.62,False,False,100.726,98.46833333333333,1,0,1,0.527461972369342,0,0,0,0
2017-12-07,MSFT,82.49,True,False,83.28,79.63183333333333,1,0,1,0.6594859004834392,1,0,1,0
2017-12-07,NFLX,185.2,True,False,191.7735,191.63733333333332,1,0,1,0.5882093913470136,1,0,1,0
2017-12-07,XOM,82.55,False,True,82.054,82.16258333333333,0,1,1,0.6116686318923443,1,0,0,1
2017-12-08,AAPL,169.37,True,False,171.502,163.57750000000001,1,0,1,0.5858654421426612,1,0,1,0
2017-12-08,AMZN,1162.0,False,False,1151.632,1057.2438333333332,1,0,1,0.5001594385225032,0,0,0,0
2017-12-08,BAC,29.05,False,False,27.464,26.662583333333334,1,0,0,0.6395824847496617,1,0,0,0
2017-12-08,C,75.71,False,False,73.506,73.204,1,0,1,0.5130382715013253,0,0,0,0
2017-12-08,FB,179.0,True,False,178.42249999999999,175.0555,1,0,1,0.5714343466081571,1,0,1,0
2017-12-08,GE,17.71,False,True,18.2125,21.305416666666666,0,1,1,0.5522017588600897,1,0,0,1
2017-12-08,GOOG,1037.05,True,False,1026.3404999999998,993.4131666666667,1,0,1,0.5641749024934426,1,0,1,0
2017-12-08,GOOGL,1049.38,False,False,1041.661,1009.3573333333334,1,0,1,0.5495038904526605,0,0,0,0
2017-12-08,JPM,105.93,False,False,101.14099999999999,98.71766666666666,1,0,1,0.4844563923059848,0,0,0,0
2017-12-08,MSFT,84.16,True,False,83.2835,79.78833333333333,1,0,1,0.6101982259405743,1,0,1,0
2017-12-08,NFLX,188.54,False,True,191.5055,191.73583333333332,0,1,1,0.5576034214368052,1,0,0,1
2017-12-08,XOM,82.66,False,True,81.9885,82.20541666666666,0,1,1,0.6004956086184766,1,0,0,1
2017-12-11,AAPL,172.67,True,False,171.402,163.79066666666665,1,0,1,0.648168410792964,1,0,1,0
2017-12-11,AMZN,1168.92,False,False,1153.8105,1060.2793333333334,1,0,1,0.4801250221249075,0,0,0,0
2017-12-11,BAC,28.94,False,False,27.585500000000003,26.73858333333333,1,0,1,0.5178930436366872,0,0,0,0
2017-12-11,C,75.85,False,False,73.686,73.31749999999998,1,0,1,0.4697853892985968,0,0,0,0
2017-12-11,FB,179.04,True,False,178.4515,175.17883333333333,1,0,1,0.562123635141406,1,0,1,0
2017-12-11,GE,17.65,False,True,18.070500000000003,21.200750000000003,0,1,1,0.5556570416505896,1,0,0,1
2017-12-11,GOOG,1041.1,True,False,1026.992,995.4266666666666,1,0,1,0.6096687204283247,1,0,1,0
2017-12-11,GOOGL,1051.97,True,False,1042.0520000000001,1011.302,1,0,1,0.5733440202314417,1,0,1,0
2017-12-11,JPM,105.62,False,False,101.54650000000001,98.95100000000001,1,0,1,0.45885267519748746,0,0,0,0
2017-12-11,MSFT,85.23,True,False,83.3515,79.95366666666668,1,0,1,0.6697636219852567,1,0,1,0
2017-12-11,NFLX,186.22,False,True,191.2155,191.8003333333333,0,1,1,0.4793225610258505,0,0,0,1
2017-12-11,XOM,83.03,False,True,81.99300000000001,82.25475,0,1,1,0.547476116309733,0,0,0,1
2017-12-12,AAPL,171.7,True,False,171.2885,164.0078333333333,1,0,1,0.5524304694032464,1,0,1,0
2017-12-12,AMZN,1165.08,False,False,1155.606,1063.4608333333333,1,0,1,0.4833100583593236,0,0,0,0
2017-12-12,BAC,29.32,False,False,27.7315,26.815583333333336,1,0,0,0.5290629020750969,0,0,0,0
2017-12-12,C,76.15,False,False,73.894,73.41000000000001,1,0,1,0.521838932424405,0,0,0,0
2017-12-12,FB,176.96,False,False,178.36100000000002,175.29466666666664,1,0,1,0.4907324281367778,0,0,0,0
2017-12-12,GE,17.91,False,True,18.014999999999997,21.091583333333332,0,1,1,0.5341674553050922,0,0,0,1
2017-12-12,GOOG,1040.48,True,False,1027.7285,997.518,1,0,1,0.610781336095662,1,0,1,0
2017-12-12,GOOGL,1048.77,True,False,1042.4305,1013.2856666666667,1,0,1,0.5805996199912773,1,0,1,0
2017-12-12,JPM,106.85,False,False,101.99600000000001,99.18316666666666,1,0,0,0.48057975839844896,0,0,0,0
2017-12-12,MSFT,85.58,True,False,83.434,80.12733333333334,1,0,1,0.673710776081263,1,0,1,0
2017-12-12,NFLX,185.73,False,True,190.748,191.81883333333334,0,1,1,0.47266333673541466,0,0,0,1
2017-12-12,XOM,82.76,False,True,81.9865,82.29925,0,1,1,0.5852200734147298,1,0,0,1
2017-12-13,AAPL,172.27,True,False,171.33499999999998,164.2335,1,0,1,0.5561121606652496,1,0,1,0
2017-12-13,AMZN,1164.13,False,False,1156.9705,1066.6986666666667,1,0,1,0.49285698256853966,0,0,0,0
2017-12-13,BAC,28.84,True,False,27.8615,26.881916666666665,1,0,1,0.5627617193473495,1,0,1,0
2017-12-13,C,75.14,True,False,74.0745,73.47649999999999,1,0,1,0.5722286773274246,1,0,1,0
2017-12-13,FB,178.3,False,False,178.3725,175.39100000000002,1,0,1,0.542587714921394,0,0,0,0
2017-12-13,GE,17.76,False,True,18.008000000000003,20.984249999999996,0,1,1,0.4839889979293916,0,0,0,1
2017-12-13,GOOG,1040.61,True,False,1028.459,999.498,1,0,1,0.5835942186833178,1,0,1,0
2017-12-13,GOOGL,1051.39,True,False,1042.9180000000001,1015.1945,1,0,1,0.5680952584340097,1,0,1,0
2017-12-13,JPM,105.51,True,False,102.40800000000002,99.376,1,0,1,0.5577072428888821,1,0,1,0
2017-12-13,MSFT,85.35,True,False,83.499,80.2925,1,0,1,0.625811192630013,1,0,1,0
2017-12-13,NFLX,187.86,False,True,190.3555,191.85516666666666,0,1,1,0.5365467542901946,0,0,0,1
2017-12-13,XOM,83.12,False,True,82.03049999999999,82.34758333333335,0,1,1,0.5634166243669295,1,0,0,1
2017-12-14,AAPL,172.22,False,False,171.49200000000002,164.50266666666667,1,0,1,0.5225274273814089,0,0,0,0
2017-12-14,AMZN,1174.26,False,False,1159.349,1070.0495,1,0,1,0.5099057485602168,0,0,0,0
2017-12-14,BAC,28.73,True,False,27.958499999999997,26.943083333333334,1,0,1,0.5661493874554783,1,0,1,0
2017-12-14,C,73.92,True,False,74.184,73.51749999999998,1,0,1,0.61490197452228,1,0,1,0
2017-12-14,FB,178.39,True,False,178.3945,175.49466666666666,1,0,1,0.5971418744259084,1,0,1,0
2017-12-14,GE,17.64,False,True,17.977,20.872916666666665,0,1,1,0.5239277022624916,0,0,0,1
2017-12-14,GOOG,1049.15,False,False,1029.8709999999999,1001.4575,1,0,1,0.49782394167384164,0,0,0,0
2017-12-14,GOOGL,1057.47,False,False,1043.971,1017.0266666666666,1,0,1,0.5438866594448075,0,0,0,0
2017-12-14,JPM,104.66,True,False,102.73150000000001,99.54366666666667,1,0,1,0.5754484638259423,1,0,1,0
2017-12-14,MSFT,84.69,True,False,83.5845,80.455,1,0,1,0.5583371112174066,1,0,1,0
2017-12-14,NFLX,189.56,False,True,190.2275,191.9226666666667,0,1,1,0.5757159517793486,1,0,0,1
2017-12-14,XOM,82.9,False,True,82.115,82.38674999999999,0,1,1,0.549245086147788,0,0,0,1
2017-12-15,AAPL,173.97,False,False,171.6355,164.8456666666667,1,0,1,0.544428808674959,0,0,0,0
2017-12-15,AMZN,1179.14,True,False,1161.4415000000001,1073.6243333333334,1,0,1,0.5917583040260301,1,0,1,0
2017-12-15,BAC,29.04,False,False,28.072499999999998,27.007749999999998,1,0,1,0.5201682021630266,0,0,0,0
2017-12-15,C,74.77,False,False,74.339,73.56766666666667,1,0,1,0.5438620826454975,0,0,0,0
2017-12-15,FB,180.18,False,False,178.424,175.64583333333334,1,0,1,0.5483365776655917,0,0,0,0
2017-12-15,GE,17.82,False,True,17.9555,20.757416666666664,0,1,1,0.5613886550373024,1,0,0,1
2017-12-15,GOOG,1064.19,False,False,1031.4555,1003.6531666666666,1,0,1,0.5302394501248916,0,0,0,0
2017-12-15,GOOGL,1072.0,False,False,1045.1475,1019.1008333333334,1,0,1,0.5189258357036924,0,0,0,0
2017-12-15,JPM,106.14,False,False,103.11500000000001,99.72883333333334,1,0,1,0.539214877634839,0,0,0,0
2017-12-15,MSFT,86.85,True,False,83.76700000000001,80.66566666666668,1,0,1,0.629320402586395,1,0,1,0
2017-12-15,NFLX,190.12,False,True,189.958,191.945,0,1,1,0.5769284462114638,1,0,0,1
2017-12-15,XOM,83.03,False,True,82.2385,82.43908333333333,0,1,1,0.45379039675723404,0,0,0,1
2017-12-18,AAPL,176.42,False,False,171.949,165.2545,1,0,1,0.5268253406561579,0,0,0,0
2017-12-18,AMZN,1190.58,True,False,1164.4765,1077.549,1,0,1,0.6044067745934064,1,0,1,0
2017-12-18,BAC,29.48,False,False,28.2155,27.082083333333333,1,0,1,0.5398007736727704,0,0,0,0
2017-12-18,C,75.67,True,False,74.55600000000001,73.63883333333334,1,0,1,0.5741336681773531,1,0,1,0
2017-12-18,FB,180.82,False,False,178.515,175.81716666666668,1,0,1,0.5492542564542048,0,0,0,0
2017-12-18,GE,17.76,False,True,17.933,20.638916666666667,0,1,1,0.4819892008813559,0,0,0,1
2017-12-18,GOOG,1077.14,False,False,1034.358,1006.1299999999999,1,0,0,0.6079640194876899,1,0,0,0
2017-12-18,GOOGL,1085.09,True,False,1047.6074999999998,1021.4646666666667,1,0,1,0.5753865596418313,1,0,1,0
2017-12-18,JPM,106.96,True,False,103.556,99.93100000000001,1,0,1,0.5799055047862911,1,0,1,0
2017-12-18,MSFT,86.38,True,False,83.966,80.86516666666667,1,0,1,0.5998291075137687,1,0,1,0
2017-12-18,NFLX,190.42,False,True,189.81900000000002,191.99616666666668,0,1,1,0.5105013554494918,0,0,0,1
2017-12-18,XOM,82.94,False,True,82.3735,82.48941666666668,0,1,1,0.5648714999543626,1,0,0,1
2017-12-19,AAPL,174.54,True,False,172.177,165.65433333333334,1,0,1,0.5933577238921496,1,0,1,0
2017-12-19,AMZN,1187.38,True,False,1167.53,1081.6755,1,0,1,0.5998035106329886,1,0,1,0
2017-12-19,BAC,29.45,True,False,28.351,27.16025,1,0,1,0.567457916698373,1,0,1,0
2017-12-19,C,74.7,True,False,74.6885,73.70316666666666,1,0,1,0.5902894608847732,1,0,1,0
2017-12-19,FB,179.51,False,False,178.5535,176.0945,1,0,1,0.5250023174587405,0,0,0,0
2017-12-19,GE,17.59,False,True,17.913500000000003,20.513583333333333,0,1,1,0.5583731897609588,1,0,0,1
2017-12-19,GOOG,1070.68,False,False,1036.973,1008.6251666666666,1,0,1,0.5231462112277517,0,0,0,0
2017-12-19,GOOGL,1079.78,False,False,1049.8635,1023.8896666666667,1,0,1,0.523442139349693,0,0,0,0
2017-12-19,JPM,106.51,True,False,103.931,100.1375,1,0,1,0.5535024079319911,1,0,1,0
2017-12-19,MSFT,85.83,True,False,84.131,81.07466666666667,1,0,1,0.5773895740511767,1,0,1,0
2017-12-19,NFLX,187.02,False,True,189.46499999999997,192.13733333333332,0,1,1,0.561735893972502,1,0,0,1
2017-12-19,XOM,82.44,False,True,82.46799999999999,82.51375,0,1,1,0.5768735705659479,1,0,0,1
2017-12-20,AAPL,174.35,True,False,172.2375,166.0078333333333,1,0,1,0.5528198106046079,1,0,1,0
2017-12-20,AMZN,1177.62,True,False,1169.4365,1085.6591666666668,1,0,1,0.576180719702609,1,0,1,0
2017-12-20,BAC,29.48,True,False,28.4885,27.238083333333336,1,0,1,0.6239312422682791,1,0,1,0
2017-12-20,C,74.66,True,False,74.8025,73.76516666666666,1,0,1,0.5886252392237029,1,0,1,0
2017-12-20,FB,177.89,True,False,178.355,176.32249999999996,1,0,1,0.583302218058767,1,0,1,0
2017-12-20,GE,17.45,False,True,17.8945,20.388916666666663,0,1,1,0.5774635755970129,1,0,0,1
2017-12-20,GOOG,1064.95,False,False,1038.496,1010.9600000000002,1,0,1,0.48706687624532446,0,0,0,0
2017-12-20,GOOGL,1073.56,False,False,1051.0265,1026.1585,1,0,1,0.4810901997530474,0,0,0,0
2017-12-20,JPM,106.14,True,False,104.2915,100.34483333333333,1,0,1,0.5848763494089401,1,0,1,0
2017-12-20,MSFT,85.52,True,False,84.221,81.279,1,0,1,0.5632182282596482,1,0,1,0
2017-12-20,NFLX,188.82,False,True,189.09449999999998,192.29466666666667,0,1,1,0.5817477397227767,1,0,0,1
2017-12-20,XOM,82.87,True,False,82.56800000000001,82.54674999999999,1,0,1,0.5695810365465747,1,0,1,0
2017-12-21,AAPL,175.01,True,False,172.24,166.35416666666666,1,0,1,0.5731501939710747,1,0,1,0
2017-12-21,AMZN,1174.76,True,False,1170.3665,1089.3906666666667,1,0,1,0.569327295998674,1,0,1,0
2017-12-21,BAC,29.82,False,False,28.646499999999996,27.31158333333333,1,0,0,0.6506025728239788,1,0,0,0
2017-12-21,C,75.82,True,False,74.9805,73.82416666666668,1,0,1,0.606319219215513,1,0,1,0
2017-12-21,FB,177.45,True,False,178.18400000000003,176.48533333333336,1,0,1,0.5842754892935117,1,0,1,0
2017-12-21,GE,17.47,False,True,17.8605,20.273916666666665,0,1,1,0.5750349369314409,1,0,0,1
2017-12-21,GOOG,1063.63,False,True,1039.8794999999998,1012.9456666666666,1,0,1,0.406820782479748,0,1,0,1
2017-12-21,GOOGL,1070.85,False,True,1051.9730000000002,1028.0076666666666,1,0,1,0.4245981637815592,0,1,0,1
2017-12-21,JPM,107.83,True,False,104.751,100.55566666666667,1,0,1,0.6031054728291041,1,0,1,0
2017-12-21,MSFT,85.5,False,False,84.34049999999999,81.47316666666667,1,0,1,0.5443877021160003,0,0,0,0
2017-12-21,NFLX,188.62,False,True,188.7095,192.4055,0,1,1,0.574395660949723,1,0,0,1
2017-12-21,XOM,83.85,False,False,82.7055,82.58708333333334,1,0,1,0.5398040279158216,0,0,0,0
2017-12-22,AAPL,175.01,False,False,172.242,166.71633333333335,1,0,1,0.5362360816454685,0,0,0,0
2017-12-22,AMZN,1168.36,True,False,1169.4845,1092.9233333333332,1,0,1,0.5827001669702047,1,0,1,0
2017-12-22,BAC,29.88,False,False,28.810999999999996,27.385416666666668,1,0,0,0.5997870853900107,1,0,0,0
2017-12-22,C,75.49,True,False,75.154,73.8715,1,0,1,0.5643179613794648,1,0,1,0
2017-12-22,FB,177.2,True,False,177.905,176.6265,1,0,1,0.627244231216263,1,0,1,0
2017-12-22,GE,17.5,False,True,17.826,20.161583333333333,0,1,1,0.6149813124257454,1,0,0,1
2017-12-22,GOOG,1060.12,False,True,1040.855,1014.7893333333334,1,0,1,0.3314201029623587,0,1,0,1
2017-12-22,GOOGL,1068.86,False,True,1052.59,1029.7418333333333,1,0,1,0.3528095400785873,0,1,0,1
2017-12-22,JPM,107.45,True,False,105.20750000000001,100.75683333333333,1,0,1,0.6024033217526932,1,0,1,0
2017-12-22,MSFT,85.51,False,False,84.453,81.66716666666667,1,0,1,0.5331176825083613,0,0,0,0
2017-12-22,NFLX,189.94,False,True,188.419,192.55949999999999,0,1,1,0.5752847038644152,1,0,0,1
2017-12-22,XOM,83.97,True,False,82.833,82.61675,1,0,1,0.5743725576303516,1,0,1,0
2017-12-26,AAPL,170.57,True,False,172.066,166.9905,1,0,1,0.6162000973092504,1,0,1,0
2017-12-26,AMZN,1176.76,False,False,1168.531,1096.5135,1,0,1,0.5160215766167972,0,0,0,0
2017-12-26,BAC,29.78,False,False,28.970500000000005,27.459416666666666,1,0,1,0.5449742592774499,0,0,0,0
2017-12-26,C,74.78,True,False,75.3235,73.9055,1,0,1,0.6197988148764704,1,0,1,0
2017-12-26,FB,175.99,True,False,177.553,176.71183333333335,1,0,1,0.6686934156038152,1,0,1,0
2017-12-26,GE,17.43,False,True,17.7915,20.049083333333332,0,1,1,0.5712420490754869,1,0,0,1
2017-12-26,GOOG,1056.74,False,True,1040.9814999999999,1016.4164999999999,1,0,1,0.4168116534702991,0,1,0,1
2017-12-26,GOOGL,1065.85,False,True,1052.282,1031.2773333333332,1,0,1,0.4436214116197724,0,1,0,1
2017-12-26,JPM,107.02,False,False,105.66199999999999,100.94866666666667,1,0,1,0.5462349459289548,0,0,0,0
2017-12-26,MSFT,85.4,True,False,84.5295,81.84899999999999,1,0,1,0.5571448929194046,1,0,1,0
2017-12-26,NFLX,187.76,False,True,188.0545,192.6663333333333,0,1,1,0.6183544194180991,1,0,0,1
2017-12-26,XOM,83.98,False,False,82.9765,82.65008333333334,1,0,1,0.5459818976877014,0,0,0,0
2017-12-27,AAPL,170.6,True,False,171.9425,167.27033333333335,1,0,1,0.6544702083130794,1,0,1,0
2017-12-27,AMZN,1182.26,False,False,1167.964,1100.2313333333332,1,0,1,0.537085210443539,0,0,0,0
2017-12-27,BAC,29.73,False,False,29.075,27.52791666666667,1,0,1,0.5435138438340912,0,0,0,0
2017-12-27,C,74.89,False,False,75.383,73.92366666666666,1,0,1,0.5434819334744054,0,0,0,0
2017-12-27,FB,177.62,True,False,177.31300000000002,176.84766666666664,1,0,1,0.6243017913011423,1,0,1,0
2017-12-27,GE,17.38,False,True,17.74,19.929250000000003,0,1,1,0.5478331828442644,0,0,0,1
2017-12-27,GOOG,1049.37,True,False,1041.0795,1018.0181666666667,1,0,1,0.6254037848340612,1,0,1,0
2017-12-27,GOOGL,1060.2,True,False,1052.1275,1032.8228333333334,1,0,1,0.6281290915956536,1,0,1,0
2017-12-27,JPM,107.22,True,False,105.955,101.12166666666667,1,0,1,0.5611184391643915,1,0,1,0
2017-12-27,MSFT,85.71,True,False,84.571,82.034,1,0,1,0.5576723297156032,1,0,1,0
2017-12-27,NFLX,186.24,False,True,187.4075,192.82016666666667,0,1,1,0.5660413280637704,1,0,0,1
2017-12-27,XOM,83.9,True,False,83.088,82.68791666666667,1,0,1,0.5757329647865129,1,0,1,0
2017-12-28,AAPL,171.08,True,False,172.02249999999998,167.54700000000003,1,0,1,0.6282178903455989,1,0,1,0
2017-12-28,AMZN,1186.1,False,False,1169.2055,1104.048,1,0,1,0.5460536899310175,0,0,0,0
2017-12-28,BAC,29.8,True,False,29.151,27.593583333333335,1,0,1,0.5541830427794605,1,0,1,0
2017-12-28,C,75.08,False,False,75.38499999999999,73.9395,1,0,1,0.5469998909185287,0,0,0,0
2017-12-28,FB,177.92,True,False,177.4525,176.98033333333333,1,0,1,0.5503470103950445,1,0,1,0
2017-12-28,GE,17.36,False,True,17.684,19.80525,0,1,1,0.5350888170386308,0,0,0,1
2017-12-28,GOOG,1048.14,True,False,1042.4035,1019.524,1,0,1,0.6247064901930143,1,0,1,0
2017-12-28,GOOGL,1055.95,True,False,1053.056,1034.2206666666666,1,0,1,0.637386265730494,1,0,1,0
2017-12-28,JPM,107.79,True,False,106.15800000000002,101.29566666666668,1,0,1,0.5786695714969039,1,0,1,0
2017-12-28,MSFT,85.72,True,False,84.69,82.225,1,0,1,0.5649391410475132,1,0,1,0
2017-12-28,NFLX,192.71,False,True,187.6355,193.04550000000003,0,1,1,0.6423933717147303,1,0,0,1
2017-12-28,XOM,84.02,True,False,83.1755,82.72558333333333,1,0,1,0.5767491872356777,1,0,1,0
2017-12-29,AAPL,169.23,True,False,171.8915,167.80949999999999,1,0,1,0.6893489024467806,1,0,1,0
2017-12-29,AMZN,1169.47,True,False,1168.8415,1107.4483333333333,1,0,1,0.651583361132048,1,0,1,0
2017-12-29,BAC,29.52,True,False,29.2185,27.657083333333333,1,0,1,0.5632104088881077,1,0,1,0
2017-12-29,C,74.41,True,False,75.3305,73.94533333333334,1,0,1,0.6389637948064985,1,0,1,0
2017-12-29,FB,176.46,True,False,177.41649999999998,177.11433333333335,1,0,1,0.5871831238796262,1,0,1,0
2017-12-29,GE,17.45,False,True,17.642,19.688083333333335,0,1,1,0.5764533691161365,1,0,0,1
2017-12-29,GOOG,1046.4,True,False,1043.6529999999998,1021.1026666666666,1,0,1,0.6032593698742214,1,0,1,0
2017-12-29,GOOGL,1053.4,True,False,1053.9175,1035.6643333333334,1,0,1,0.6031173387471693,1,0,1,0
2017-12-29,JPM,106.94,True,False,106.279,101.472,1,0,1,0.5864837048270998,1,0,1,0
2017-12-29,MSFT,85.54,True,False,84.7585,82.40583333333333,1,0,1,0.5648780635430644,1,0,1,0
2017-12-29,NFLX,191.96,False,True,187.8545,193.17066666666668,0,1,1,0.5083990964347135,0,0,0,1
2017-12-29,XOM,83.64,True,False,83.193,82.75641666666667,1,0,1,0.5820311013536889,1,0,1,0
2018-01-02,AAPL,172.26,True,False,171.952,168.09066666666666,1,0,1,0.6445830418425833,1,0,1,0
2018-01-02,AMZN,1189.01,True,False,1170.1745,1110.9176666666667,1,0,1,0.5503301804389622,1,0,1,0
2018-01-02,BAC,29.9,False,False,29.3085,27.719916666666666,1,0,1,0.5125830301613884,0,0,0,0
2018-01-02,C,74.36,True,False,75.273,73.92266666666666,1,0,1,0.629114389713467,1,0,1,0
2018-01-02,FB,181.42,True,False,177.7325,177.28400000000002,1,0,1,0.6083350434769571,1,0,1,0
2018-01-02,GE,17.98,False,True,17.647,19.578750000000003,0,1,1,0.5976663106361526,1,0,0,1
2018-01-02,GOOG,1065.0,True,False,1046.3944999999999,1022.6866666666666,1,0,1,0.5817948210399007,1,0,1,0
2018-01-02,GOOGL,1073.21,True,False,1056.3245,1037.1313333333333,1,0,1,0.6064740886858415,1,0,1,0
2018-01-02,JPM,107.95,False,False,106.43699999999998,101.65299999999999,1,0,1,0.5416790119593377,0,0,0,0
2018-01-02,MSFT,85.95,True,False,84.84299999999999,82.57216666666666,1,0,1,0.5546984722310602,1,0,1,0
2018-01-02,NFLX,201.07,False,True,188.56699999999998,193.282,0,1,1,0.8228574339640273,1,0,0,1
2018-01-02,XOM,85.03,False,False,83.27149999999999,82.80658333333334,1,0,1,0.5076511514944224,0,0,0,0
2018-01-03,AAPL,172.23,True,False,172.0735,168.37283333333335,1,0,1,0.5799758658506533,1,0,1,0
2018-01-03,AMZN,1204.2,True,False,1173.6870000000001,1114.4946666666667,1,0,1,0.6003281230468004,1,0,1,0
2018-01-03,BAC,29.8,True,False,29.345500000000005,27.77975,1,0,1,0.5667215762098261,1,0,1,0
2018-01-03,C,74.59,True,False,75.14750000000001,73.90516666666666,1,0,1,0.5640520911649278,1,0,1,0
2018-01-03,FB,184.67,True,False,178.39249999999998,177.49133333333336,1,0,1,0.644145377253916,1,0,1,0
2018-01-03,GE,18.15,False,True,17.657,19.474749999999997,0,1,1,0.562660572099996,1,0,0,1
2018-01-03,GOOG,1082.48,False,False,1050.5845000000002,1024.4131666666667,1,0,1,0.5301927517662215,0,0,0,0
2018-01-03,GOOGL,1091.52,False,False,1060.307,1038.7626666666665,1,0,1,0.5353273415961879,0,0,0,0
2018-01-03,JPM,108.06,True,False,106.49249999999999,101.83866666666668,1,0,1,0.5918633792606276,1,0,1,0
2018-01-03,MSFT,86.35,True,False,85.10650000000001,82.74466666666667,1,0,1,0.5525254205354563,1,0,1,0
2018-01-03,NFLX,205.05,False,True,189.6175,193.39916666666667,0,1,1,0.7201224173291855,1,0,0,1
2018-01-03,XOM,86.7,False,False,83.428,82.88975,1,0,0,0.5590683617078023,1,0,0,0
2018-01-04,AAPL,173.03,False,False,172.243,168.65933333333336,1,0,1,0.5244458274098025,0,0,0,0
2018-01-04,AMZN,1209.59,True,False,1177.0880000000002,1118.138,1,0,1,0.5582558605038351,1,0,1,0
2018-01-04,BAC,30.19,False,False,29.408499999999997,27.852083333333333,1,0,1,0.5066297806715395,0,0,0,0
2018-01-04,C,75.51,True,False,75.096,73.90716666666667,1,0,1,0.5950505702739598,1,0,1,0
2018-01-04,FB,184.33,True,False,178.9675,177.68850000000003,1,0,1,0.6646980106933095,1,0,1,0
2018-01-04,GE,18.53,False,True,17.695500000000003,19.39308333333333,0,1,1,0.6494512029858774,1,0,0,1
2018-01-04,GOOG,1086.4,True,False,1054.647,1026.2365,1,0,1,0.6183683902747473,1,0,1,0
2018-01-04,GOOGL,1095.76,True,False,1064.1150000000002,1040.4868333333334,1,0,1,0.5997655597322036,1,0,1,0
2018-01-04,JPM,109.04,True,False,106.6585,102.04916666666666,1,0,1,0.5675776494296708,1,0,1,0
2018-01-04,MSFT,87.11,True,False,85.38250000000001,82.925,1,0,1,0.5589199141538554,1,0,1,0
2018-01-04,NFLX,205.63,False,True,190.6885,193.54516666666666,0,1,0,0.7481156669540604,1,0,0,1
2018-01-04,XOM,86.82,False,False,83.62450000000001,82.96958333333332,1,0,0,0.6556915075628791,1,0,0,0
2018-01-05,AAPL,175.0,True,False,172.5425,168.97766666666666,1,0,1,0.591286460398516,1,0,1,0
2018-01-05,AMZN,1229.14,False,False,1180.9275,1122.1703333333332,1,0,0,0.607521854225071,1,0,0,0
2018-01-05,BAC,30.33,False,False,29.493000000000002,27.925416666666667,1,0,0,0.6049986781134016,1,0,0,0
2018-01-05,C,75.41,True,False,75.09450000000001,73.911,1,0,1,0.5567594669693225,1,0,1,0
2018-01-05,FB,186.85,True,False,179.507,177.94283333333334,1,0,1,0.6568683968217341,1,0,1,0
2018-01-05,GE,18.54,False,True,17.7395,19.31275,0,1,1,0.6644763014119798,1,0,0,1
2018-01-05,GOOG,1102.23,False,False,1058.8395,1028.397,1,0,0,0.6498692913414241,1,0,0,0
2018-01-05,GOOGL,1110.29,False,False,1067.9935,1042.5283333333332,1,0,0,0.6577011701783355,1,0,0,0
2018-01-05,JPM,108.34,True,False,106.829,102.236,1,0,1,0.5871249244344333,1,0,1,0
2018-01-05,MSFT,88.19,False,False,85.65299999999999,83.12333333333335,1,0,0,0.5773142511977942,1,0,0,0
2018-01-05,NFLX,209.99,False,True,191.923,193.79366666666664,0,1,0,0.7590312246704426,1,0,0,1
2018-01-05,XOM,86.75,False,False,83.848,83.04441666666666,1,0,0,0.6449110010027215,1,0,0,0
2018-01-08,AAPL,174.35,True,False,172.79399999999998,169.27433333333332,1,0,1,0.5514063688365594,1,0,1,0
2018-01-08,AMZN,1246.87,False,False,1185.2815,1126.3681666666666,1,0,0,0.7136964575697956,1,0,0,0
2018-01-08,BAC,30.12,True,False,29.560000000000002,27.996916666666667,1,0,1,0.6008836346161548,1,0,1,0
2018-01-08,C,74.53,True,False,75.072,73.90416666666667,1,0,1,0.5589892892521395,1,0,1,0
2018-01-08,FB,188.28,True,False,179.91400000000002,178.20183333333335,1,0,1,0.7012226402580485,1,0,1,0
2018-01-08,GE,18.28,False,True,17.768,19.232916666666668,0,1,1,0.6135495229222506,1,0,0,1
2018-01-08,GOOG,1106.94,False,False,1062.64,1030.3585,1,0,0,0.6721773260110503,1,0,0,0
2018-01-08,GOOGL,1114.21,False,False,1071.4755,1044.3376666666668,1,0,0,0.6680348997869617,1,0,0,0
2018-01-08,JPM,108.5,True,False,107.023,102.43033333333334,1,0,1,0.6030996933977025,1,0,1,0
2018-01-08,MSFT,88.28,False,False,85.94250000000001,83.321,1,0,0,0.6363685121781993,1,0,0,0
2018-01-08,NFLX,212.05,False,True,193.2655,194.0786666666667,0,1,0,0.7684815867603199,1,0,0,1
2018-01-08,XOM,87.14,False,False,84.0775,83.12008333333333,1,0,0,0.6824658701200178,1,0,0,0
2018-01-09,AAPL,174.33,False,False,173.042,169.5798333333333,1,0,1,0.5333215869530924,0,0,0,0
2018-01-09,AMZN,1252.7,False,False,1189.8165000000001,1130.5643333333333,1,0,0,0.6660646391721404,1,0,0,0
2018-01-09,BAC,30.27,False,False,29.621000000000002,28.07725,1,0,1,0.5477056892634192,0,0,0,0
2018-01-09,C,75.31,True,False,75.05199999999999,73.95316666666668,1,0,1,0.5741914629004149,1,0,1,0
2018-01-09,FB,187.87,True,False,180.3575,178.45716666666667,1,0,1,0.6335512894643842,1,0,1,0
2018-01-09,GE,18.56,False,True,17.810499999999998,19.15808333333333,0,1,1,0.5926596207671392,1,0,0,1
2018-01-09,GOOG,1106.26,False,False,1066.1005,1032.3323333333333,1,0,0,0.5636915815734111,1,0,0,0
2018-01-09,GOOGL,1112.79,False,False,1074.646,1046.1233333333334,1,0,0,0.5779585987898621,1,0,0,0
2018-01-09,JPM,109.05,True,False,107.179,102.648,1,0,1,0.5627450125402995,1,0,1,0
2018-01-09,MSFT,88.22,False,False,86.1455,83.50600000000001,1,0,0,0.6201405650013917,1,0,0,0
2018-01-09,NFLX,209.31,True,False,194.304,194.30283333333333,1,0,1,0.6462279815144568,1,0,1,0
2018-01-09,XOM,86.77,False,False,84.283,83.19241666666667,1,0,0,0.5803532011813162,1,0,0,0
2018-01-10,AAPL,174.29,False,False,173.123,169.86816666666667,1,0,1,0.547108015056075,0,0,0,0
2018-01-10,AMZN,1254.33,False,False,1194.087,1134.7541666666666,1,0,0,0.6623174311903114,1,0,0,0
2018-01-10,BAC,30.55,False,False,29.7015,28.155916666666666,1,0,0,0.595824403829515,1,0,0,0
2018-01-10,C,75.65,False,False,75.042,74.01216666666666,1,0,1,0.5472154766462223,0,0,0,0
2018-01-10,FB,187.84,False,False,180.79749999999999,178.69216666666668,1,0,1,0.5298914682301505,0,0,0,0
2018-01-10,GE,18.929,False,True,17.87445,19.09056666666667,0,1,1,0.6361894240927833,1,0,0,1
2018-01-10,GOOG,1102.61,False,False,1069.176,1034.2145,1,0,0,0.4721122574486646,0,0,0,0
2018-01-10,GOOGL,1110.14,False,True,1077.5545,1047.8278333333333,1,0,1,0.4275260539624713,0,1,0,1
2018-01-10,JPM,110.25,False,False,107.4105,102.88783333333335,1,0,1,0.5296185565124053,0,0,0,0
2018-01-10,MSFT,87.82,True,False,86.275,83.67816666666667,1,0,1,0.6045470194013005,1,0,1,0
2018-01-10,NFLX,212.52,False,False,195.619,194.52,1,0,0,0.5837767758243539,1,0,0,0
2018-01-10,XOM,86.08,False,False,84.43549999999999,83.25358333333334,1,0,1,0.5236648549532716,0,0,0,0
2018-01-11,AAPL,175.28,True,False,173.302,170.12483333333333,1,0,1,0.5685499530392619,1,0,1,0
2018-01-11,AMZN,1276.68,False,False,1199.667,1139.2598333333335,1,0,0,0.7614279303684195,1,0,0,0
2018-01-11,BAC,30.66,False,False,29.7685,28.22958333333333,1,0,0,0.5997387079379173,1,0,0,0
2018-01-11,C,75.56,True,False,75.0125,74.07533333333335,1,0,1,0.5678546814235993,1,0,1,0
2018-01-11,FB,187.77,False,False,181.338,178.91299999999998,1,0,1,0.543680570823696,0,0,0,0
2018-01-11,GE,19.02,False,True,17.929949999999998,19.018233333333335,0,1,1,0.5109321322189978,0,0,0,1
2018-01-11,GOOG,1105.52,False,False,1072.428,1036.1065,1,0,0,0.4534427179364059,0,0,0,0
2018-01-11,GOOGL,1112.05,False,True,1080.7185,1049.5395,1,0,0,0.42917457395741737,0,1,0,1
2018-01-11,JPM,110.84,False,False,107.60999999999999,103.10449999999999,1,0,0,0.5738910815852366,1,0,0,0
2018-01-11,MSFT,88.08,True,False,86.4,83.852,1,0,1,0.5791946379505355,1,0,1,0
2018-01-11,NFLX,217.24,False,False,197.1945,194.76266666666666,1,0,0,0.707911713040564,1,0,0,0
2018-01-11,XOM,86.93,False,False,84.64399999999999,83.32225,1,0,1,0.4642765850559691,0,0,0,0
2018-01-12,AAPL,177.09,False,False,173.543,170.40183333333331,1,0,1,0.499896153166644,0,0,0,0
2018-01-12,AMZN,1305.2,False,False,1206.7205,1144.1943333333334,1,0,0,0.7703997260953268,1,0,0,0
2018-01-12,BAC,31.19,False,False,29.886000000000003,28.31275,1,0,0,0.5680439065592079,1,0,0,0
2018-01-12,C,76.84,False,False,75.0975,74.15283333333333,1,0,1,0.5491835628870877,0,0,0,0
2018-01-12,FB,179.37,True,False,181.3915,178.96733333333336,1,0,1,0.63203858435861,1,0,1,0
2018-01-12,GE,18.76,False,True,17.97995,18.944399999999998,0,1,1,0.5576228715170579,1,0,0,1
2018-01-12,GOOG,1122.26,False,False,1076.5104999999999,1038.2745,1,0,0,0.5646375383549745,1,0,0,0
2018-01-12,GOOGL,1130.65,False,False,1084.6815,1051.5336666666667,1,0,0,0.5917375687684284,1,0,0,0
2018-01-12,JPM,112.67,False,False,107.968,103.35533333333333,1,0,0,0.5879576715234452,1,0,0,0
2018-01-12,MSFT,89.6,False,False,86.6125,84.05216666666666,1,0,0,0.49086466598796763,0,0,0,0
2018-01-12,NFLX,221.23,False,False,198.863,195.12516666666667,1,0,0,0.6782336563856818,1,0,0,0
2018-01-12,XOM,87.52,False,False,84.864,83.39825,1,0,0,0.5559444884665115,1,0,0,0
2018-01-16,AAPL,176.19,True,False,173.7415,170.67566666666664,1,0,1,0.5505115083611319,1,0,1,0
2018-01-16,AMZN,1304.86,False,False,1213.2504999999999,1149.3253333333334,1,0,0,0.6290531177379197,1,0,0,0
2018-01-16,BAC,31.24,False,False,30.0115,28.392083333333336,1,0,0,0.5973260028042566,1,0,0,0
2018-01-16,C,77.11,False,False,75.257,74.21933333333332,1,0,1,0.5283765321213693,0,0,0,0
2018-01-16,FB,178.39,True,False,181.3915,179.00666666666666,1,0,1,0.6801989262746063,1,0,1,0
2018-01-16,GE,18.21,False,True,18.00845,18.86256666666667,0,1,1,0.4800561165146585,0,0,0,1
2018-01-16,GOOG,1121.76,False,False,1080.141,1040.4236666666668,1,0,0,0.47840948746461237,0,0,0,0
2018-01-16,GOOGL,1130.7,False,False,1088.343,1053.4996666666668,1,0,0,0.4934140157695273,0,0,0,0
2018-01-16,JPM,112.27,False,False,108.34850000000002,103.59333333333333,1,0,0,0.5687013975260257,1,0,0,0
2018-01-16,MSFT,88.35,False,False,86.79549999999999,84.23116666666667,1,0,1,0.5484357861579909,0,0,0,0
2018-01-16,NFLX,221.53,False,False,200.4615,195.55833333333334,1,0,0,0.5121346664220001,0,0,0,0
2018-01-16,XOM,86.97,False,False,85.0675,83.46841666666667,1,0,1,0.5426426210250479,0,0,0,0
2018-01-17,AAPL,179.1,True,False,173.998,171.061,1,0,1,0.5579965542630055,1,0,1,0
2018-01-17,AMZN,1295.0,False,False,1219.0435,1154.4651666666666,1,0,0,0.61918972927861,1,0,0,0
2018-01-17,BAC,31.18,False,False,30.1185,28.46875,1,0,0,0.49884609296645616,0,0,0,0
2018-01-17,C,77.47,False,False,75.39200000000001,74.29583333333333,1,0,1,0.5312032083211593,0,0,0,0
2018-01-17,FB,177.6,True,False,181.2625,179.05733333333333,1,0,1,0.7297354411592225,1,0,1,0
2018-01-17,GE,17.35,False,True,17.98495,18.758733333333335,0,1,1,0.7177341269014915,1,0,0,1
2018-01-17,GOOG,1131.98,False,False,1083.5305,1042.8825,1,0,0,0.5541042235625911,1,0,0,0
2018-01-17,GOOGL,1139.1,False,False,1091.698,1055.7873333333332,1,0,0,0.5617199648301234,1,0,0,0
2018-01-17,JPM,112.99,False,False,108.69099999999999,103.84133333333332,1,0,0,0.6348826328600413,1,0,0,0
2018-01-17,MSFT,90.14,False,False,86.96000000000001,84.435,1,0,1,0.5265533862937921,0,0,0,0
2018-01-17,NFLX,217.5,False,False,201.8305,195.93116666666668,1,0,0,0.636846137817466,1,0,0,0
2018-01-17,XOM,88.0,False,False,85.316,83.55608333333335,1,0,0,0.5223718871295074,0,0,0,0
2018-01-18,AAPL,179.26,False,False,174.14000000000001,171.4445,1,0,1,0.5406596497573474,0,0,0,0
2018-01-18,AMZN,1293.32,False,False,1224.1805,1159.6386666666665,1,0,0,0.6714133001967278,1,0,0,0
2018-01-18,BAC,31.48,False,False,30.2185,28.540583333333338,1,0,0,0.5959223703611564,1,0,0,0
2018-01-18,C,77.39,True,False,75.478,74.36016666666666,1,0,1,0.6253453493856731,1,0,1,0
2018-01-18,FB,179.8,True,False,181.2115,179.13766666666663,1,0,1,0.670647779517869,1,0,1,0
2018-01-18,GE,16.77,False,True,17.93545,18.641066666666667,0,1,1,0.7615289521843775,1,0,0,1
2018-01-18,GOOG,1129.79,False,False,1086.163,1045.2423333333334,1,0,0,0.5595868181046574,1,0,0,0
2018-01-18,GOOGL,1135.97,False,False,1094.242,1057.969,1,0,0,0.5434083229411547,0,0,0,0
2018-01-18,JPM,113.26,False,False,109.006,104.07050000000001,1,0,0,0.6100645580408456,1,0,0,0
2018-01-18,MSFT,90.1,True,False,87.146,84.62316666666666,1,0,1,0.5968509839532424,1,0,1,0
2018-01-18,NFLX,220.33,False,False,203.326,196.36733333333333,1,0,0,0.5773009343141967,1,0,0,0
2018-01-18,XOM,87.43,True,False,85.5405,83.62808333333332,1,0,1,0.6016944456131325,1,0,1,0
2018-01-19,AAPL,178.46,False,False,174.33599999999998,171.81599999999997,1,0,1,0.4983315215761078,0,0,0,0
2018-01-19,AMZN,1294.58,False,False,1229.5405,1165.11,1,0,0,0.5700169951196496,1,0,0,0
2018-01-19,BAC,31.72,False,False,30.332,28.61658333333333,1,0,0,0.6557952836350794,1,0,0,0
2018-01-19,C,78.3,True,False,75.65799999999999,74.43966666666667,1,0,1,0.6053171738227935,1,0,1,0
2018-01-19,FB,181.29,True,False,181.3005,179.3046666666667,1,0,1,0.6607838164636539,1,0,1,0
2018-01-19,GE,16.26,False,True,17.868949999999998,18.540066666666668,0,1,1,0.7692400549198954,1,0,0,1
2018-01-19,GOOG,1137.51,False,False,1089.5045,1048.06,1,0,0,0.5184764540751128,0,0,0,0
2018-01-19,GOOGL,1143.5,False,False,1097.4279999999999,1060.6016666666667,1,0,0,0.5484795873056862,0,0,0,0
2018-01-19,JPM,113.01,False,False,109.33099999999999,104.29833333333335,1,0,0,0.5512672480734837,1,0,0,0
2018-01-19,MSFT,90.0,False,False,87.3545,84.80933333333333,1,0,1,0.491517706514384,0,0,0,0
2018-01-19,NFLX,220.46,False,False,204.998,196.8338333333333,1,0,0,0.4821624463690486,0,0,0,0
2018-01-19,XOM,87.15,True,False,85.776,83.69325,1,0,1,0.5515257186098617,1,0,1,0
2018-01-22,AAPL,177.0,True,False,174.4685,172.14766666666665,1,0,1,0.5533828491500365,1,0,1,0
2018-01-22,AMZN,1327.31,False,False,1237.025,1170.9668333333332,1,0,0,0.6439199678648158,1,0,0,0
2018-01-22,BAC,31.94,False,False,30.455000000000002,28.687583333333333,1,0,0,0.6169419024653195,1,0,0,0
2018-01-22,C,78.59,True,False,75.8545,74.51216666666666,1,0,1,0.5836476912828745,1,0,1,0
2018-01-22,FB,185.37,True,False,181.67450000000002,179.5308333333333,1,0,1,0.6152037378652389,1,0,1,0
2018-01-22,GE,16.17,False,True,17.804949999999998,18.444733333333332,0,1,1,0.7250543751437403,1,0,0,1
2018-01-22,GOOG,1155.81,False,False,1094.0475000000001,1051.1478333333334,1,0,0,0.6129591917587123,1,0,0,0
2018-01-22,GOOGL,1164.16,False,False,1101.958,1063.5295,1,0,0,0.6249817190466906,1,0,0,0
2018-01-22,JPM,114.33,False,False,109.74050000000003,104.52183333333333,1,0,0,0.5547753680222659,1,0,0,0
2018-01-22,MSFT,91.61,False,False,87.65899999999999,85.02183333333333,1,0,0,0.5149238914549483,0,0,0,0
2018-01-22,NFLX,227.58,False,False,206.936,197.35983333333334,1,0,0,0.6803521739225369,1,0,0,0
2018-01-22,XOM,88.25,False,False,86.045,83.77291666666666,1,0,1,0.5102777081629832,0,0,0,0
2018-01-23,AAPL,177.04,False,False,174.57,172.4915,1,0,1,0.5315515473735675,0,0,0,0
2018-01-23,AMZN,1362.54,False,False,1246.414,1177.4606666666666,1,0,0,0.7701762397671941,1,0,0,0
2018-01-23,BAC,31.92,False,False,30.560000000000002,28.759,1,0,0,0.6172941569478582,1,0,0,0
2018-01-23,C,78.55,True,False,75.991,74.59433333333332,1,0,1,0.5609670509112736,1,0,1,0
2018-01-23,FB,189.35,True,False,182.2695,179.84333333333333,1,0,1,0.6818681245683063,1,0,1,0
2018-01-23,GE,16.89,False,True,17.77595,18.367483333333332,0,1,1,0.6742482736819472,1,0,0,1
2018-01-23,GOOG,1169.97,False,False,1099.3645,1054.4251666666667,1,0,0,0.6722412516075137,1,0,0,0
2018-01-23,GOOGL,1176.17,False,False,1107.224,1066.608,1,0,0,0.6594288794645535,1,0,0,0
2018-01-23,JPM,114.21,False,False,110.05949999999999,104.74133333333334,1,0,0,0.5890432258369626,1,0,0,0
2018-01-23,MSFT,91.9,False,False,87.979,85.243,1,0,0,0.6757060046940011,1,0,0,0
2018-01-23,NFLX,250.29,False,False,210.01950000000002,198.30183333333335,1,0,0,0.9701302052921366,1,0,0,0
2018-01-23,XOM,88.3,True,False,86.26750000000001,83.85799999999999,1,0,1,0.6041906807614003,1,0,1,0
2018-01-24,AAPL,174.22,True,False,174.53050000000002,172.77166666666665,1,0,1,0.5727126215965715,1,0,1,0
2018-01-24,AMZN,1357.51,False,False,1255.8714999999997,1183.8786666666667,1,0,0,0.679844016937633,1,0,0,0
2018-01-24,BAC,32.09,False,False,30.670500000000004,28.8315,1,0,0,0.5938661798667069,1,0,0,0
2018-01-24,C,79.45,False,False,76.18900000000001,74.68866666666666,1,0,0,0.5260920564299564,0,0,0,0
2018-01-24,FB,186.55,True,False,182.737,180.10866666666666,1,0,1,0.6398587408073224,1,0,1,0
2018-01-24,GE,16.44,False,True,17.72295,18.28615,0,1,1,0.7449472989929982,1,0,0,1
2018-01-24,GOOG,1164.24,False,False,1104.5705,1057.6198333333332,1,0,0,0.5640799977182827,1,0,0,0
2018-01-24,GOOGL,1171.29,False,False,1112.3455000000001,1069.6058333333335,1,0,0,0.5335930507552964,0,0,0,0
2018-01-24,JPM,115.67,False,False,110.47049999999999,104.97350000000002,1,0,0,0.5322798150399353,0,0,0,0
2018-01-24,MSFT,91.82,False,False,88.2945,85.46066666666665,1,0,0,0.5405377906836039,0,0,0,0
2018-01-24,NFLX,261.3,False,False,213.5875,199.4033333333333,1,0,0,0.916774899348232,1,0,0,0
2018-01-24,XOM,88.53,True,False,86.4955,83.94233333333334,1,0,1,0.5557300843144014,1,0,1,0
2018-01-25,AAPL,171.11,True,False,174.5575,172.906,1,0,1,0.7378421640987147,1,0,1,0
2018-01-25,AMZN,1377.95,False,False,1265.931,1188.495333333333,1,0,0,0.8277221117007362,1,0,0,0
2018-01-25,BAC,32.09,False,False,30.785999999999994,28.903000000000002,1,0,0,0.6128132613847507,1,0,0,0
2018-01-25,C,79.44,False,False,76.422,74.7815,1,0,0,0.6145599686605824,1,0,0,0
2018-01-25,FB,187.48,True,False,183.3115,180.2686666666667,1,0,1,0.6574741205991772,1,0,1,0
2018-01-25,GE,16.18,False,True,17.66045,18.209316666666666,0,1,1,0.657277964586065,1,0,0,1
2018-01-25,GOOG,1170.37,False,False,1110.252,1060.1381666666666,1,0,0,0.6130626229171329,1,0,0,0
2018-01-25,GOOGL,1182.14,False,False,1118.16,1072.0803333333333,1,0,0,0.6569641447038223,1,0,0,0
2018-01-25,JPM,115.7,False,False,110.90450000000001,105.20566666666667,1,0,0,0.6082814845916817,1,0,0,0
2018-01-25,MSFT,92.33,False,False,88.641,85.60266666666668,1,0,0,0.5777690004891621,1,0,0,0
2018-01-25,NFLX,269.7,False,False,217.6845,200.57266666666666,1,0,0,0.876118736834305,1,0,0,0
2018-01-25,XOM,88.37,True,False,86.715,84.02,1,0,1,0.5847632220781258,1,0,1,0
2018-01-26,AAPL,171.51,True,False,174.603,172.98583333333332,1,0,1,0.7103369469156036,1,0,1,0
2018-01-26,AMZN,1402.05,False,False,1276.9205,1193.3486666666665,1,0,0,0.8749497579699802,1,0,0,0
2018-01-26,BAC,32.2,False,False,30.9095,28.979666666666667,1,0,0,0.596627129199558,1,0,0,0
2018-01-26,C,80.08,False,False,76.6815,74.88650000000001,1,0,0,0.6026324847983343,1,0,0,0
2018-01-26,FB,190.0,True,False,183.9305,180.4375,1,0,1,0.6484338039693979,1,0,1,0
2018-01-26,GE,16.13,False,True,17.59795,18.137983333333334,0,1,1,0.5358282142276548,0,0,0,1
2018-01-26,GOOG,1175.84,False,False,1116.5755,1062.7836666666667,1,0,0,0.5396588340712922,0,0,0,0
2018-01-26,GOOGL,1187.56,False,False,1124.5279999999998,1074.6541666666667,1,0,0,0.5949549607585187,1,0,0,0
2018-01-26,JPM,116.32,False,False,111.3595,105.45416666666667,1,0,0,0.6345504943207105,1,0,0,0
2018-01-26,MSFT,94.06,False,False,89.05850000000001,85.77216666666666,1,0,0,0.629619012427767,1,0,0,0
2018-01-26,NFLX,274.6,False,False,222.10250000000002,201.84316666666666,1,0,0,0.8831737890098051,1,0,0,0
2018-01-26,XOM,89.0,False,False,86.97,84.111,1,0,0,0.5943914669157578,1,0,0,0
2018-01-29,AAPL,167.96,True,False,174.447,172.96783333333332,1,0,1,0.7983974647441859,1,0,1,0
2018-01-29,AMZN,1417.68,False,False,1288.4995,1198.5553333333335,1,0,0,0.852583736602353,1,0,0,0
2018-01-29,BAC,32.28,False,False,31.033499999999997,29.06116666666667,1,0,0,0.5847233671551019,1,0,0,0
2018-01-29,C,79.96,False,False,76.92550000000001,74.99416666666666,1,0,0,0.5856899476936348,1,0,0,0
2018-01-29,FB,185.98,False,False,184.33350000000002,180.53616666666667,1,0,1,0.5311997951655946,0,0,0,0
2018-01-29,GE,16.28,False,True,17.543950000000002,18.073316666666663,0,1,1,0.5076323439294028,0,0,0,1
2018-01-29,GOOG,1175.58,False,False,1122.9474999999998,1065.4326666666666,1,0,0,0.5097510066752069,0,0,0,0
2018-01-29,GOOGL,1186.48,False,False,1131.0545000000002,1077.2115000000001,1,0,0,0.5095588528259257,0,0,0,0
2018-01-29,JPM,116.2,False,False,111.78,105.714,1,0,0,0.5730513539803953,1,0,0,0
2018-01-29,MSFT,93.92,False,False,89.46849999999999,85.95116666666667,1,0,0,0.5892649481582368,1,0,0,0
2018-01-29,NFLX,284.59,False,False,226.69650000000001,203.3125,1,0,0,0.9046211299731037,1,0,0,0
2018-01-29,XOM,88.01,True,False,87.1695,84.18866666666668,1,0,1,0.5823314358472442,1,0,1,0
2018-01-30,AAPL,166.97,True,False,174.334,172.9691666666667,1,0,1,0.7992541517790239,1,0,1,0
2018-01-30,AMZN,1437.82,False,False,1301.917,1204.1243333333332,1,0,0,0.8495786133833554,1,0,0,0
2018-01-30,BAC,31.88,False,False,31.1515,29.133666666666667,1,0,0,0.5395917355670773,0,0,0,0
2018-01-30,C,78.62,False,False,77.136,75.07066666666668,1,0,1,0.5426585276442395,0,0,0,0
2018-01-30,FB,187.12,False,False,184.8665,180.61050000000003,1,0,1,0.5298206208778102,0,0,0,0
2018-01-30,GE,15.95,False,True,17.46895,18.005483333333334,0,1,1,0.716128287559734,1,0,0,1
2018-01-30,GOOG,1163.69,False,False,1128.8120000000001,1067.7358333333334,1,0,0,0.46257661718588133,0,0,0,0
2018-01-30,GOOGL,1177.37,False,False,1137.2530000000002,1079.4576666666667,1,0,0,0.4539734461148601,0,0,0,0
2018-01-30,JPM,115.11,False,False,112.1885,105.9505,1,0,0,0.56700523587804,1,0,0,0
2018-01-30,MSFT,92.74,False,False,89.82849999999999,86.1105,1,0,1,0.5063878417135996,0,0,0,0
2018-01-30,NFLX,278.8,False,False,231.03850000000003,204.65916666666666,1,0,0,0.801583809664542,1,0,0,0
2018-01-30,XOM,86.78,True,False,87.32650000000001,84.23716666666668,1,0,1,0.6036175447677975,1,0,1,0
2018-01-31,AAPL,167.43,True,False,174.0925,172.95783333333333,1,0,1,0.7275309296001654,1,0,1,0
2018-01-31,AMZN,1450.89,False,False,1315.011,1210.0688333333333,1,0,0,0.8568487561818225,1,0,0,0
2018-01-31,BAC,32.0,False,False,31.2565,29.2025,1,0,0,0.5312017757258133,0,0,0,0
2018-01-31,C,78.48,True,False,77.34200000000001,75.133,1,0,1,0.5599900406200305,1,0,1,0
2018-01-31,FB,186.89,False,False,185.14000000000001,180.74333333333334,1,0,1,0.5405466548905363,0,0,0,0
2018-01-31,GE,16.17,False,True,17.37845,17.94265,0,1,1,0.6383229655169831,1,0,0,1
2018-01-31,GOOG,1169.94,False,True,1134.059,1070.1418333333334,1,0,0,0.42782829543121975,0,1,0,1
2018-01-31,GOOGL,1182.22,False,True,1142.7035,1081.7785,1,0,0,0.43496978601285846,0,1,0,1
2018-01-31,JPM,115.67,False,False,112.57449999999999,106.18516666666667,1,0,0,0.5289661002704543,0,0,0,0
2018-01-31,MSFT,95.01,False,False,90.28150000000001,86.29316666666666,1,0,0,0.5976039234748158,1,0,0,0
2018-01-31,NFLX,270.3,False,False,234.5,205.84216666666666,1,0,0,0.5925704130159385,1,0,0,0
2018-01-31,XOM,87.3,True,False,87.44000000000001,84.3,1,0,1,0.5627345290390482,1,0,1,0
2018-02-01,AAPL,167.78,True,False,173.86999999999998,172.87916666666666,1,0,1,0.6968474984008078,1,0,1,0
2018-02-01,AMZN,1390.0,False,True,1324.301,1214.7088333333334,1,0,1,0.3611858712553791,0,1,0,1
2018-02-01,BAC,32.5,False,False,31.391499999999997,29.2805,1,0,0,0.5525882467737333,1,0,0,0
2018-02-01,C,79.2,False,False,77.5725,75.21883333333334,1,0,1,0.5000746476001635,0,0,0,0
2018-02-01,FB,193.09,True,False,185.56099999999998,180.9795,1,0,1,0.6881779134809323,1,0,1,0
2018-02-01,GE,16.02,False,True,17.27195,17.873983333333335,0,1,1,0.5782873731030209,1,0,0,1
2018-02-01,GOOG,1167.7,False,False,1138.32,1072.3955,1,0,0,0.5095083875175116,0,0,0,0
2018-02-01,GOOGL,1181.59,False,True,1147.2069999999999,1083.9718333333335,1,0,0,0.42843397069504396,0,1,0,1
2018-02-01,JPM,116.87,False,False,113.01500000000001,106.44283333333334,1,0,0,0.5684387407210528,1,0,0,0
2018-02-01,MSFT,94.26,False,False,90.677,86.46183333333333,1,0,0,0.5005937797514829,0,0,0,0
2018-02-01,NFLX,265.07,False,True,237.50099999999998,206.9265,1,0,0,0.37153634597051227,0,1,0,1
2018-02-01,XOM,89.07,True,False,87.55850000000001,84.39816666666667,1,0,1,0.5675905932380836,1,0,1,0
2018-02-02,AAPL,160.5,True,False,173.24349999999998,172.65,1,0,1,0.84458422288387,1,0,1,0
2018-02-02,AMZN,1429.95,False,False,1335.319,1219.8636666666666,1,0,0,0.6719364521629039,1,0,0,0
2018-02-02,BAC,31.95,True,False,31.4795,29.3505,1,0,1,0.5581765404232762,1,0,1,0
2018-02-02,C,77.02,True,False,77.648,75.27250000000001,1,0,1,0.6076692231995364,1,0,1,0
2018-02-02,FB,190.28,False,False,185.8585,181.14800000000002,1,0,1,0.5299268520472661,0,0,0,0
2018-02-02,GE,15.64,False,True,17.12745,17.79915,0,1,1,0.6271037617949401,1,0,0,1
2018-02-02,GOOG,1111.9,True,False,1139.595,1073.8288333333335,1,0,1,0.8549547385368136,1,0,1,0
2018-02-02,GOOGL,1119.2,True,False,1148.379,1085.2471666666668,1,0,1,0.8165701723064793,1,0,1,0
2018-02-02,JPM,114.28,False,False,113.277,106.66783333333333,1,0,1,0.5242224365567768,0,0,0,0
2018-02-02,MSFT,91.78,False,False,90.9105,86.58366666666666,1,0,1,0.548191790349401,0,0,0,0
2018-02-02,NFLX,267.43,False,True,240.59100000000004,208.04816666666665,1,0,0,0.2646402182022853,0,1,0,1
2018-02-02,XOM,84.53,True,False,87.44399999999999,84.41116666666667,1,0,1,0.701937146304195,1,0,1,0
2018-02-05,AAPL,156.49,False,True,172.318,172.34466666666668,0,1,1,0.8367995791411823,1,0,0,1
2018-02-05,AMZN,1390.0,False,True,1343.3619999999999,1224.3108333333332,1,0,1,0.44501222537704777,0,1,0,1
2018-02-05,BAC,30.26,True,False,31.476,29.401833333333336,1,0,1,0.6874274932909884,1,0,1,0
2018-02-05,C,73.27,True,False,77.541,75.28183333333332,1,0,1,0.8025757681002187,1,0,1,0
2018-02-05,FB,181.26,False,False,185.579,181.16483333333332,1,0,1,0.4895859529586523,0,0,0,0
2018-02-05,GE,14.91,False,True,16.945950000000003,17.710816666666666,0,1,1,0.7449956427874874,1,0,0,1
2018-02-05,GOOG,1055.8,True,False,1137.2735,1074.2033333333334,1,0,1,0.9360546543428975,1,0,1,0
2018-02-05,GOOGL,1062.39,True,False,1145.984,1085.4138333333333,1,0,1,0.9275561171945741,1,0,1,0
2018-02-05,JPM,108.8,True,False,113.3,106.83533333333334,1,0,1,0.7497732169719477,1,0,1,0
2018-02-05,MSFT,88.0,True,False,90.901,86.64583333333333,1,0,1,0.686095003437584,1,0,1,0
2018-02-05,NFLX,254.26,False,False,242.80450000000002,209.02100000000002,1,0,1,0.4732959875949127,0,0,0,0
2018-02-05,XOM,79.72,True,False,87.0925,84.34683333333334,1,0,1,0.8158378397706046,1,0,1,0
2018-02-06,AAPL,163.03,False,True,171.752,172.12449999999998,0,1,1,0.7298881614741447,1,0,0,1
2018-02-06,AMZN,1442.84,True,False,1353.1605,1229.4768333333334,1,0,1,0.6356255353764582,1,0,1,0
2018-02-06,BAC,31.2,True,False,31.53,29.47533333333333,1,0,1,0.6397475963589204,1,0,1,0
2018-02-06,C,74.82,True,False,77.5555,75.32316666666667,1,0,1,0.6560788617254125,1,0,1,0
2018-02-06,FB,185.31,True,False,185.4305,181.26066666666668,1,0,1,0.6450127230474096,1,0,1,0
2018-02-06,GE,15.27,False,True,16.79545,17.629983333333332,0,1,1,0.6840389544166531,1,0,0,1
2018-02-06,GOOG,1080.6,True,False,1135.9564999999998,1074.8825,1,0,1,0.8526738985751441,1,0,1,0
2018-02-06,GOOGL,1084.43,True,False,1144.495,1085.8495,1,0,1,0.8675743912816919,1,0,1,0
2018-02-06,JPM,112.11,True,False,113.48049999999998,107.0765,1,0,1,0.6738281499065132,1,0,1,0
2018-02-06,MSFT,91.33,True,False,91.0535,86.75866666666666,1,0,1,0.6872676580027542,1,0,1,0
2018-02-06,NFLX,265.72,True,False,245.488,210.17566666666667,1,0,1,0.6309060365850298,1,0,1,0
2018-02-06,XOM,78.35,True,False,86.65299999999999,84.26150000000001,1,0,1,0.8364217691772631,1,0,1,0
2018-02-07,AAPL,159.54,False,True,171.0125,171.85216666666665,0,1,1,0.7562751400131273,1,0,0,1
2018-02-07,AMZN,1416.78,False,False,1361.3645000000001,1234.2710000000002,1,0,1,0.5265838653295751,0,0,0,0
2018-02-07,BAC,31.25,True,False,31.579,29.55466666666667,1,0,1,0.6382863594232973,1,0,1,0
2018-02-07,C,74.99,True,False,77.5395,75.36583333333333,1,0,1,0.70660676595682,1,0,1,0
2018-02-07,FB,180.18,True,False,185.046,181.27533333333335,1,0,1,0.6270165510533604,1,0,1,0
2018-02-07,GE,15.25,False,True,16.62995,17.55098333333333,0,1,1,0.6948252545181345,1,0,0,1
2018-02-07,GOOG,1048.58,True,False,1133.0725,1075.1711666666665,1,0,1,0.9164787512777524,1,0,1,0
2018-02-07,GOOGL,1055.41,True,False,1141.626,1085.9776666666667,1,0,1,0.9165634768883283,1,0,1,0
2018-02-07,JPM,112.87,True,False,113.67150000000001,107.3305,1,0,1,0.6691530264376113,1,0,1,0
2018-02-07,MSFT,89.61,True,False,91.12299999999999,86.85066666666667,1,0,1,0.6860446619538897,1,0,1,0
2018-02-07,NFLX,264.56,True,False,248.25050000000002,211.35333333333335,1,0,1,0.5812259584222522,1,0,1,0
2018-02-07,XOM,76.94,True,False,86.1615,84.14433333333334,1,0,1,0.8386859527559601,1,0,1,0
