date,ticker,close,entry_signal,exit_signal,sma_fast_col,sma_slow_col,trend_up,trend_down,rsi_not_hot,nn_prob,nn_bullish,nn_bearish,entry_long,exit_long
2017-01-04,AAPL,116.02,True,False,115.23600000000002,113.4965,1,0,1,0.5947883219761898,1,0,1,0
2017-01-04,AMZN,757.18,False,True,764.8665,778.1286666666667,0,1,1,0.5739863754262707,1,0,0,1
2017-01-04,BAC,22.95,True,False,22.598000000000003,19.6495,1,0,1,0.6182997996340706,1,0,1,0
2017-01-04,FB,118.69,False,True,118.325,122.15916666666666,0,1,1,0.5859620126918564,1,0,0,1
2017-01-04,GOOG,786.9,True,False,786.885,779.6366666666667,1,0,1,0.5929969232985487,1,0,1,0
2017-01-04,GOOGL,807.77,True,False,806.0939999999999,799.7808333333334,1,0,1,0.5620728702110295,1,0,1,0
2017-01-04,MSFT,62.3,True,False,62.5345,60.438333333333325,1,0,1,0.5947883219761898,1,0,1,0
2017-01-04,NVDA,104.39,True,False,101.5375,85.56366666666666,1,0,1,0.7318102275833634,1,0,1,0
2017-01-05,AAPL,116.61,True,False,115.56899999999999,113.50583333333333,1,0,1,0.5951461210043635,1,0,1,0
2017-01-05,AMZN,780.45,False,True,765.653,777.1076666666667,0,1,1,0.7019876405601299,1,0,0,1
2017-01-05,BAC,22.68,True,False,22.624,19.75583333333333,1,0,1,0.5623605465543094,1,0,1,0
2017-01-05,FB,120.67,False,True,118.49299999999998,121.99966666666667,0,1,1,0.5949335491807457,1,0,0,1
2017-01-05,GOOG,794.02,True,False,788.6305,779.7713333333334,1,0,1,0.5968211114460688,1,0,1,0
2017-01-05,GOOGL,813.02,True,False,807.936,799.7616666666667,1,0,1,0.597659518444297,1,0,1,0
2017-01-05,MSFT,62.3,True,False,62.652,60.50933333333333,1,0,1,0.5819488016262122,1,0,1,0
2017-01-05,NVDA,101.74,True,False,101.955,86.14099999999999,1,0,1,0.5664677810282115,1,0,1,0
2017-01-06,AAPL,117.91,True,False,115.91300000000001,113.53266666666667,1,0,1,0.6109036019186632,1,0,1,0
2017-01-06,AMZN,795.99,False,True,766.9315,776.5241666666667,0,1,1,0.6220637161196299,1,0,0,1
2017-01-06,BAC,22.68,True,False,22.6295,19.865333333333332,1,0,1,0.5971670891793032,1,0,1,0
2017-01-06,FB,123.41,False,True,118.766,121.9085,0,1,1,0.5851090885928167,1,0,0,1
2017-01-06,GOOG,806.15,True,False,790.3785,780.1560000000001,1,0,1,0.5892306947754594,1,0,1,0
2017-01-06,GOOGL,825.21,True,False,809.6229999999999,800.0223333333332,1,0,1,0.5924183205809451,1,0,1,0
2017-01-06,MSFT,62.84,True,False,62.7255,60.60349999999999,1,0,1,0.5989180647730709,1,0,1,0
2017-01-06,NVDA,103.1,True,False,102.35650000000001,86.75716666666668,1,0,1,0.6308643458436022,1,0,1,0
2017-01-09,AAPL,118.99,False,False,116.2565,113.56016666666667,1,0,0,0.5700537851646689,1,0,0,0
2017-01-09,AMZN,796.92,False,True,768.4110000000001,775.9046666666667,0,1,1,0.5995128628683207,1,0,0,1
2017-01-09,BAC,22.55,True,False,22.6095,19.973999999999997,1,0,1,0.5892848945432634,1,0,1,0
2017-01-09,FB,124.9,False,True,119.0655,121.83933333333333,0,1,1,0.5550926452759259,1,0,0,1
2017-01-09,GOOG,806.65,True,False,791.8900000000001,780.4978333333333,1,0,1,0.5998942167993758,1,0,1,0
2017-01-09,GOOGL,827.18,True,False,811.2235,800.2791666666667,1,0,1,0.5986528036429745,1,0,1,0
2017-01-09,MSFT,62.64,True,False,62.807,60.69566666666667,1,0,1,0.5947883219761898,1,0,1,0
2017-01-09,NVDA,107.28,True,False,103.0465,87.438,1,0,1,0.6287438551633238,1,0,1,0
2017-01-10,AAPL,119.11,False,False,116.5145,113.59566666666666,1,0,0,0.5918905798641112,1,0,0,0
2017-01-10,AMZN,795.9,False,True,769.773,775.3483333333334,0,1,1,0.5912005540798614,1,0,0,1
2017-01-10,BAC,22.94,True,False,22.602,20.092499999999998,1,0,1,0.618724491341409,1,0,1,0
2017-01-10,FB,124.35,False,True,119.299,121.78150000000001,0,1,1,0.581243883433667,1,0,0,1
2017-01-10,GOOG,804.79,True,False,792.665,780.9411666666667,1,0,1,0.5918905798641112,1,0,1,0
2017-01-10,GOOGL,826.01,True,False,812.0515,800.6446666666667,1,0,1,0.5918905798641112,1,0,1,0
2017-01-10,MSFT,62.62,True,False,62.8395,60.79066666666667,1,0,1,0.5918905798641112,1,0,1,0
2017-01-10,NVDA,106.47,False,False,103.779,88.12333333333332,1,0,1,0.5391565014499898,0,0,0,0
2017-01-11,AAPL,119.75,False,False,116.83700000000002,113.631,1,0,0,0.5838697160232199,1,0,0,0
2017-01-11,AMZN,799.02,False,True,771.7180000000001,774.9493333333334,0,1,1,0.5918905798641112,1,0,0,1
2017-01-11,BAC,23.07,True,False,22.625,20.21033333333333,1,0,1,0.5996144769592894,1,0,1,0
2017-01-11,FB,126.09,False,True,119.71499999999999,121.75166666666668,0,1,1,0.5941979714694591,1,0,0,1
2017-01-11,GOOG,807.91,True,False,793.597,781.4308333333333,1,0,1,0.5918905798641112,1,0,1,0
2017-01-11,GOOGL,829.86,True,False,813.1495,801.0656666666667,1,0,1,0.5918905798641112,1,0,1,0
2017-01-11,MSFT,63.19,True,False,62.890499999999996,60.886833333333335,1,0,1,0.5918905798641112,1,0,1,0
2017-01-11,NVDA,105.16,True,False,104.5575,88.77616666666667,1,0,1,0.5726788644148918,1,0,1,0
2017-01-12,AAPL,119.25,True,False,117.04,113.65933333333334,1,0,1,0.5631625324069177,1,0,1,0
2017-01-12,AMZN,813.64,False,True,773.683,774.9608333333333,0,1,1,0.56564442952655,1,0,0,1
2017-01-12,BAC,22.92,False,False,22.6405,20.324833333333334,1,0,1,0.5123227109320615,0,0,0,0
2017-01-12,FB,126.62,False,True,120.03049999999999,121.73633333333333,0,1,1,0.5918905798641112,1,0,0,1
2017-01-12,GOOG,806.36,True,False,794.11,781.8708333333333,1,0,1,0.5918905798641112,1,0,1,0
2017-01-12,GOOGL,829.53,True,False,813.859,801.4438333333333,1,0,1,0.5918905798641112,1,0,1,0
2017-01-12,MSFT,62.61,True,False,62.872,60.976666666666674,1,0,1,0.5872908214039716,1,0,1,0
2017-01-12,NVDA,103.44,False,False,105.171,89.40666666666668,1,0,1,0.5437203926346436,0,0,0,0
2017-01-13,AAPL,119.04,True,False,117.2325,113.6855,1,0,1,0.5756757364539822,1,0,1,0
2017-01-13,AMZN,817.14,True,False,776.0989999999999,774.9523333333333,1,0,1,0.5719640415459517,1,0,1,0
2017-01-13,BAC,23.01,True,False,22.6575,20.437333333333335,1,0,1,0.5611783433062201,1,0,1,0
2017-01-13,FB,128.34,False,True,120.43699999999998,121.73250000000002,0,1,0,0.6131746661975671,1,0,0,1
2017-01-13,GOOG,807.88,True,False,794.6505,782.0811666666667,1,0,1,0.5918905798641112,1,0,1,0
2017-01-13,GOOGL,830.94,True,False,814.5115,801.6013333333334,1,0,1,0.5918905798641112,1,0,1,0
2017-01-13,MSFT,62.7,True,False,62.87299999999999,61.06066666666666,1,0,1,0.5918905798641112,1,0,1,0
2017-01-13,NVDA,103.43,True,False,105.52000000000001,90.02033333333333,1,0,1,0.5918905798641112,1,0,1,0
2017-01-17,AAPL,120.0,False,False,117.44149999999999,113.7335,1,0,0,0.6136723107883508,1,0,0,0
2017-01-17,AMZN,809.72,True,False,778.5350000000001,774.8195,1,0,1,0.5918905798641112,1,0,1,0
2017-01-17,BAC,22.05,True,False,22.602,20.53033333333333,1,0,1,0.7013286151410127,1,0,1,0
2017-01-17,FB,127.87,False,True,120.80199999999999,121.69516666666667,0,1,1,0.5918905798641112,1,0,0,1
2017-01-17,GOOG,804.61,True,False,794.9885,782.1320000000001,1,0,1,0.5918905798641112,1,0,1,0
2017-01-17,GOOGL,827.46,True,False,815.1020000000001,801.6075000000001,1,0,1,0.5918905798641112,1,0,1,0
2017-01-17,MSFT,62.53,True,False,62.87049999999999,61.144,1,0,1,0.5918905798641112,1,0,1,0
2017-01-17,NVDA,101.11,True,False,105.64000000000001,90.59766666666668,1,0,1,0.5964904896164132,1,0,1,0
2017-01-18,AAPL,119.99,False,False,117.64250000000001,113.78233333333333,1,0,0,0.5882231326508423,1,0,0,0
2017-01-18,AMZN,807.48,True,False,781.0205,774.7721666666667,1,0,1,0.5758063473752262,1,0,1,0
2017-01-18,BAC,22.63,True,False,22.6005,20.631500000000003,1,0,1,0.6574519148594655,1,0,1,0
2017-01-18,FB,127.92,False,True,121.20449999999998,121.6605,0,1,1,0.5918905798641112,1,0,0,1
2017-01-18,GOOG,806.07,True,False,795.752,782.2836666666667,1,0,1,0.5918905798641112,1,0,1,0
2017-01-18,GOOGL,829.02,True,False,816.0609999999999,801.7306666666666,1,0,1,0.5918905798641112,1,0,1,0
2017-01-18,MSFT,62.5,True,False,62.8805,61.2315,1,0,1,0.5918905798641112,1,0,1,0
2017-01-18,NVDA,102.95,True,False,105.76699999999998,91.18466666666667,1,0,1,0.5570645588127028,1,0,1,0
2017-01-19,AAPL,119.78,True,False,117.7995,113.83533333333335,1,0,1,0.5781937801091543,1,0,1,0
2017-01-19,AMZN,809.04,True,False,783.1725,774.6063333333334,1,0,1,0.5918905798641112,1,0,1,0
2017-01-19,BAC,22.53,True,False,22.603,20.729166666666668,1,0,1,0.5918905798641112,1,0,1,0
2017-01-19,FB,127.55,True,False,121.62,121.58516666666667,1,0,1,0.5918905798641112,1,0,1,0
2017-01-19,GOOG,802.175,True,False,796.15075,782.3304166666666,1,0,1,0.5918905798641112,1,0,1,0
2017-01-19,GOOGL,824.37,True,False,816.6545,801.7358333333334,1,0,1,0.5918905798641112,1,0,1,0
2017-01-19,MSFT,62.3,True,False,62.814499999999995,61.275499999999994,1,0,1,0.5918905798641112,1,0,1,0
2017-01-19,NVDA,105.16,True,False,105.9435,91.81166666666667,1,0,1,0.6006254468291323,1,0,1,0
2017-01-20,AAPL,120.0,True,False,117.952,113.8745,1,0,1,0.5898919443808226,1,0,1,0
2017-01-20,AMZN,808.33,True,False,785.028,774.1103333333333,1,0,1,0.5918905798641112,1,0,1,0
2017-01-20,BAC,22.64,True,False,22.5995,20.827,1,0,1,0.5915424995206431,1,0,1,0
2017-01-20,FB,127.04,True,False,122.0175,121.48116666666667,1,0,1,0.5625414233290054,1,0,1,0
2017-01-20,GOOG,805.02,True,False,796.58075,782.1955833333334,1,0,1,0.5801427253729878,1,0,1,0
2017-01-20,GOOGL,828.17,True,False,817.303,801.6096666666667,1,0,1,0.5918905798641112,1,0,1,0
2017-01-20,MSFT,62.74,True,False,62.7745,61.3045,1,0,1,0.5790008675040473,1,0,1,0
2017-01-20,NVDA,104.01,True,False,105.88550000000001,92.36666666666666,1,0,1,0.5776538777495752,1,0,1,0
2017-01-23,AAPL,120.08,True,False,118.103,113.905,1,0,1,0.5918905798641112,1,0,1,0
2017-01-23,AMZN,817.88,True,False,787.392,773.822,1,0,1,0.5735239996401494,1,0,1,0
2017-01-23,BAC,22.56,True,False,22.596,20.924333333333333,1,0,1,0.5918905798641112,1,0,1,0
2017-01-23,FB,128.93,True,False,122.51199999999999,121.42516666666667,1,0,1,0.6172340117652445,1,0,1,0
2017-01-23,GOOG,819.31,True,False,797.81825,782.3895833333333,1,0,1,0.647116897657943,1,0,1,0
2017-01-23,GOOGL,844.43,True,False,818.9145000000001,801.8743333333333,1,0,1,0.6556340057530808,1,0,1,0
2017-01-23,MSFT,62.96,True,False,62.74549999999999,61.337333333333326,1,0,1,0.5608314804201014,1,0,1,0
2017-01-23,NVDA,105.09,True,False,105.84850000000002,92.92033333333333,1,0,1,0.5981583026328504,1,0,1,0
2017-01-24,AAPL,119.97,True,False,118.287,113.978,1,0,1,0.5903001376901453,1,0,1,0
2017-01-24,AMZN,822.44,True,False,790.197,773.8195,1,0,1,0.583637782164821,1,0,1,0
2017-01-24,BAC,22.95,True,False,22.6165,21.02566666666667,1,0,1,0.5656932429049886,1,0,1,0
2017-01-24,FB,129.37,False,False,123.1105,121.39733333333334,1,0,0,0.5902833468266385,1,0,0,0
2017-01-24,GOOG,823.87,True,False,799.4487499999999,782.8029166666668,1,0,1,0.602340757959662,1,0,1,0
2017-01-24,GOOGL,849.53,False,False,820.9069999999999,802.3315,1,0,0,0.609153823277475,1,0,0,0
2017-01-24,MSFT,63.52,True,False,62.74400000000001,61.3855,1,0,1,0.5817594715842381,1,0,1,0
2017-01-24,NVDA,107.33,True,False,105.8595,93.5065,1,0,1,0.5988932518388472,1,0,1,0
2017-01-25,AAPL,121.88,False,False,118.55499999999999,114.10133333333333,1,0,0,0.6377902900903918,1,0,0,0
2017-01-25,AMZN,836.52,False,False,793.9934999999999,774.1221666666667,1,0,0,0.5813979534005348,1,0,0,0
2017-01-25,BAC,23.37,True,False,22.655,21.133333333333333,1,0,1,0.5977568021646215,1,0,1,0
2017-01-25,FB,131.48,False,False,123.821,121.42716666666666,1,0,0,0.641103390539409,1,0,0,0
2017-01-25,GOOG,835.67,False,False,801.7367499999999,783.4749166666667,1,0,0,0.6358156067014309,1,0,0,0
2017-01-25,GOOGL,858.45,False,False,823.4395000000001,803.0165000000001,1,0,0,0.6031310414490354,1,0,0,0
2017-01-25,MSFT,63.68,False,False,62.766,61.445166666666665,1,0,1,0.5468052405650513,0,0,0,0
2017-01-25,NVDA,107.79,True,False,105.75999999999999,94.125,1,0,1,0.5918905798641112,1,0,1,0
2017-01-26,AAPL,121.94,False,False,118.78899999999999,114.23833333333333,1,0,0,0.5856018436281061,1,0,0,0
2017-01-26,AMZN,839.15,False,False,797.3810000000001,775.1693333333334,1,0,0,0.590240089160459,1,0,0,0
2017-01-26,BAC,23.44,True,False,22.6965,21.246,1,0,1,0.5918905798641112,1,0,1,0
2017-01-26,FB,132.78,False,False,124.5595,121.452,1,0,0,0.6015609504296013,1,0,0,0
2017-01-26,GOOG,832.15,False,False,803.76675,784.0879166666667,1,0,0,0.5526314062310668,1,0,0,0
2017-01-26,GOOGL,856.98,False,False,825.792,803.6401666666666,1,0,0,0.5688815685604799,1,0,0,0
2017-01-26,MSFT,64.27,True,False,62.8155,61.5185,1,0,1,0.5898214469461983,1,0,1,0
2017-01-26,NVDA,109.65,True,False,105.37650000000001,94.7765,1,0,1,0.6059464652015493,1,0,1,0
2017-01-27,AAPL,121.95,False,False,119.04850000000002,114.3785,1,0,0,0.5888822202534844,1,0,0,0
2017-01-27,AMZN,835.77,False,False,800.5629999999999,775.9351666666666,1,0,0,0.5918905798641112,1,0,0,0
2017-01-27,BAC,23.36,True,False,22.748,21.360333333333333,1,0,1,0.5918905798641112,1,0,1,0
2017-01-27,FB,132.18,False,False,125.32249999999999,121.47183333333334,1,0,0,0.5597962599566951,1,0,0,0
2017-01-27,GOOG,823.31,True,False,805.67975,784.7340833333333,1,0,1,0.5560756384473697,1,0,1,0
2017-01-27,GOOGL,845.03,True,False,827.8149999999999,804.2256666666666,1,0,1,0.5781936783173135,1,0,1,0
2017-01-27,MSFT,65.78,False,False,62.955,61.616166666666665,1,0,0,0.6231163308234896,1,0,0,0
2017-01-27,NVDA,111.77,True,False,105.50250000000001,95.45333333333333,1,0,1,0.5918905798641112,1,0,1,0
2017-01-30,AAPL,121.63,False,False,119.2935,114.5475,1,0,0,0.5673847715708518,1,0,0,0
2017-01-30,AMZN,830.38,True,False,803.8245,776.6846666666665,1,0,1,0.5918905798641112,1,0,1,0
2017-01-30,BAC,22.95,True,False,22.7955,21.466,1,0,1,0.5572101238650746,1,0,1,0
2017-01-30,FB,130.98,True,False,126.054,121.4965,1,0,1,0.5635281437626204,1,0,1,0
2017-01-30,GOOG,802.32,True,False,806.65625,785.0459166666666,1,0,1,0.7242207664870169,1,0,1,0
2017-01-30,GOOGL,823.83,True,False,828.8625,804.5314999999999,1,0,1,0.7055099871428974,1,0,1,0
2017-01-30,MSFT,65.13,False,False,63.0665,61.705,1,0,1,0.48677612798550574,0,0,0,0
2017-01-30,NVDA,110.02,False,False,105.43199999999999,96.13616666666667,1,0,1,0.5304209497003495,0,0,0,0
2017-01-31,AAPL,121.35,True,False,119.57000000000001,114.71016666666667,1,0,1,0.5653386215244244,1,0,1,0
2017-01-31,AMZN,823.48,True,False,807.505,777.65,1,0,1,0.5918905798641112,1,0,1,0
2017-01-31,BAC,22.64,True,False,22.822499999999998,21.56866666666667,1,0,1,0.5918905798641112,1,0,1,0
2017-01-31,FB,130.32,True,False,126.8175,121.549,1,0,1,0.5551896517190621,1,0,1,0
2017-01-31,GOOG,796.79,True,False,807.9047499999999,785.5140833333334,1,0,1,0.6591971122068029,1,0,1,0
2017-01-31,GOOGL,820.19,True,False,830.2495000000001,805.061,1,0,1,0.6208841523228718,1,0,1,0
2017-01-31,MSFT,64.65,True,False,63.19200000000001,61.792,1,0,1,0.557518651506163,1,0,1,0
2017-01-31,NVDA,109.18,True,False,105.554,96.80983333333333,1,0,1,0.5829530964769601,1,0,1,0
2017-02-01,AAPL,128.75,False,False,120.2,115.0255,1,0,0,0.7225164446967319,1,0,0,0
2017-02-01,AMZN,832.35,True,False,811.4390000000001,778.7386666666666,1,0,1,0.6220759212423003,1,0,1,0
2017-02-01,BAC,22.89,True,False,22.8405,21.6755,1,0,1,0.606267240644404,1,0,1,0
2017-02-01,FB,133.23,False,False,127.636,121.76950000000001,1,0,0,0.6548013773825071,1,0,0,0
2017-02-01,GOOG,795.695,True,False,808.3824999999999,786.0735000000001,1,0,1,0.6429699500316466,1,0,1,0
2017-02-01,GOOGL,815.24,True,False,830.6110000000001,805.6118333333333,1,0,1,0.6549262181792587,1,0,1,0
2017-02-01,MSFT,63.58,True,False,63.242,61.86483333333333,1,0,1,0.6341072718272416,1,0,1,0
2017-02-01,NVDA,113.95,False,False,106.151,97.57633333333334,1,0,1,0.5220076779517127,0,0,0,0
2017-02-02,AAPL,128.53,False,False,120.82549999999999,115.35366666666667,1,0,0,0.5500582026591478,1,0,0,0
2017-02-02,AMZN,839.95,True,False,815.5775000000001,780.1536666666667,1,0,1,0.6307872990452086,1,0,1,0
2017-02-02,BAC,22.72,True,False,22.829,21.778333333333332,1,0,1,0.5918905798641112,1,0,1,0
2017-02-02,FB,130.84,True,False,128.2435,121.93766666666667,1,0,1,0.6313216662142928,1,0,1,0
2017-02-02,GOOG,798.53,False,False,808.9639999999999,786.682,1,0,1,0.541794819504417,0,0,0,0
2017-02-02,GOOGL,818.26,False,False,831.1355,806.2311666666667,1,0,1,0.5432219992778455,0,0,0,0
2017-02-02,MSFT,63.17,True,False,63.2855,61.939166666666665,1,0,1,0.6660228292118995,1,0,1,0
2017-02-02,NVDA,115.39,True,False,106.701,98.37333333333335,1,0,1,0.6009196285759424,1,0,1,0
2017-02-03,AAPL,129.08,False,False,121.449,115.66483333333333,1,0,0,0.6038588731042432,1,0,0,0
2017-02-03,AMZN,810.2,True,False,817.0649999999999,780.5748333333333,1,0,1,0.773301914482575,1,0,1,0
2017-02-03,BAC,23.29,True,False,22.859500000000004,21.883,1,0,1,0.6377192473858276,1,0,1,0
2017-02-03,FB,130.98,True,False,128.75900000000001,122.08483333333334,1,0,1,0.5863409475938383,1,0,1,0
2017-02-03,GOOG,801.49,False,False,809.3375,786.9981666666666,1,0,1,0.5082167464597251,0,0,0,0
2017-02-03,GOOGL,820.13,False,False,831.491,806.5328333333333,1,0,1,0.5094199694290499,0,0,0,0
2017-02-03,MSFT,63.68,True,False,63.354499999999994,61.9935,1,0,1,0.6090770933935408,1,0,1,0
2017-02-03,NVDA,114.38,True,False,107.333,99.09183333333334,1,0,1,0.5906593764462391,1,0,1,0
2017-02-06,AAPL,130.29,False,False,122.06799999999998,115.98533333333333,1,0,0,0.5956081565868975,1,0,0,0
2017-02-06,AMZN,807.64,True,False,817.6475,780.9063333333332,1,0,1,0.5630757466426707,1,0,1,0
2017-02-06,BAC,23.12,True,False,22.8815,21.985000000000003,1,0,1,0.5814206747187113,1,0,1,0
2017-02-06,FB,132.06,True,False,129.1915,122.2155,1,0,1,0.5918905798641112,1,0,1,0
2017-02-06,GOOG,801.34,True,False,809.097,787.1786666666667,1,0,1,0.5631185936683124,1,0,1,0
2017-02-06,GOOGL,821.62,False,False,831.3115,806.6935,1,0,1,0.5206878549371078,0,0,0,0
2017-02-06,MSFT,63.64,True,False,63.39450000000001,62.04633333333334,1,0,1,0.5915009046800795,1,0,1,0
2017-02-06,NVDA,117.31,True,False,108.0435,99.861,1,0,1,0.5908114932549894,1,0,1,0
2017-02-07,AAPL,131.53,False,False,122.69500000000001,116.32950000000001,1,0,0,0.563392701615525,1,0,0,0
2017-02-07,AMZN,812.5,False,False,818.4264999999999,781.5833333333334,1,0,1,0.49659279315150184,0,0,0,0
2017-02-07,BAC,22.9,True,False,22.899,22.067166666666665,1,0,1,0.5833511356465645,1,0,1,0
2017-02-07,FB,131.84,True,False,129.5385,122.35983333333334,1,0,1,0.5918905798641112,1,0,1,0
2017-02-07,GOOG,806.97,True,False,809.1129999999999,787.5396666666668,1,0,1,0.5679372531684664,1,0,1,0
2017-02-07,GOOGL,829.23,False,False,831.414,807.0875,1,0,1,0.49537821251686925,0,0,0,0
2017-02-07,MSFT,63.43,True,False,63.434000000000005,62.10066666666667,1,0,1,0.5918905798641112,1,0,1,0
2017-02-07,NVDA,119.13,False,False,108.63600000000001,100.6805,1,0,0,0.554168417711039,1,0,0,0
2017-02-08,AAPL,132.04,False,False,123.3415,116.73366666666666,1,0,0,0.6189653159745918,1,0,0,0
2017-02-08,AMZN,819.71,False,False,819.617,782.8721666666667,1,0,1,0.512048716164333,0,0,0,0
2017-02-08,BAC,22.67,True,False,22.8855,22.132333333333335,1,0,1,0.5918905798641112,1,0,1,0
2017-02-08,FB,134.2,True,False,130.031,122.58316666666666,1,0,1,0.6419003012555418,1,0,1,0
2017-02-08,GOOG,808.38,True,False,809.2925,788.3033333333333,1,0,1,0.5918905798641112,1,0,1,0
2017-02-08,GOOGL,829.88,True,False,831.6075000000001,807.9140000000001,1,0,1,0.5657353960920498,1,0,1,0
2017-02-08,MSFT,63.34,True,False,63.470000000000006,62.178000000000004,1,0,1,0.5909709628174306,1,0,1,0
2017-02-08,NVDA,118.61,True,False,109.24300000000001,101.52783333333333,1,0,1,0.5918905798641112,1,0,1,0
2017-02-09,AAPL,132.42,False,False,123.975,117.1335,1,0,0,0.6390535735050225,1,0,0,0
2017-02-09,AMZN,821.36,False,False,820.734,784.2446666666667,1,0,1,0.5420262712727699,0,0,0,0
2017-02-09,BAC,23.12,True,False,22.888,22.20066666666667,1,0,1,0.5760559846346044,1,0,1,0
2017-02-09,FB,134.14,True,False,130.4335,122.83516666666668,1,0,1,0.5918905798641112,1,0,1,0
2017-02-09,GOOG,809.56,True,False,809.375,789.2289999999999,1,0,1,0.5918905798641112,1,0,1,0
2017-02-09,GOOGL,830.06,True,False,831.6175,808.8858333333334,1,0,1,0.5918905798641112,1,0,1,0
2017-02-09,MSFT,64.06,True,False,63.5135,62.26200000000001,1,0,1,0.5918905798641112,1,0,1,0
2017-02-09,NVDA,116.38,True,False,109.804,102.00133333333333,1,0,1,0.5837881341485259,1,0,1,0
2017-02-10,AAPL,132.12,False,False,124.6185,117.57366666666667,1,0,0,0.5844468917334268,1,0,0,0
2017-02-10,AMZN,827.46,True,False,821.425,786.0511666666666,1,0,1,0.5593621604709251,1,0,1,0
2017-02-10,BAC,23.08,True,False,22.896,22.250666666666667,1,0,1,0.5918905798641112,1,0,1,0
2017-02-10,FB,134.19,True,False,130.812,123.15366666666667,1,0,1,0.5918905798641112,1,0,1,0
2017-02-10,GOOG,813.67,True,False,809.7405,790.5221666666667,1,0,1,0.5918905798641112,1,0,1,0
2017-02-10,GOOGL,834.85,True,False,831.8835000000001,810.2463333333333,1,0,1,0.5918905798641112,1,0,1,0
2017-02-10,MSFT,64.0,True,False,63.58299999999999,62.36,1,0,1,0.5918905798641112,1,0,1,0
2017-02-10,NVDA,113.62,True,False,110.31300000000002,102.50099999999999,1,0,1,0.707248758398328,1,0,1,0
2017-02-13,AAPL,133.29,False,False,125.33099999999999,118.00999999999999,1,0,0,0.6503815095349406,1,0,0,0
2017-02-13,AMZN,836.53,False,False,822.3945,787.606,1,0,1,0.5332383796121576,0,0,0,0
2017-02-13,BAC,23.4,True,False,22.9155,22.304666666666666,1,0,1,0.6054895266193933,1,0,1,0
2017-02-13,FB,134.05,True,False,131.09750000000003,123.43450000000001,1,0,1,0.5918905798641112,1,0,1,0
2017-02-13,GOOG,819.24,True,False,810.3085,791.5346666666667,1,0,1,0.5918905798641112,1,0,1,0
2017-02-13,GOOGL,838.96,True,False,832.2845,811.3096666666665,1,0,1,0.5918905798641112,1,0,1,0
2017-02-13,MSFT,64.72,True,False,63.684000000000005,62.457499999999996,1,0,1,0.5918905798641112,1,0,1,0
2017-02-13,NVDA,108.38,True,False,110.5605,102.87083333333334,1,0,1,0.7298753353793322,1,0,1,0
2017-02-14,AAPL,135.02,False,False,126.082,118.42716666666666,1,0,0,0.6795288672767725,1,0,0,0
2017-02-14,AMZN,836.39,True,False,823.7280000000001,789.1043333333333,1,0,1,0.5830384249691684,1,0,1,0
2017-02-14,BAC,24.06,True,False,23.016,22.376500000000004,1,0,1,0.6236510042981626,1,0,1,0
2017-02-14,FB,133.85,True,False,131.3965,123.72633333333333,1,0,1,0.5918905798641112,1,0,1,0
2017-02-14,GOOG,820.45,True,False,811.1005,792.4675,1,0,1,0.5918905798641112,1,0,1,0
2017-02-14,GOOGL,840.03,True,False,832.9129999999999,812.3105,1,0,1,0.5918905798641112,1,0,1,0
2017-02-14,MSFT,64.57,True,False,63.786,62.5395,1,0,1,0.5918905798641112,1,0,1,0
2017-02-14,NVDA,108.78,True,False,110.944,103.15666666666668,1,0,1,0.6986713217026266,1,0,1,0
2017-02-15,AAPL,135.51,False,False,126.85799999999999,118.85316666666667,1,0,0,0.6342844280315547,1,0,0,0
2017-02-15,AMZN,842.7,True,False,825.4889999999999,790.5426666666666,1,0,1,0.5918905798641112,1,0,1,0
2017-02-15,BAC,24.58,True,False,23.1135,22.4515,1,0,1,0.588472888587095,1,0,1,0
2017-02-15,FB,133.44,True,False,131.6725,123.98716666666668,1,0,1,0.5918905798641112,1,0,1,0
2017-02-15,GOOG,818.98,True,False,811.746,793.2633333333334,1,0,1,0.5918905798641112,1,0,1,0
2017-02-15,GOOGL,837.32,True,False,833.3280000000001,813.1631666666667,1,0,1,0.5918905798641112,1,0,1,0
2017-02-15,MSFT,64.53,True,False,63.8875,62.60433333333333,1,0,1,0.5918905798641112,1,0,1,0
2017-02-15,NVDA,109.0,True,False,111.24650000000001,103.43350000000001,1,0,1,0.5601307526522662,1,0,1,0
2017-02-16,AAPL,135.345,False,False,127.63624999999999,119.27458333333333,1,0,0,0.6146608581021229,1,0,0,0
2017-02-16,AMZN,844.14,True,False,827.244,791.9423333333333,1,0,1,0.5918905798641112,1,0,1,0
2017-02-16,BAC,24.58,True,False,23.216,22.52783333333333,1,0,1,0.5591032848160863,1,0,1,0
2017-02-16,FB,133.84,True,False,131.987,124.2675,1,0,1,0.5918905798641112,1,0,1,0
2017-02-16,GOOG,824.16,True,False,812.84525,794.3236666666667,1,0,1,0.5918905798641112,1,0,1,0
2017-02-16,GOOGL,842.17,True,False,834.2180000000001,814.2665,1,0,1,0.5918905798641112,1,0,1,0
2017-02-16,MSFT,64.52,True,False,63.99849999999999,62.67383333333334,1,0,1,0.5918905798641112,1,0,1,0
2017-02-16,NVDA,107.25,True,False,111.351,103.665,1,0,1,0.690361658017032,1,0,1,0
2017-02-17,AAPL,135.72,False,False,128.42225000000002,119.67441666666667,1,0,0,0.6357604892105613,1,0,0,0
2017-02-17,AMZN,845.07,True,False,829.0809999999999,793.0268333333333,1,0,1,0.5918905798641112,1,0,1,0
2017-02-17,BAC,24.52,True,False,23.31,22.597666666666665,1,0,1,0.5923645226864593,1,0,1,0
2017-02-17,FB,133.53,True,False,132.3115,124.46350000000001,1,0,1,0.5918905798641112,1,0,1,0
2017-02-17,GOOG,828.07,True,False,813.99775,795.3048333333332,1,0,1,0.5918905798641112,1,0,1,0
2017-02-17,GOOGL,846.55,True,False,835.137,815.2956666666666,1,0,1,0.5918905798641112,1,0,1,0
2017-02-17,MSFT,64.62,True,False,64.0925,62.7365,1,0,1,0.5918905798641112,1,0,1,0
2017-02-17,NVDA,107.23,True,False,111.51200000000001,103.90249999999999,1,0,1,0.6015986409109443,1,0,1,0
2017-02-21,AAPL,136.7,False,False,129.25325,120.08941666666666,1,0,0,0.662372456232325,1,0,0,0
2017-02-21,AMZN,856.44,True,False,831.009,794.212,1,0,1,0.5957431822313045,1,0,1,0
2017-02-21,BAC,24.78,False,False,23.421,22.672333333333334,1,0,0,0.5966895533035496,1,0,0,0
2017-02-21,FB,133.72,True,False,132.551,124.66766666666668,1,0,1,0.5918905798641112,1,0,1,0
2017-02-21,GOOG,831.66,True,False,814.61525,796.3613333333334,1,0,1,0.5918905798641112,1,0,1,0
2017-02-21,GOOGL,849.27,True,False,835.3789999999999,816.3668333333334,1,0,1,0.5918905798641112,1,0,1,0
2017-02-21,MSFT,64.49,True,False,64.16900000000001,62.79266666666667,1,0,1,0.5918905798641112,1,0,1,0
2017-02-21,NVDA,111.07,False,False,111.81099999999999,104.19283333333333,1,0,1,0.5165146320589005,0,0,0,0
2017-02-22,AAPL,137.11,False,False,130.11025,120.52074999999999,1,0,0,0.6557506359026948,1,0,0,0
2017-02-22,AMZN,855.61,True,False,832.6674999999999,795.4701666666667,1,0,1,0.5918905798641112,1,0,1,0
2017-02-22,BAC,24.79,False,False,23.512999999999998,22.742833333333337,1,0,0,0.5918905798641112,1,0,0,0
2017-02-22,FB,136.12,False,False,132.8885,124.92233333333334,1,0,0,0.6385777180016675,1,0,0,0
2017-02-22,GOOG,830.76,True,False,814.95975,797.5241666666667,1,0,1,0.5918905798641112,1,0,1,0
2017-02-22,GOOGL,851.36,True,False,835.4705,817.5728333333334,1,0,1,0.5918905798641112,1,0,1,0
2017-02-22,MSFT,64.36,True,False,64.21099999999998,62.858666666666664,1,0,1,0.5918905798641112,1,0,1,0
2017-02-22,NVDA,110.76,True,False,111.9825,104.47266666666665,1,0,1,0.5880121551066241,1,0,1,0
2017-02-23,AAPL,136.53,False,False,130.84275,120.93308333333334,1,0,0,0.5940873172926759,1,0,0,0
2017-02-23,AMZN,852.19,True,False,833.451,796.6671666666666,1,0,1,0.5918905798641112,1,0,1,0
2017-02-23,BAC,24.58,True,False,23.5735,22.80483333333333,1,0,1,0.5899675632650712,1,0,1,0
2017-02-23,FB,135.36,True,False,133.08249999999998,125.172,1,0,1,0.564585154663708,1,0,1,0
2017-02-23,GOOG,831.33,True,False,814.74275,798.685,1,0,1,0.5918905798641112,1,0,1,0
2017-02-23,GOOGL,851.0,True,False,835.098,818.7523333333334,1,0,1,0.5918905798641112,1,0,1,0
2017-02-23,MSFT,64.62,True,False,64.25800000000001,62.92683333333333,1,0,1,0.5918905798641112,1,0,1,0
2017-02-23,NVDA,100.49,True,False,111.61749999999999,104.57816666666666,1,0,1,0.8222813652068933,1,0,1,0
2017-02-24,AAPL,136.66,False,False,131.57875,121.35125,1,0,0,0.637975816133319,1,0,0,0
2017-02-24,AMZN,845.24,True,False,833.7555,797.975,1,0,1,0.5846388901197899,1,0,1,0
2017-02-24,BAC,24.23,True,False,23.613,22.870333333333335,1,0,1,0.5717692753267752,1,0,1,0
2017-02-24,FB,135.44,True,False,133.2155,125.4225,1,0,1,0.5918905798641112,1,0,1,0
2017-02-24,GOOG,828.64,True,False,814.5672500000001,799.6916666666667,1,0,1,0.5918905798641112,1,0,1,0
2017-02-24,GOOGL,847.81,True,False,834.6395,819.786,1,0,1,0.5918905798641112,1,0,1,0
2017-02-24,MSFT,64.62,True,False,64.2755,62.99366666666666,1,0,1,0.5918905798641112,1,0,1,0
2017-02-24,NVDA,101.46,True,False,111.208,104.70066666666666,1,0,1,0.6486120982261994,1,0,1,0
2017-02-27,AAPL,136.93,False,False,132.32774999999998,121.77575,1,0,0,0.6479442391561406,1,0,0,0
2017-02-27,AMZN,848.64,True,False,834.399,799.4103333333334,1,0,1,0.5918905798641112,1,0,1,0
2017-02-27,BAC,24.57,True,False,23.673499999999997,22.941666666666666,1,0,1,0.592624277182679,1,0,1,0
2017-02-27,FB,136.41,True,False,133.427,125.6815,1,0,1,0.6008894462743231,1,0,1,0
2017-02-27,GOOG,829.28,True,False,814.8657499999999,800.6656666666667,1,0,1,0.5918905798641112,1,0,1,0
2017-02-27,GOOGL,849.67,True,False,834.8715,820.7898333333334,1,0,1,0.5918905798641112,1,0,1,0
2017-02-27,MSFT,64.23,True,False,64.19800000000001,63.046,1,0,1,0.5907449771954278,1,0,1,0
2017-02-27,NVDA,104.41,False,False,110.84,104.88666666666667,1,0,1,0.5121186857513217,0,0,0,0
2017-02-28,AAPL,136.99,False,False,133.09575,122.21691666666668,1,0,0,0.6401053013849267,1,0,0,0
2017-02-28,AMZN,845.04,True,False,835.132,800.9848333333334,1,0,1,0.5852668386180532,1,0,1,0
2017-02-28,BAC,24.68,True,False,23.759999999999998,23.000999999999998,1,0,1,0.5918905798641112,1,0,1,0
2017-02-28,FB,135.54,True,False,133.65500000000003,125.96683333333334,1,0,1,0.5752769330882265,1,0,1,0
2017-02-28,GOOG,823.21,True,False,815.91025,801.7518333333334,1,0,1,0.6162551612202574,1,0,1,0
2017-02-28,GOOGL,844.93,True,False,835.9264999999999,821.9406666666666,1,0,1,0.5918905798641112,1,0,1,0
2017-02-28,MSFT,63.98,True,False,64.1405,63.108,1,0,1,0.5918905798641112,1,0,1,0
2017-02-28,NVDA,101.48,True,False,110.41300000000001,105.04133333333334,1,0,1,0.6874325112166565,1,0,1,0
2017-03-01,AAPL,139.79,False,False,134.01775,122.72191666666667,1,0,0,0.6863119087185336,1,0,0,0
2017-03-01,AMZN,853.08,True,False,836.6120000000001,802.8086666666666,1,0,1,0.592238672514308,1,0,1,0
2017-03-01,BAC,25.5,False,False,23.903,23.067666666666664,1,0,0,0.6774135481692092,1,0,0,0
2017-03-01,FB,137.42,True,False,134.01,126.33883333333333,1,0,1,0.6271929979248476,1,0,1,0
2017-03-01,GOOG,835.24,True,False,817.83275,803.2071666666667,1,0,1,0.6420093428189002,1,0,1,0
2017-03-01,GOOGL,856.75,True,False,837.7545,823.481,1,0,1,0.6443686604971569,1,0,1,0
2017-03-01,MSFT,64.94,True,False,64.155,63.20366666666666,1,0,1,0.6227921507302502,1,0,1,0
2017-03-01,NVDA,102.79,False,False,110.09349999999999,105.29383333333334,1,0,1,0.5320272537262021,0,0,0,0
2017-03-02,AAPL,138.96,False,False,134.52824999999999,123.20625,1,0,0,0.5647758292451509,1,0,0,0
2017-03-02,AMZN,848.91,True,False,837.4399999999999,804.6181666666668,1,0,1,0.591579050950787,1,0,1,0
2017-03-02,BAC,25.23,False,False,24.020000000000003,23.134333333333334,1,0,1,0.544081114307583,0,0,0,0
2017-03-02,FB,136.76,True,False,134.1865,126.69483333333332,1,0,1,0.5918905798641112,1,0,1,0
2017-03-02,GOOG,830.63,True,False,819.5795,804.5426666666666,1,0,1,0.5918905798641112,1,0,1,0
2017-03-02,GOOGL,849.85,True,False,839.485,824.9041666666667,1,0,1,0.5918905798641112,1,0,1,0
2017-03-02,MSFT,64.01,True,False,64.1765,63.283,1,0,1,0.5918905798641112,1,0,1,0
2017-03-02,NVDA,99.0,True,False,109.346,105.46966666666667,1,0,1,0.6862543610022113,1,0,1,0
2017-03-03,AAPL,139.78,False,False,135.09075,123.71741666666667,1,0,0,0.6272286914005673,1,0,0,0
2017-03-03,AMZN,849.88,True,False,837.9365,806.1268333333334,1,0,1,0.5918905798641112,1,0,1,0
2017-03-03,BAC,25.44,True,False,24.156,23.194333333333336,1,0,1,0.5918905798641112,1,0,1,0
2017-03-03,FB,137.17,True,False,134.503,127.02383333333333,1,0,1,0.5918905798641112,1,0,1,0
2017-03-03,GOOG,829.08,True,False,821.107,805.6519999999999,1,0,1,0.5918905798641112,1,0,1,0
2017-03-03,GOOGL,849.08,True,False,841.0260000000001,826.0851666666666,1,0,1,0.5918905798641112,1,0,1,0
2017-03-03,MSFT,64.25,True,False,64.23049999999999,63.350166666666674,1,0,1,0.5918905798641112,1,0,1,0
2017-03-03,NVDA,98.43,True,False,108.498,105.57883333333334,1,0,1,0.6309492055684779,1,0,1,0
2017-03-06,AAPL,139.34,False,False,135.60375000000002,124.20725,1,0,0,0.5751879311289162,1,0,0,0
2017-03-06,AMZN,846.61,True,False,839.757,807.4916666666667,1,0,1,0.5682660887187129,1,0,1,0
2017-03-06,BAC,25.25,True,False,24.253999999999998,23.245833333333334,1,0,1,0.5918905798641112,1,0,1,0
2017-03-06,FB,137.42,True,False,134.825,127.359,1,0,1,0.5918905798641112,1,0,1,0
2017-03-06,GOOG,827.78,True,False,822.4215,806.7965,1,0,1,0.5918905798641112,1,0,1,0
2017-03-06,GOOGL,847.27,True,False,842.383,827.2700000000001,1,0,1,0.5918905798641112,1,0,1,0
2017-03-06,MSFT,64.27,True,False,64.26,63.42216666666666,1,0,1,0.5918905798641112,1,0,1,0
2017-03-06,NVDA,97.67,True,False,107.6625,105.65016666666666,1,0,1,0.6567375544187369,1,0,1,0
2017-03-07,AAPL,139.52,False,False,136.06525000000002,124.68208333333332,1,0,0,0.5879738457917112,1,0,0,0
2017-03-07,AMZN,846.02,True,False,841.676,808.7516666666668,1,0,1,0.5918905798641112,1,0,1,0
2017-03-07,BAC,25.21,True,False,24.3585,23.28983333333333,1,0,1,0.5918905798641112,1,0,1,0
2017-03-07,FB,137.3,True,False,135.087,127.6815,1,0,1,0.5918905798641112,1,0,1,0
2017-03-07,GOOG,831.91,True,False,823.95,807.8085,1,0,1,0.5918905798641112,1,0,1,0
2017-03-07,GOOGL,851.15,True,False,843.8594999999999,828.2646666666667,1,0,1,0.5918905798641112,1,0,1,0
2017-03-07,MSFT,64.4,True,False,64.298,63.47266666666667,1,0,1,0.5918905798641112,1,0,1,0
2017-03-07,NVDA,98.74,True,False,106.734,105.71133333333334,1,0,1,0.5918905798641112,1,0,1,0
2017-03-08,AAPL,139.0,False,False,136.43875,125.13008333333332,1,0,0,0.5835807453016131,1,0,0,0
2017-03-08,AMZN,850.5,True,False,843.576,810.1378333333334,1,0,1,0.5933588114868596,1,0,1,0
2017-03-08,BAC,25.26,True,False,24.476499999999998,23.32833333333333,1,0,1,0.607362713708853,1,0,1,0
2017-03-08,FB,137.72,True,False,135.38100000000003,127.99499999999999,1,0,1,0.5918905798641112,1,0,1,0
2017-03-08,GOOG,835.37,True,False,825.3699999999999,808.7909999999999,1,0,1,0.5918905798641112,1,0,1,0
2017-03-08,GOOGL,853.64,True,False,845.0799999999999,829.2391666666667,1,0,1,0.5918905798641112,1,0,1,0
2017-03-08,MSFT,64.99,True,False,64.376,63.539,1,0,1,0.6084378219907071,1,0,1,0
2017-03-08,NVDA,98.56,False,True,105.7055,105.79599999999999,0,1,1,0.5918905798641112,1,0,0,1
2017-03-09,AAPL,138.68,False,False,136.77075,125.54225,1,0,0,0.5844402908863054,1,0,0,0
2017-03-09,AMZN,853.0,True,False,845.2405000000001,811.5435,1,0,1,0.5918905798641112,1,0,1,0
2017-03-09,BAC,25.35,True,False,24.6105,23.366,1,0,1,0.5918905798641112,1,0,1,0
2017-03-09,FB,138.24,False,False,135.583,128.30433333333335,1,0,0,0.5955150644500766,1,0,0,0
2017-03-09,GOOG,838.68,True,False,826.885,809.6141666666666,1,0,1,0.5873978909200258,1,0,1,0
2017-03-09,GOOGL,857.84,True,False,846.4780000000001,830.0456666666666,1,0,1,0.5861405416607739,1,0,1,0
2017-03-09,MSFT,64.73,True,False,64.44550000000001,63.585,1,0,1,0.5918905798641112,1,0,1,0
2017-03-09,NVDA,98.54,False,True,104.702,105.90799999999999,0,1,1,0.5918905798641112,1,0,0,1
2017-03-10,AAPL,139.14,False,False,137.10674999999998,125.97291666666666,1,0,0,0.6072079072102106,1,0,0,0
2017-03-10,AMZN,852.46,True,False,846.7955,813.0825000000001,1,0,1,0.5709050670167506,1,0,1,0
2017-03-10,BAC,25.31,True,False,24.72,23.411,1,0,1,0.5918905798641112,1,0,1,0
2017-03-10,FB,138.79,False,False,135.8155,128.65466666666666,1,0,0,0.5957659259821128,1,0,0,0
2017-03-10,GOOG,843.25,True,False,828.5695,810.5138333333332,1,0,1,0.594125774105118,1,0,1,0
2017-03-10,GOOGL,861.405,True,False,848.0452499999999,830.9374166666665,1,0,1,0.5900506016456588,1,0,1,0
2017-03-10,MSFT,64.93,True,False,64.489,63.63099999999999,1,0,1,0.5918905798641112,1,0,1,0
2017-03-10,NVDA,99.12,False,True,103.83899999999998,106.06683333333334,0,1,1,0.5918905798641112,1,0,0,1
2017-03-13,AAPL,139.2,False,False,137.46075000000002,126.37308333333334,1,0,0,0.5813497039464474,1,0,0,0
2017-03-13,AMZN,854.59,True,False,848.152,814.42,1,0,1,0.5918905798641112,1,0,1,0
2017-03-13,BAC,25.3,True,False,24.831,23.45583333333333,1,0,1,0.5918905798641112,1,0,1,0
2017-03-13,FB,139.6,False,False,136.08599999999998,128.97616666666667,1,0,0,0.5928573913684783,1,0,0,0
2017-03-13,GOOG,845.54,True,False,830.1630000000001,811.3378333333333,1,0,1,0.5918905798641112,1,0,1,0
2017-03-13,GOOGL,864.58,True,False,849.5317500000001,831.7580833333334,1,0,1,0.5918905798641112,1,0,1,0
2017-03-13,MSFT,64.71,True,False,64.5245,63.65983333333333,1,0,1,0.5918905798641112,1,0,1,0
2017-03-13,NVDA,101.85,False,True,103.25050000000002,106.24483333333333,0,1,1,0.5499713642817192,0,0,0,1
2017-03-14,AAPL,138.99,False,False,137.74575,126.76974999999999,1,0,0,0.5898484335880855,1,0,0,0
2017-03-14,AMZN,852.53,True,False,848.952,815.8151666666666,1,0,1,0.5918905798641112,1,0,1,0
2017-03-14,BAC,25.32,True,False,24.927,23.5,1,0,1,0.5918905798641112,1,0,1,0
2017-03-14,FB,139.32,False,False,136.34949999999998,129.29466666666667,1,0,0,0.5887007918102084,1,0,0,0
2017-03-14,GOOG,845.62,True,False,831.482,812.147,1,0,1,0.5918905798641112,1,0,1,0
2017-03-14,GOOGL,865.91,True,False,850.87925,832.5584166666667,1,0,1,0.5918905798641112,1,0,1,0
2017-03-14,MSFT,64.41,True,False,64.509,63.68866666666667,1,0,1,0.574109860625303,1,0,1,0
2017-03-14,NVDA,101.78,False,True,102.92049999999999,106.33366666666666,0,1,1,0.578735286905449,1,0,0,1
2017-03-15,AAPL,140.46,False,False,138.01775,127.18041666666666,1,0,0,0.6210510914290556,1,0,0,0
2017-03-15,AMZN,852.97,False,False,849.781,817.348,1,0,1,0.540120880617963,0,0,0,0
2017-03-15,BAC,25.18,False,False,24.983,23.533666666666665,1,0,1,0.5438623637795722,0,0,0,0
2017-03-15,FB,139.72,False,False,136.64299999999997,129.61383333333333,1,0,0,0.5857580131350362,1,0,0,0
2017-03-15,GOOG,847.2,False,False,832.8195,812.9694999999999,1,0,0,0.5981569200575698,1,0,0,0
2017-03-15,GOOGL,868.39,False,False,852.29725,833.4374166666668,1,0,0,0.6009277867423036,1,0,0,0
2017-03-15,MSFT,64.75,True,False,64.518,63.724833333333336,1,0,1,0.5792550371376592,1,0,1,0
2017-03-15,NVDA,102.55,False,True,102.609,106.39766666666667,0,1,1,0.5929089233831516,1,0,0,1
2017-03-16,AAPL,140.69,False,False,138.27675,127.59241666666667,1,0,0,0.6039064672808112,1,0,0,0
2017-03-16,AMZN,853.42,True,False,850.317,818.9421666666666,1,0,1,0.5918905798641112,1,0,1,0
2017-03-16,BAC,25.22,True,False,25.015,23.57633333333333,1,0,1,0.5918905798641112,1,0,1,0
2017-03-16,FB,139.99,False,False,136.9705,129.94916666666666,1,0,0,0.5953064045760492,1,0,0,0
2017-03-16,GOOG,848.78,False,False,834.3095,813.9358333333332,1,0,0,0.5918905798641112,1,0,0,0
2017-03-16,GOOGL,870.0,False,False,853.93125,834.4400833333334,1,0,0,0.5918905798641112,1,0,0,0
2017-03-16,MSFT,64.64,True,False,64.5235,63.76383333333333,1,0,1,0.5918905798641112,1,0,1,0
2017-03-16,NVDA,103.81,False,True,102.3495,106.45433333333334,0,1,1,0.5918905798641112,1,0,0,1
2017-03-17,AAPL,139.99,False,False,138.50900000000001,127.98158333333335,1,0,0,0.5558698121010482,1,0,0,0
2017-03-17,AMZN,852.31,False,False,850.7255000000001,820.3806666666667,1,0,1,0.5358958760607153,0,0,0,0
2017-03-17,BAC,24.86,True,False,25.029,23.616,1,0,1,0.6042536645099805,1,0,1,0
2017-03-17,FB,139.84,False,False,137.27050000000003,130.2925,1,0,0,0.5781136078008825,1,0,0,0
2017-03-17,GOOG,852.12,False,False,835.7075000000001,814.9011666666667,1,0,0,0.61473984652217,1,0,0,0
2017-03-17,GOOGL,872.37,False,False,855.4412500000001,835.4379166666666,1,0,0,0.6034652851040013,1,0,0,0
2017-03-17,MSFT,64.87,True,False,64.541,63.784666666666666,1,0,1,0.6308603524715805,1,0,1,0
2017-03-17,NVDA,106.07,False,True,102.2905,106.52833333333334,0,1,1,0.5705592964218815,1,0,0,1
2017-03-20,AAPL,141.46,False,False,138.796,128.39008333333334,1,0,0,0.6302235104332145,1,0,0,0
2017-03-20,AMZN,856.97,True,False,851.3205,821.8098333333334,1,0,1,0.586318420924466,1,0,1,0
2017-03-20,BAC,24.44,True,False,25.025,23.64483333333333,1,0,1,0.6129508357216809,1,0,1,0
2017-03-20,FB,139.94,False,False,137.59099999999998,130.64,1,0,0,0.5873337004837874,1,0,0,0
2017-03-20,GOOG,848.4,True,False,836.7239999999999,815.7675,1,0,1,0.5918905798641112,1,0,1,0
2017-03-20,GOOGL,867.91,True,False,856.5092500000001,836.3164166666667,1,0,1,0.5642011622437663,1,0,1,0
2017-03-20,MSFT,64.93,True,False,64.5565,63.807833333333335,1,0,1,0.5918905798641112,1,0,1,0
2017-03-20,NVDA,109.45,False,True,102.40149999999998,106.59966666666666,0,1,1,0.5774547943085355,1,0,0,1
2017-03-21,AAPL,139.84,False,False,138.953,128.76975000000002,1,0,1,0.5232735002764244,0,0,0,0
2017-03-21,AMZN,843.2,True,False,850.6584999999999,823.0198333333334,1,0,1,0.7130674975261776,1,0,1,0
2017-03-21,BAC,23.02,True,False,24.937,23.651333333333334,1,0,1,0.8488438520386278,1,0,1,0
2017-03-21,FB,138.51,True,False,137.8305,130.9645,1,0,1,0.593701180990985,1,0,1,0
2017-03-21,GOOG,830.46,True,False,836.6640000000001,816.3658333333333,1,0,1,0.7362375551027792,1,0,1,0
2017-03-21,GOOGL,850.14,True,False,856.5527500000001,836.94875,1,0,1,0.7540115617664958,1,0,1,0
2017-03-21,MSFT,64.21,True,False,64.54249999999999,63.818999999999996,1,0,1,0.6024291801107311,1,0,1,0
2017-03-21,NVDA,105.91,False,True,102.14349999999999,106.60099999999998,0,1,1,0.621712347334391,1,0,0,1
2017-03-22,AAPL,141.42,True,False,139.1685,129.18858333333336,1,0,1,0.6231797940913486,1,0,1,0
2017-03-22,AMZN,848.06,False,False,850.281,824.3818333333332,1,0,1,0.5333777543716526,0,0,0,0
2017-03-22,BAC,22.94,True,False,24.8445,23.658,1,0,1,0.7446602821385804,1,0,1,0
2017-03-22,FB,139.59,True,False,138.004,131.33433333333335,1,0,1,0.6176670923132013,1,0,1,0
2017-03-22,GOOG,829.59,True,False,836.6055,817.0046666666666,1,0,1,0.5882509733813314,1,0,1,0
2017-03-22,GOOGL,849.8,True,False,856.47475,837.6174166666666,1,0,1,0.5769851485478995,1,0,1,0
2017-03-22,MSFT,65.03,True,False,64.57600000000001,63.843666666666664,1,0,1,0.5918905798641112,1,0,1,0
2017-03-22,NVDA,108.07,False,True,102.009,106.617,0,1,1,0.5957998481705026,1,0,0,1
2017-03-23,AAPL,140.92,True,False,139.388,129.59525,1,0,1,0.57981968357429,1,0,1,0
2017-03-23,AMZN,847.38,True,False,850.0405000000001,825.8283333333334,1,0,1,0.5918905798641112,1,0,1,0
2017-03-23,BAC,23.07,True,False,24.769,23.665833333333335,1,0,1,0.6173132031025039,1,0,1,0
2017-03-23,FB,139.53,True,False,138.2125,131.70533333333333,1,0,1,0.5918905798641112,1,0,1,0
2017-03-23,GOOG,817.58,True,False,835.918,817.4658333333333,1,0,1,0.8010481804189883,1,0,1,0
2017-03-23,GOOGL,839.65,True,False,855.90725,838.14825,1,0,1,0.7885384682238831,1,0,1,0
2017-03-23,MSFT,64.87,True,False,64.5885,63.87083333333333,1,0,1,0.5918905798641112,1,0,1,0
2017-03-23,NVDA,107.09,False,True,102.339,106.57216666666666,0,1,1,0.5675619752257511,1,0,0,1
2017-03-24,AAPL,140.64,True,False,139.587,129.98491666666666,1,0,1,0.5658906571148217,1,0,1,0
2017-03-24,AMZN,845.61,True,False,850.059,827.0651666666668,1,0,1,0.5657778386896927,1,0,1,0
2017-03-24,BAC,23.12,True,False,24.7135,23.674333333333333,1,0,1,0.609377670297773,1,0,1,0
2017-03-24,FB,140.34,True,False,138.4575,132.0775,1,0,1,0.6075507198193897,1,0,1,0
2017-03-24,GOOG,814.43,True,False,835.2074999999999,817.8471666666666,1,0,1,0.694747762371101,1,0,1,0
2017-03-24,GOOGL,835.14,True,False,855.27375,838.5684166666666,1,0,1,0.7106182229235612,1,0,1,0
2017-03-24,MSFT,64.98,True,False,64.60650000000001,63.899166666666666,1,0,1,0.5852519105593411,1,0,1,0
2017-03-24,NVDA,107.47,False,True,102.6395,106.40799999999999,0,1,1,0.5864163841544842,1,0,0,1
2017-03-27,AAPL,140.88,True,False,139.7845,130.38691666666668,1,0,1,0.5881551063975802,1,0,1,0
2017-03-27,AMZN,846.82,False,False,849.9680000000001,828.3100000000001,1,0,1,0.5404957278591997,0,0,0,0
2017-03-27,BAC,23.03,True,False,24.6365,23.686,1,0,1,0.6366019540219015,1,0,1,0
2017-03-27,FB,140.32,True,False,138.65299999999996,132.4675,1,0,1,0.5918905798641112,1,0,1,0
2017-03-27,GOOG,819.51,True,False,834.719,818.4215,1,0,1,0.5992026905414333,1,0,1,0
2017-03-27,GOOGL,838.51,True,False,854.71575,839.1340833333333,1,0,1,0.6220900837873354,1,0,1,0
2017-03-27,MSFT,65.1,True,False,64.65,63.934333333333335,1,0,1,0.5918905798641112,1,0,1,0
2017-03-27,NVDA,108.25,False,True,102.8315,106.39133333333332,0,1,1,0.5918905798641112,1,0,0,1
2017-03-28,AAPL,143.8,False,False,140.125,130.83808333333334,1,0,0,0.6331481263761045,1,0,0,0
2017-03-28,AMZN,856.0,True,False,850.516,829.8241666666668,1,0,1,0.554935248565233,1,0,1,0
2017-03-28,BAC,23.48,True,False,24.576500000000003,23.71066666666667,1,0,1,0.5822308504200073,1,0,1,0
2017-03-28,FB,141.76,False,False,138.964,132.891,1,0,0,0.6154980352398229,1,0,0,0
2017-03-28,GOOG,820.92,True,False,834.6045,819.057,1,0,1,0.5589607053343185,1,0,1,0
2017-03-28,GOOGL,840.63,False,False,854.5007499999999,839.76325,1,0,1,0.5430007974380081,0,0,0,0
2017-03-28,MSFT,65.29,True,False,64.7155,63.97416666666667,1,0,1,0.5918905798641112,1,0,1,0
2017-03-28,NVDA,107.69,False,True,103.14200000000001,106.329,0,1,1,0.5790184189800905,1,0,0,1
2017-03-29,AAPL,144.12,False,False,140.3415,131.30975,1,0,0,0.5803949671606123,1,0,0,0
2017-03-29,AMZN,874.32,True,False,851.5780000000001,831.8983333333333,1,0,1,0.6307964213640327,1,0,1,0
2017-03-29,BAC,23.35,True,False,24.469,23.731499999999997,1,0,1,0.5918905798641112,1,0,1,0
2017-03-29,FB,142.65,False,False,139.2255,133.351,1,0,0,0.5982881744340087,1,0,0,0
2017-03-29,GOOG,831.41,False,False,834.4129999999999,820.0501666666667,1,0,1,0.5357398430576589,0,0,0,0
2017-03-29,GOOGL,849.87,False,False,854.1567500000001,840.72025,1,0,1,0.5026829384687074,0,0,0,0
2017-03-29,MSFT,65.47,True,False,64.74199999999999,64.02966666666667,1,0,1,0.5918905798641112,1,0,1,0
2017-03-29,NVDA,107.34,False,True,103.36950000000002,106.339,0,1,1,0.5769928640357849,1,0,0,1
2017-03-30,AAPL,143.93,False,False,140.58999999999997,131.77275,1,0,0,0.585321717577687,1,0,0,0
2017-03-30,AMZN,876.34,False,False,852.9495000000001,833.9428333333333,1,0,0,0.5918905798641112,1,0,0,0
2017-03-30,BAC,23.87,True,False,24.401,23.753833333333333,1,0,1,0.5918905798641112,1,0,1,0
2017-03-30,FB,142.41,False,False,139.50799999999998,133.77683333333334,1,0,0,0.5918905798641112,1,0,0,0
2017-03-30,GOOG,831.5,True,False,834.4565,820.8061666666667,1,0,1,0.5744694152168781,1,0,1,0
2017-03-30,GOOGL,849.48,True,False,854.13825,841.4114166666667,1,0,1,0.5883207779714259,1,0,1,0
2017-03-30,MSFT,65.71,True,False,64.827,64.08183333333334,1,0,1,0.5918905798641112,1,0,1,0
2017-03-30,NVDA,109.4,False,True,103.8895,106.46216666666666,0,1,1,0.6025574198773905,1,0,0,1
2017-03-31,AAPL,143.66,False,False,140.784,132.23341666666667,1,0,0,0.5918905798641112,1,0,0,0
2017-03-31,AMZN,886.54,False,False,854.7825,836.0988333333333,1,0,0,0.6210663778865871,1,0,0,0
2017-03-31,BAC,23.59,True,False,24.308500000000002,23.764499999999998,1,0,1,0.607501613346743,1,0,1,0
2017-03-31,FB,142.05,False,False,139.752,134.16616666666667,1,0,0,0.5918905798641112,1,0,0,0
2017-03-31,GOOG,829.56,False,False,834.4805,821.5171666666666,1,0,1,0.5483295652288023,0,0,0,0
2017-03-31,GOOGL,847.8,False,False,854.07425,842.0785833333333,1,0,1,0.546737874025874,0,0,0,0
2017-03-31,MSFT,65.86,True,False,64.9075,64.14116666666668,1,0,1,0.5851511092569075,1,0,1,0
2017-03-31,NVDA,108.93,False,True,104.4145,106.53783333333334,0,1,1,0.5918905798641112,1,0,0,1
2017-04-03,AAPL,143.7,False,False,141.002,132.68491666666668,1,0,0,0.5918905798641112,1,0,0,0
2017-04-03,AMZN,891.51,False,False,857.0274999999999,837.9498333333335,1,0,0,0.6010169762902104,1,0,0,0
2017-04-03,BAC,23.59,True,False,24.2255,23.77966666666667,1,0,1,0.5918905798641112,1,0,1,0
2017-04-03,FB,142.28,False,False,139.99499999999998,134.52633333333333,1,0,0,0.5918905798641112,1,0,0,0
2017-04-03,GOOG,838.55,True,False,835.019,822.2593333333334,1,0,1,0.5500606960916162,1,0,1,0
2017-04-03,GOOGL,856.75,False,False,854.54825,842.8074166666667,1,0,1,0.5436789270622935,0,0,0,0
2017-04-03,MSFT,65.55,True,False,64.9715,64.19533333333332,1,0,1,0.577191398745649,1,0,1,0
2017-04-03,NVDA,108.38,False,True,104.95,106.64850000000001,0,1,1,0.5918905798641112,1,0,0,1
2017-04-04,AAPL,144.77,False,False,141.2645,133.13258333333334,1,0,0,0.6114631489408751,1,0,0,0
2017-04-04,AMZN,906.83,False,False,860.068,839.7971666666667,1,0,0,0.6662996357122302,1,0,0,0
2017-04-04,BAC,23.44,True,False,24.137,23.792333333333332,1,0,1,0.5918905798641112,1,0,1,0
2017-04-04,FB,141.73,True,False,140.2165,134.83166666666665,1,0,1,0.5918905798641112,1,0,1,0
2017-04-04,GOOG,834.57,True,False,835.152,822.7330000000001,1,0,1,0.5894809679055555,1,0,1,0
2017-04-04,GOOGL,852.57,True,False,854.6192500000001,843.2634166666667,1,0,1,0.575311789187792,1,0,1,0
2017-04-04,MSFT,65.73,True,False,65.038,64.2435,1,0,1,0.5918905798641112,1,0,1,0
2017-04-04,NVDA,100.78,False,True,105.05199999999999,106.60983333333334,0,1,1,0.786543844365661,1,0,0,1
2017-04-05,AAPL,144.02,True,False,141.5155,133.54975,1,0,1,0.5617671674862509,1,0,1,0
2017-04-05,AMZN,909.28,False,False,863.007,841.6698333333334,1,0,0,0.6434633273750558,1,0,0,0
2017-04-05,BAC,23.17,True,False,24.032500000000002,23.802666666666667,1,0,1,0.599960113449845,1,0,1,0
2017-04-05,FB,141.85,True,False,140.42299999999997,135.11416666666668,1,0,1,0.6004180460986734,1,0,1,0
2017-04-05,GOOG,831.41,True,False,834.954,823.1456666666667,1,0,1,0.5918905798641112,1,0,1,0
2017-04-05,GOOGL,848.91,True,False,854.3827500000001,843.6255833333333,1,0,1,0.5757199406822376,1,0,1,0
2017-04-05,MSFT,65.56,True,False,65.06649999999999,64.29216666666666,1,0,1,0.570337264252317,1,0,1,0
2017-04-05,NVDA,100.03,False,True,105.12550000000002,106.489,0,1,1,0.6584990143308641,1,0,0,1
2017-04-06,AAPL,143.66,True,False,141.7645,133.95891666666665,1,0,1,0.5898174548926225,1,0,1,0
2017-04-06,AMZN,898.28,False,False,865.2710000000001,843.3761666666667,1,0,0,0.5918905798641112,1,0,0,0
2017-04-06,BAC,23.26,True,False,23.928,23.808,1,0,1,0.5918905798641112,1,0,1,0
2017-04-06,FB,141.17,True,False,140.5695,135.3945,1,0,1,0.5614481167551034,1,0,1,0
2017-04-06,GOOG,827.88,True,False,834.414,823.5305000000001,1,0,1,0.5918905798641112,1,0,1,0
2017-04-06,GOOGL,845.095,True,False,853.7455,843.9436666666667,1,0,1,0.5918905798641112,1,0,1,0
2017-04-06,MSFT,65.73,True,False,65.1165,64.344,1,0,1,0.5918905798641112,1,0,1,0
2017-04-06,NVDA,100.76,False,True,105.2365,106.39383333333333,0,1,1,0.6173129356720256,1,0,0,1
2017-04-07,AAPL,143.34,True,False,141.9745,134.35208333333333,1,0,1,0.5918905798641112,1,0,1,0
2017-04-07,AMZN,894.88,True,False,867.392,844.9738333333333,1,0,1,0.5918905798641112,1,0,1,0
2017-04-07,BAC,23.16,True,False,23.820500000000003,23.809500000000003,1,0,1,0.5918905798641112,1,0,1,0
2017-04-07,FB,140.78,True,False,140.669,135.63933333333333,1,0,1,0.5918905798641112,1,0,1,0
2017-04-07,GOOG,824.67,True,False,833.4849999999999,823.8098333333334,1,0,1,0.5918905798641112,1,0,1,0
2017-04-07,GOOGL,842.1,True,False,852.78025,844.1476666666666,1,0,1,0.5918905798641112,1,0,1,0
2017-04-07,MSFT,65.68,True,False,65.15400000000001,64.38550000000001,1,0,1,0.5918905798641112,1,0,1,0
2017-04-07,NVDA,100.33,False,True,105.297,106.31333333333333,0,1,1,0.5918905798641112,1,0,0,1
2017-04-10,AAPL,143.17,True,False,142.173,134.75075,1,0,1,0.5918905798641112,1,0,1,0
2017-04-10,AMZN,907.04,False,False,870.0145,846.5305000000001,1,0,0,0.5508988911015986,1,0,0,0
2017-04-10,BAC,23.02,False,True,23.7065,23.81116666666667,0,1,1,0.5918905798641112,1,0,0,1
2017-04-10,FB,141.04,True,False,140.741,135.87966666666665,1,0,1,0.5918905798641112,1,0,1,0
2017-04-10,GOOG,824.73,True,False,832.4445,824.116,1,0,1,0.5918905798641112,1,0,1,0
2017-04-10,GOOGL,841.7,True,False,851.6362499999999,844.3505,1,0,1,0.5918905798641112,1,0,1,0
2017-04-10,MSFT,65.53,True,False,65.19500000000001,64.43416666666667,1,0,1,0.5918905798641112,1,0,1,0
2017-04-10,NVDA,97.77,False,True,105.093,106.21883333333334,0,1,1,0.7393255261172609,1,0,0,1
2017-04-11,AAPL,141.63,True,False,142.305,135.12725,1,0,1,0.5732449678098025,1,0,1,0
2017-04-11,AMZN,902.36,False,False,872.506,847.9508333333334,1,0,1,0.5191652853534093,0,0,0,0
2017-04-11,BAC,22.92,False,True,23.5865,23.80966666666667,0,1,1,0.5997130372789126,1,0,0,1
2017-04-11,FB,139.92,True,False,140.77100000000002,136.07266666666666,1,0,1,0.5997130372789126,1,0,1,0
2017-04-11,GOOG,823.35,True,False,831.3309999999999,824.3738333333333,1,0,1,0.5997130372789126,1,0,1,0
2017-04-11,GOOGL,839.88,True,False,850.33475,844.4995,1,0,1,0.5997130372789126,1,0,1,0
2017-04-11,MSFT,65.48,True,False,65.2485,64.48049999999999,1,0,1,0.5997130372789126,1,0,1,0
2017-04-11,NVDA,98.12,False,True,104.91000000000001,106.13033333333334,0,1,1,0.5997130372789126,1,0,0,1
2017-04-12,AAPL,141.8,True,False,142.372,135.49058333333335,1,0,1,0.5997130372789126,1,0,1,0
2017-04-12,AMZN,896.23,True,False,874.6690000000001,849.3926666666667,1,0,1,0.5508602139629196,1,0,1,0
2017-04-12,BAC,22.65,False,True,23.46,23.819666666666667,0,1,1,0.5997130372789126,1,0,0,1
2017-04-12,FB,139.58,True,False,140.764,136.26783333333333,1,0,1,0.5997130372789126,1,0,1,0
2017-04-12,GOOG,824.32,True,False,830.1870000000001,824.7023333333333,1,0,1,0.5997130372789126,1,0,1,0
2017-04-12,GOOGL,841.46,True,False,848.98825,844.7328333333334,1,0,1,0.5997130372789126,1,0,1,0
2017-04-12,MSFT,65.23,True,False,65.27250000000001,64.52550000000001,1,0,1,0.5997130372789126,1,0,1,0
2017-04-12,NVDA,97.31,False,True,104.648,106.067,0,1,1,0.5997130372789126,1,0,0,1
2017-04-13,AAPL,141.05,True,False,142.39000000000001,135.84158333333332,1,0,1,0.5997130372789126,1,0,1,0
2017-04-13,AMZN,884.67,True,False,876.2315000000001,850.6791666666667,1,0,1,0.5997130372789126,1,0,1,0
2017-04-13,BAC,22.34,False,True,23.316000000000003,23.814833333333336,0,1,1,0.5997130372789126,1,0,0,1
2017-04-13,FB,139.39,True,False,140.73399999999998,136.459,1,0,1,0.5994815956990832,1,0,1,0
2017-04-13,GOOG,823.56,True,False,828.926,824.9938333333333,1,0,1,0.5997130372789126,1,0,1,0
2017-04-13,GOOGL,840.18,True,False,847.49725,844.9188333333334,1,0,1,0.5997130372789126,1,0,1,0
2017-04-13,MSFT,64.95,True,False,65.28800000000001,64.56633333333335,1,0,1,0.5997130372789126,1,0,1,0
2017-04-13,NVDA,95.49,False,True,104.232,105.94266666666665,0,1,1,0.5997130372789126,1,0,0,1
2017-04-17,AAPL,141.83,True,False,142.482,136.20908333333333,1,0,1,0.6138225140856531,1,0,1,0
2017-04-17,AMZN,901.99,True,False,878.7154999999999,852.2283333333332,1,0,1,0.5763645523757942,1,0,1,0
2017-04-17,BAC,22.81,False,True,23.2135,23.8195,0,1,1,0.5257970905069348,0,0,0,1
2017-04-17,FB,141.42,True,False,140.813,136.69016666666667,1,0,1,0.6163392912763027,1,0,1,0
2017-04-17,GOOG,837.17,True,False,828.1785,825.5770833333333,1,0,1,0.6180949734641088,1,0,1,0
2017-04-17,GOOGL,855.13,True,False,846.63525,845.4315,1,0,1,0.6237549805649271,1,0,1,0
2017-04-17,MSFT,65.48,True,False,65.3185,64.61933333333333,1,0,1,0.5997130372789126,1,0,1,0
2017-04-17,NVDA,99.23,False,True,103.89000000000001,105.84383333333334,0,1,1,0.4699489717891782,0,0,0,1
2017-04-18,AAPL,141.2,True,False,142.469,136.56241666666665,1,0,1,0.5997130372789126,1,0,1,0
2017-04-18,AMZN,903.78,True,False,881.0559999999999,853.8191666666667,1,0,1,0.5979290011223518,1,0,1,0
2017-04-18,BAC,22.71,False,True,23.127000000000002,23.820666666666668,0,1,1,0.5997130372789126,1,0,0,1
2017-04-18,FB,140.96,True,False,140.864,136.92216666666667,1,0,1,0.5725819810179029,1,0,1,0
2017-04-18,GOOG,836.82,True,False,827.5994999999999,826.1070833333332,1,0,1,0.5910469916707818,1,0,1,0
2017-04-18,GOOGL,853.99,True,False,845.93925,845.8618333333333,1,0,1,0.5831349959167299,1,0,1,0
2017-04-18,MSFT,65.39,True,False,65.3415,64.6635,1,0,1,0.592184996911309,1,0,1,0
2017-04-18,NVDA,99.29,False,True,103.38199999999999,105.76516666666666,0,1,1,0.5723624242796267,1,0,0,1
2017-04-19,AAPL,140.68,True,False,142.51100000000002,136.90574999999998,1,0,1,0.5974483640327414,1,0,1,0
2017-04-19,AMZN,899.2,True,False,883.856,855.1745,1,0,1,0.5997130372789126,1,0,1,0
2017-04-19,BAC,22.74,False,True,23.113000000000003,23.823666666666668,0,1,1,0.5997130372789126,1,0,0,1
2017-04-19,FB,142.27,True,False,141.052,137.1445,1,0,1,0.5892557293445914,1,0,1,0
2017-04-19,GOOG,838.21,True,False,827.9870000000001,826.4220833333333,1,0,1,0.5872536952676547,1,0,1,0
2017-04-19,GOOGL,856.51,True,False,846.2577500000001,846.0631666666667,1,0,1,0.5836011315232978,1,0,1,0
2017-04-19,MSFT,65.04,True,False,65.38300000000001,64.69816666666667,1,0,1,0.5586091432613164,1,0,1,0
2017-04-19,NVDA,99.68,False,True,103.07050000000001,105.675,0,1,1,0.5707584612208653,1,0,0,1
2017-04-20,AAPL,142.44,True,False,142.562,137.28025,1,0,1,0.6119744333424137,1,0,1,0
2017-04-20,AMZN,902.06,True,False,886.5559999999999,856.5015000000001,1,0,1,0.6031068341468223,1,0,1,0
2017-04-20,BAC,23.07,False,True,23.119500000000002,23.825666666666667,0,1,1,0.5674172472052726,1,0,0,1
2017-04-20,FB,143.8,True,False,141.2625,137.38500000000002,1,0,1,0.5878428361957942,1,0,1,0
2017-04-20,GOOG,841.65,True,False,828.5899999999999,826.7184166666666,1,0,1,0.5796068650446696,1,0,1,0
2017-04-20,GOOGL,860.08,True,False,846.7717500000001,846.239,1,0,1,0.5809647765821381,1,0,1,0
2017-04-20,MSFT,65.5,True,False,65.4065,64.73116666666667,1,0,1,0.5662349854033459,1,0,1,0
2017-04-20,NVDA,101.26,False,True,102.72999999999999,105.57383333333333,0,1,1,0.5869712450208824,1,0,0,1
2017-04-21,AAPL,142.27,True,False,142.6295,137.62008333333333,1,0,1,0.5997130372789126,1,0,1,0
2017-04-21,AMZN,898.53,True,False,889.1135,857.535,1,0,1,0.5997130372789126,1,0,1,0
2017-04-21,BAC,22.71,False,True,23.1015,23.814666666666668,0,1,1,0.5847694628161302,1,0,0,1
2017-04-21,FB,143.68,True,False,141.47,137.5883333333333,1,0,1,0.5997130372789126,1,0,1,0
2017-04-21,GOOG,843.19,True,False,829.8705,826.84375,1,0,1,0.5922297229540098,1,0,1,0
2017-04-21,GOOGL,858.95,True,False,847.73675,846.2473333333332,1,0,1,0.5692368170564843,1,0,1,0
2017-04-21,MSFT,66.4,True,False,65.483,64.7765,1,0,1,0.5897089560092216,1,0,1,0
2017-04-21,NVDA,101.68,False,True,102.4595,105.472,0,1,1,0.5476181705550434,0,0,0,1
2017-04-24,AAPL,143.64,True,False,142.7795,137.98174999999998,1,0,1,0.6099347428238415,1,0,1,0
2017-04-24,AMZN,907.41,True,False,892.2035,858.6726666666667,1,0,1,0.6307101176478607,1,0,1,0
2017-04-24,BAC,23.63,False,True,23.127000000000002,23.817833333333333,0,1,1,0.6575753348742597,1,0,0,1
2017-04-24,FB,145.47,False,False,141.7265,137.79983333333334,1,0,0,0.6306548805508028,1,0,0,0
2017-04-24,GOOG,862.76,False,False,832.2869999999999,827.3539166666666,1,0,0,0.4780335095992332,0,0,0,0
2017-04-24,GOOGL,878.93,False,False,849.9262500000001,846.6131666666666,1,0,0,0.5487138528449221,0,0,0,0
2017-04-24,MSFT,67.53,False,False,65.6105,64.83083333333333,1,0,0,0.6217345399570694,1,0,0,0
2017-04-24,NVDA,102.95,False,True,102.2335,105.36033333333333,0,1,1,0.5786410035934038,1,0,0,1
2017-04-25,AAPL,144.53,True,False,142.962,138.35808333333335,1,0,1,0.6062310889994789,1,0,1,0
2017-04-25,AMZN,907.62,True,False,895.2435000000002,859.8701666666667,1,0,1,0.5830463620581903,1,0,1,0
2017-04-25,BAC,23.98,False,True,23.174500000000002,23.828166666666668,0,1,1,0.5522546364521944,1,0,0,1
2017-04-25,FB,146.49,False,False,142.03500000000003,138.03833333333333,1,0,0,0.5738489672031308,1,0,0,0
2017-04-25,GOOG,872.3,False,False,834.9264999999999,828.1704166666666,1,0,0,0.4791683987738271,0,0,0,0
2017-04-25,GOOGL,888.84,False,False,852.4427499999999,847.3433333333335,1,0,0,0.5338012254768282,0,0,0,0
2017-04-25,MSFT,67.92,False,False,65.75150000000001,64.8665,1,0,0,0.5665991058047771,1,0,0,0
2017-04-25,NVDA,104.74,False,True,102.058,105.24316666666667,0,1,1,0.5871072731174635,1,0,0,1
2017-04-26,AAPL,143.68,True,False,142.956,138.72558333333333,1,0,1,0.5704993827943119,1,0,1,0
2017-04-26,AMZN,909.29,True,False,897.908,861.1853333333333,1,0,1,0.6041703633042202,1,0,1,0
2017-04-26,BAC,23.89,False,True,23.195,23.843833333333336,0,1,1,0.5440777247423988,0,0,0,1
2017-04-26,FB,146.56,False,False,142.275,138.29800000000003,1,0,0,0.6061648166132741,1,0,0,0
2017-04-26,GOOG,871.73,False,False,837.467,829.32725,1,0,0,0.4666593823367923,0,0,0,0
2017-04-26,GOOGL,889.14,False,False,854.8682499999999,848.4318333333334,1,0,0,0.4558857975379993,0,0,0,0
2017-04-26,MSFT,67.83,False,False,65.8785,64.9115,1,0,0,0.5199283367461751,0,0,0,0
2017-04-26,NVDA,104.02,False,True,101.8745,105.14316666666667,0,1,1,0.5315450955330915,0,0,0,1
2017-04-27,AAPL,143.79,True,False,142.9395,139.0995833333333,1,0,1,0.5997130372789126,1,0,1,0
2017-04-27,AMZN,918.38,True,False,900.1110000000001,862.767,1,0,1,0.6072006202451924,1,0,1,0
2017-04-27,BAC,23.65,False,True,23.21,23.860666666666663,0,1,1,0.5508478283946446,1,0,0,1
2017-04-27,FB,147.7,False,False,142.52749999999997,138.58766666666668,1,0,0,0.5922548522751339,1,0,0,0
2017-04-27,GOOG,874.25,False,False,839.609,830.61825,1,0,0,0.520513793590259,0,0,0,0
2017-04-27,GOOGL,891.44,False,False,856.9467500000001,849.6193333333333,1,0,0,0.518286917115696,0,0,0,0
2017-04-27,MSFT,68.27,False,False,66.0185,64.97183333333334,1,0,0,0.5718556347186321,1,0,0,0
2017-04-27,NVDA,105.64,False,True,101.7895,105.08416666666668,0,1,1,0.573765865362515,1,0,0,1
2017-04-28,AAPL,143.65,True,False,142.9255,139.34791666666666,1,0,1,0.5609938659504147,1,0,1,0
2017-04-28,AMZN,924.99,False,False,902.5435000000001,864.311,1,0,0,0.5782307345298249,1,0,0,0
2017-04-28,BAC,23.34,False,True,23.183500000000002,23.86816666666667,0,1,1,0.5406084926598851,0,0,0,1
2017-04-28,FB,150.25,False,False,142.9195,138.87133333333335,1,0,0,0.6153659250564395,1,0,0,0
2017-04-28,GOOG,905.96,False,False,843.332,832.456,1,0,0,0.4942475877064936,0,0,0,0
2017-04-28,GOOGL,924.52,False,False,860.6987500000001,851.4406666666667,1,0,0,0.47674311635006544,0,0,0,0
2017-04-28,MSFT,68.46,False,False,66.156,65.05316666666667,1,0,0,0.575669820383919,1,0,0,0
2017-04-28,NVDA,104.3,False,True,101.53450000000001,104.92333333333333,0,1,1,0.5390878525262184,0,0,0,1
2017-05-01,AAPL,146.58,True,False,143.07150000000001,139.64875,1,0,1,0.6377243726465239,1,0,1,0
2017-05-01,AMZN,948.23,False,False,905.628,866.1156666666666,1,0,0,0.5630868980759657,1,0,0,0
2017-05-01,BAC,23.61,False,True,23.1845,23.883,0,1,1,0.5781020983381752,1,0,0,1
2017-05-01,FB,152.46,False,False,143.44,139.23166666666665,1,0,0,0.6200366921368805,1,0,0,0
2017-05-01,GOOG,912.57,False,True,847.4825000000001,834.3566666666667,1,0,0,0.34534295325661396,0,1,0,1
2017-05-01,GOOGL,932.82,False,True,864.94975,853.35,1,0,0,0.3325392638933433,0,1,0,1
2017-05-01,MSFT,69.41,False,False,66.3335,65.15716666666667,1,0,0,0.6398778652909218,1,0,0,0
2017-05-01,NVDA,106.64,False,True,101.42,104.77749999999999,0,1,1,0.5621140918609524,1,0,0,1
2017-05-02,AAPL,147.51,False,False,143.262,139.9559166666667,1,0,0,0.565895921105351,1,0,0,0
2017-05-02,AMZN,946.94,False,False,908.3994999999999,868.3946666666667,1,0,0,0.5457926830310679,0,0,0,0
2017-05-02,BAC,23.53,False,True,23.1815,23.887,0,1,1,0.5701440035862713,1,0,0,1
2017-05-02,FB,152.78,False,False,143.965,139.595,1,0,0,0.5872326673977988,1,0,0,0
2017-05-02,GOOG,916.44,False,True,851.3770000000001,836.2725000000002,1,0,0,0.2919490318021062,0,1,0,1
2017-05-02,GOOGL,937.09,False,True,868.9667499999999,855.2993333333333,1,0,0,0.2654594623769041,0,1,0,1
2017-05-02,MSFT,69.3,False,False,66.521,65.25083333333333,1,0,0,0.6139136657769392,1,0,0,0
2017-05-02,NVDA,103.48,False,True,101.175,104.59583333333333,0,1,1,0.5753549493715298,1,0,0,1
2017-05-03,AAPL,147.06,False,False,143.3765,140.23541666666668,1,0,1,0.5175403885015263,0,0,0,0
2017-05-03,AMZN,941.03,False,False,910.1094999999999,870.6178333333334,1,0,0,0.5511629138444021,1,0,0,0
2017-05-03,BAC,23.77,False,True,23.198,23.89783333333333,0,1,1,0.5816762984564601,1,0,0,1
2017-05-03,FB,151.8,False,False,144.4685,139.924,1,0,0,0.53179673904137,0,0,0,0
2017-05-03,GOOG,927.04,False,True,856.0004999999999,838.3675,1,0,0,0.2589472314965501,0,1,0,1
2017-05-03,GOOGL,948.45,False,True,873.76075,857.4131666666667,1,0,0,0.24121362028024568,0,1,0,1
2017-05-03,MSFT,69.08,False,False,66.6885,65.3415,1,0,0,0.5812329036985173,1,0,0,0
2017-05-03,NVDA,104.25,False,True,101.3485,104.37816666666667,0,1,1,0.5621282185305155,1,0,0,1
2017-05-04,AAPL,146.53,True,False,143.502,140.4854166666667,1,0,1,0.572882666447404,1,0,1,0
2017-05-04,AMZN,937.53,False,False,911.5220000000002,872.7016666666666,1,0,1,0.5385835090792056,0,0,0,0
2017-05-04,BAC,23.85,False,True,23.232,23.913666666666668,0,1,1,0.5993040313859761,1,0,0,1
2017-05-04,FB,150.85,False,False,144.91850000000002,140.24083333333334,1,0,0,0.521338843660648,0,0,0,0
2017-05-04,GOOG,931.66,False,True,861.0129999999999,840.4456666666666,1,0,0,0.2653428464180781,0,1,0,1
2017-05-04,GOOGL,954.72,False,True,879.0512500000001,859.5046666666668,1,0,0,0.2534560000114598,0,1,0,1
2017-05-04,MSFT,68.81,False,False,66.851,65.43116666666667,1,0,0,0.5905712125206619,1,0,0,0
2017-05-04,NVDA,103.85,False,True,101.5395,104.12349999999999,0,1,1,0.5399890088309941,0,0,0,1
2017-05-05,AAPL,148.96,False,False,143.767,140.76741666666666,1,0,0,0.6190930046526457,1,0,0,0
2017-05-05,AMZN,934.15,True,False,913.3154999999999,874.609,1,0,1,0.5974226067525968,1,0,1,0
2017-05-05,BAC,23.74,False,True,23.256,23.931500000000003,0,1,1,0.5707627761630677,1,0,0,1
2017-05-05,FB,150.24,False,False,145.372,140.50816666666665,1,0,0,0.5792914297427816,1,0,0,0
2017-05-05,GOOG,927.13,False,True,865.9754999999999,842.4248333333333,1,0,0,0.338062577033062,0,1,0,1
2017-05-05,GOOGL,950.28,False,True,884.3104999999999,861.5113333333334,1,0,0,0.26062590709918243,0,1,0,1
2017-05-05,MSFT,69.0,False,False,67.0145,65.5255,1,0,0,0.5999701093359988,1,0,0,0
2017-05-05,NVDA,103.86,False,True,101.6945,103.87766666666668,0,1,1,0.5518931266629626,1,0,0,1
2017-05-08,AAPL,153.01,False,False,144.25050000000002,141.11058333333332,1,0,0,0.6578828173012363,1,0,0,0
2017-05-08,AMZN,949.04,False,False,916.0235,876.737,1,0,0,0.5495744094464601,0,0,0,0
2017-05-08,BAC,23.96,False,True,23.296,23.945499999999996,0,1,1,0.5941366276655794,1,0,0,1
2017-05-08,FB,151.06,False,False,145.886,140.79016666666666,1,0,0,0.632838223199733,1,0,0,0
2017-05-08,GOOG,934.3,False,True,871.457,844.5038333333334,1,0,0,0.3012657964912018,0,1,0,1
2017-05-08,GOOGL,958.69,False,True,890.14,863.6551666666667,1,0,0,0.28735202467253074,0,1,0,1
2017-05-08,MSFT,68.94,False,False,67.1775,65.60683333333333,1,0,0,0.5893110059840009,1,0,0,0
2017-05-08,NVDA,102.77,False,True,101.81649999999999,103.65083333333334,0,1,1,0.5997130372789126,1,0,0,1
2017-05-09,AAPL,153.99,False,False,144.79149999999998,141.47508333333332,1,0,0,0.5925244336373425,1,0,0,0
2017-05-09,AMZN,952.82,False,False,918.3125,878.8263333333333,1,0,0,0.5370128774005768,0,0,0,0
2017-05-09,BAC,23.98,False,True,23.344,23.9605,0,1,1,0.5997130372789126,1,0,0,1
2017-05-09,FB,150.48,True,False,146.358,141.06166666666667,1,0,1,0.5956674933523256,1,0,1,0
2017-05-09,GOOG,932.17,False,True,876.8290000000001,846.4788333333332,1,0,0,0.391915812831155,0,1,0,1
2017-05-09,GOOGL,956.71,False,True,895.8905000000001,865.6861666666667,1,0,0,0.33974851854912724,0,1,0,1
2017-05-09,MSFT,69.04,False,False,67.353,65.69083333333333,1,0,0,0.6296046191970752,1,0,0,0
2017-05-09,NVDA,102.94,False,True,102.075,103.47283333333334,0,1,1,0.5505444227824388,1,0,0,1
2017-05-10,AAPL,153.26,False,False,145.373,141.80791666666667,1,0,0,0.5721499255219907,1,0,0,0
2017-05-10,AMZN,948.95,True,False,920.642,880.7,1,0,1,0.5787531740071507,1,0,1,0
2017-05-10,BAC,24.15,False,True,23.405499999999996,23.973000000000003,0,1,1,0.5997130372789126,1,0,0,1
2017-05-10,FB,150.29,True,False,146.8765,141.33233333333334,1,0,1,0.591398295200376,1,0,1,0
2017-05-10,GOOG,928.78,False,True,882.1004999999999,848.3045,1,0,0,0.4222422930957971,0,1,0,1
2017-05-10,GOOGL,954.84,False,True,901.6385,867.6175000000001,1,0,0,0.35846675223441116,0,1,0,1
2017-05-10,MSFT,69.31,False,False,67.5445,65.76733333333333,1,0,0,0.5921019358516871,1,0,0,0
2017-05-10,NVDA,121.29,False,True,103.2335,103.68800000000002,0,1,0,0.4907509679786673,0,0,0,1
2017-05-11,AAPL,153.95,False,False,145.9805,142.12341666666666,1,0,0,0.5878795035948706,1,0,0,0
2017-05-11,AMZN,947.62,True,False,923.2115,882.5538333333333,1,0,1,0.5938054328087347,1,0,1,0
2017-05-11,BAC,24.07,False,True,23.476499999999998,23.973166666666664,0,1,1,0.5997130372789126,1,0,0,1
2017-05-11,FB,150.04,True,False,147.3995,141.60216666666668,1,0,1,0.5931960822945678,1,0,1,0
2017-05-11,GOOG,930.6,False,True,887.4144999999999,850.1403333333333,1,0,0,0.43763117952715336,0,1,0,1
2017-05-11,GOOGL,955.89,False,True,907.36,869.5485,1,0,0,0.4112256036324835,0,1,0,1
2017-05-11,MSFT,68.46,True,False,67.70599999999999,65.83216666666667,1,0,1,0.5504346452126233,1,0,1,0
2017-05-11,NVDA,126.5,False,False,104.69300000000001,103.98333333333333,1,0,0,0.5801816458797279,1,0,0,0
2017-05-12,AAPL,156.1,False,False,146.733,142.46658333333332,1,0,0,0.6214938796102218,1,0,0,0
2017-05-12,AMZN,961.35,False,False,927.0455,884.5313333333332,1,0,0,0.5984389559662864,1,0,0,0
2017-05-12,BAC,24.0,False,True,23.559499999999996,23.9635,0,1,1,0.597331233902496,1,0,0,1
2017-05-12,FB,150.33,True,False,147.94650000000001,141.88366666666667,1,0,1,0.5944941008996599,1,0,1,0
2017-05-12,GOOG,932.22,False,False,892.8475000000001,852.0276666666666,1,0,0,0.48782955040670156,0,0,0,0
2017-05-12,GOOGL,955.14,False,False,913.108,871.5121666666666,1,0,0,0.4756098436917086,0,0,0,0
2017-05-12,MSFT,68.38,True,False,67.8775,65.89633333333333,1,0,1,0.5997130372789126,1,0,1,0
2017-05-12,NVDA,127.89,False,False,106.31300000000002,104.29816666666666,1,0,0,0.574349601934994,1,0,0,0
2017-05-15,AAPL,155.7,False,False,147.42649999999998,142.80583333333334,1,0,0,0.581306093971548,1,0,0,0
2017-05-15,AMZN,957.97,False,False,929.8444999999999,886.4285,1,0,0,0.5704402992769463,1,0,0,0
2017-05-15,BAC,24.06,False,True,23.622,23.954833333333333,0,1,1,0.5997130372789126,1,0,0,1
2017-05-15,FB,150.19,True,False,148.385,142.15616666666665,1,0,1,0.599672541899737,1,0,1,0
2017-05-15,GOOG,937.08,False,False,897.8430000000001,853.9096666666667,1,0,0,0.5123858137891288,0,0,0,0
2017-05-15,GOOGL,959.22,False,False,918.3125,873.463,1,0,0,0.49464984088806324,0,0,0,0
2017-05-15,MSFT,68.43,True,False,68.025,65.96150000000002,1,0,1,0.5880803467267858,1,0,1,0
2017-05-15,NVDA,134.31,False,False,108.06700000000001,104.74916666666667,1,0,0,0.5810684228985745,1,0,0,0
2017-05-16,AAPL,155.47,False,False,148.14000000000001,143.13500000000002,1,0,0,0.5835212860344229,1,0,0,0
2017-05-16,AMZN,966.07,False,False,932.9590000000001,888.4451666666666,1,0,0,0.5674172629813456,1,0,0,0
2017-05-16,BAC,23.99,False,True,23.686,23.946,0,1,1,0.5997130372789126,1,0,0,1
2017-05-16,FB,149.78,True,False,148.826,142.42700000000002,1,0,1,0.5997130372789126,1,0,1,0
2017-05-16,GOOG,943.0,False,False,903.152,855.8251666666667,1,0,0,0.533973418108421,0,0,0,0
2017-05-16,GOOGL,964.61,False,False,923.8435,875.4306666666668,1,0,0,0.525213828706546,0,0,0,0
2017-05-16,MSFT,69.41,True,False,68.226,66.04133333333333,1,0,1,0.6442277635437722,1,0,1,0
2017-05-16,NVDA,136.81,False,False,109.94300000000001,105.24216666666666,1,0,0,0.6281463032506924,1,0,0,0
2017-05-17,AAPL,150.25,False,False,148.61849999999998,143.36083333333332,1,0,1,0.4834908112083378,0,0,0,0
2017-05-17,AMZN,944.76,False,False,935.2370000000001,889.9171666666666,1,0,1,0.5018146954224717,0,0,0,0
2017-05-17,BAC,22.57,False,True,23.6775,23.90916666666667,0,1,1,0.4970958479582917,0,0,0,1
2017-05-17,FB,144.85,False,False,148.95499999999998,142.6125,1,0,1,0.5392601237495909,0,0,0,0
2017-05-17,GOOG,919.62,False,False,907.2225000000001,857.2911666666666,1,0,1,0.4701203881510852,0,0,0,0
2017-05-17,GOOGL,942.17,False,False,928.1265,876.9789999999999,1,0,1,0.49083228195030154,0,0,0,0
2017-05-17,MSFT,67.48,True,False,68.348,66.09116666666667,1,0,1,0.571807751734423,1,0,1,0
2017-05-17,NVDA,127.72,False,True,111.34499999999998,105.51966666666667,1,0,1,0.38677416550886645,0,1,0,1
2017-05-18,AAPL,152.54,True,False,149.12349999999998,143.618,1,0,1,0.6356262509021278,1,0,1,0
2017-05-18,AMZN,958.49,True,False,938.0584999999999,891.6318333333332,1,0,1,0.634055612907473,1,0,1,0
2017-05-18,BAC,22.74,False,True,23.660999999999998,23.875,0,1,1,0.5997130372789126,1,0,0,1
2017-05-18,FB,147.66,True,False,149.148,142.80483333333333,1,0,1,0.6423429564344332,1,0,1,0
2017-05-18,GOOG,930.24,True,False,911.6519999999998,858.9491666666667,1,0,1,0.6410038480849151,1,0,1,0
2017-05-18,GOOGL,950.5,True,False,932.6475,878.6313333333333,1,0,1,0.6362321865352109,1,0,1,0
2017-05-18,MSFT,67.71,True,False,68.4585,66.147,1,0,1,0.5944041184079925,1,0,1,0
2017-05-18,NVDA,133.07,False,False,112.9355,105.8915,1,0,0,0.4543198420421109,0,0,0,0
2017-05-19,AAPL,153.06,True,False,149.66299999999998,143.89350000000002,1,0,1,0.5987319918647642,1,0,1,0
2017-05-19,AMZN,959.84,True,False,941.124,893.426,1,0,1,0.5974008480435731,1,0,1,0
2017-05-19,BAC,23.05,False,True,23.678,23.8495,0,1,1,0.5630202623356246,1,0,0,1
2017-05-19,FB,148.06,True,False,149.36700000000002,143.0165,1,0,1,0.5997130372789126,1,0,1,0
2017-05-19,GOOG,934.01,True,False,916.193,860.6605000000001,1,0,1,0.6104808340769271,1,0,1,0
2017-05-19,GOOGL,954.65,True,False,937.4325000000001,880.3588333333333,1,0,1,0.6222917483104217,1,0,1,0
2017-05-19,MSFT,67.69,True,False,68.523,66.19816666666667,1,0,1,0.5997130372789126,1,0,1,0
2017-05-19,NVDA,136.0,False,False,114.65150000000001,106.48333333333333,1,0,0,0.508401668646607,0,0,0,0
2017-05-22,AAPL,153.99,True,False,150.1805,144.18233333333333,1,0,1,0.5912644664657556,1,0,1,0
2017-05-22,AMZN,970.67,True,False,944.287,895.5165,1,0,1,0.6101398424476704,1,0,1,0
2017-05-22,BAC,23.04,False,True,23.648500000000002,23.829666666666665,0,1,1,0.5997130372789126,1,0,0,1
2017-05-22,FB,148.24,True,False,149.5055,143.22983333333332,1,0,1,0.5997130372789126,1,0,1,0
2017-05-22,GOOG,941.86,False,False,920.1480000000001,862.5475000000001,1,0,0,0.6536246184924237,1,0,0,0
2017-05-22,GOOGL,964.07,False,False,941.6895000000001,882.2965,1,0,0,0.6493679988105275,1,0,0,0
2017-05-22,MSFT,68.45,True,False,68.56899999999999,66.262,1,0,1,0.5998352879665553,1,0,1,0
2017-05-22,NVDA,138.9,False,False,116.449,107.10733333333334,1,0,0,0.4792059188849495,0,0,0,0
2017-05-23,AAPL,153.8,True,False,150.644,144.4635,1,0,1,0.5946977809684196,1,0,1,0
2017-05-23,AMZN,971.54,True,False,947.483,897.5648333333334,1,0,1,0.6008174915264588,1,0,1,0
2017-05-23,BAC,23.39,False,True,23.619,23.810000000000002,0,1,1,0.5506280391197105,1,0,0,1
2017-05-23,FB,148.07,True,False,149.5845,143.42416666666665,1,0,1,0.5997130372789126,1,0,1,0
2017-05-23,GOOG,948.82,False,False,923.9739999999999,864.5398333333334,1,0,0,0.6559925752822794,1,0,0,0
2017-05-23,GOOGL,970.55,False,False,945.775,884.3111666666667,1,0,0,0.6336279524040548,1,0,0,0
2017-05-23,MSFT,68.68,True,False,68.607,66.33616666666667,1,0,1,0.5934978178798347,1,0,1,0
2017-05-23,NVDA,137.03,False,False,118.0635,107.65100000000001,1,0,0,0.5826600936253041,1,0,0,0
2017-05-24,AAPL,153.34,True,False,151.127,144.736,1,0,1,0.5997130372789126,1,0,1,0
2017-05-24,AMZN,980.35,False,False,951.0360000000001,899.8199999999999,1,0,0,0.5939696046020437,1,0,0,0
2017-05-24,BAC,23.36,False,True,23.5925,23.788,0,1,1,0.5574698774742203,1,0,0,1
2017-05-24,FB,150.04,True,False,149.7585,143.66583333333335,1,0,1,0.5734839763433468,1,0,1,0
2017-05-24,GOOG,954.96,False,False,928.1355,866.7356666666667,1,0,0,0.6127475533467551,1,0,0,0
2017-05-24,GOOGL,977.61,False,False,950.1985000000001,886.5225000000002,1,0,0,0.6043452357872864,1,0,0,0
2017-05-24,MSFT,68.77,True,False,68.654,66.416,1,0,1,0.5997130372789126,1,0,1,0
2017-05-24,NVDA,138.57,False,False,119.79100000000001,108.26916666666666,1,0,0,0.5699384614167038,1,0,0,0
2017-05-25,AAPL,153.87,True,False,151.631,144.97066666666666,1,0,1,0.6013657713297348,1,0,1,0
2017-05-25,AMZN,993.38,False,False,954.7860000000001,902.1583333333333,1,0,0,0.614464783086309,1,0,0,0
2017-05-25,BAC,23.25,False,True,23.5725,23.7505,0,1,1,0.5692244966467672,1,0,0,1
2017-05-25,FB,151.96,True,False,149.97150000000002,143.90816666666666,1,0,1,0.5899093526403372,1,0,1,0
2017-05-25,GOOG,969.54,False,False,932.9,868.974,1,0,0,0.6257802429120759,1,0,0,0
2017-05-25,GOOGL,991.86,False,False,955.2194999999999,888.7743333333334,1,0,0,0.6271664777841749,1,0,0,0
2017-05-25,MSFT,69.62,True,False,68.7215,66.494,1,0,1,0.6126084789168945,1,0,1,0
2017-05-25,NVDA,138.26,False,False,121.42199999999998,108.86033333333333,1,0,0,0.5892374397604259,1,0,0,0
2017-05-26,AAPL,153.61,True,False,152.129,145.21483333333336,1,0,1,0.5997130372789126,1,0,1,0
2017-05-26,AMZN,995.78,False,False,958.3254999999999,904.6061666666667,1,0,0,0.5688578867673589,1,0,0,0
2017-05-26,BAC,23.24,False,True,23.5675,23.717333333333332,0,1,1,0.5660495583142575,1,0,0,1
2017-05-26,FB,152.13,True,False,150.06550000000001,144.16433333333333,1,0,1,0.5997130372789126,1,0,1,0
2017-05-26,GOOG,971.47,False,False,936.1755,871.3213333333333,1,0,0,0.6048293281519636,1,0,0,0
2017-05-26,GOOGL,993.27,False,False,958.6569999999999,891.1646666666667,1,0,0,0.5969017892522583,1,0,0,0
2017-05-26,MSFT,69.96,True,False,68.79650000000001,66.59316666666668,1,0,1,0.5997130372789126,1,0,1,0
2017-05-26,NVDA,141.84,False,False,123.299,109.57433333333333,1,0,0,0.5378392823237144,0,0,0,0
2017-05-30,AAPL,153.67,True,False,152.4835,145.44633333333334,1,0,1,0.5997130372789126,1,0,1,0
2017-05-30,AMZN,996.7,False,False,960.749,907.0531666666667,1,0,0,0.5559271992380156,1,0,0,0
2017-05-30,BAC,22.91,False,True,23.5325,23.675166666666666,0,1,1,0.5997130372789126,1,0,0,1
2017-05-30,FB,152.38,True,False,150.0615,144.41783333333333,1,0,1,0.5997130372789126,1,0,1,0
2017-05-30,GOOG,975.88,False,False,939.341,873.768,1,0,0,0.6039654216397761,1,0,0,0
2017-05-30,GOOGL,996.17,False,False,961.8245000000001,893.6161666666667,1,0,0,0.5969650039837062,1,0,0,0
2017-05-30,MSFT,70.41,True,False,68.84649999999999,66.69583333333334,1,0,1,0.6048342302586385,1,0,1,0
2017-05-30,NVDA,144.87,False,False,125.21049999999998,110.34833333333333,1,0,0,0.5707278028658496,1,0,0,0
2017-05-31,AAPL,152.76,True,False,152.746,145.67000000000002,1,0,1,0.5997130372789126,1,0,1,0
2017-05-31,AMZN,994.62,False,False,963.133,909.5200000000001,1,0,0,0.564875938316704,1,0,0,0
2017-05-31,BAC,22.41,False,True,23.4765,23.62783333333333,0,1,1,0.5567854591221543,1,0,0,1
2017-05-31,FB,151.46,True,False,149.9955,144.65183333333334,1,0,1,0.5630130201219469,1,0,1,0
2017-05-31,GOOG,964.86,False,False,941.762,876.0526666666667,1,0,0,0.48477290081719654,0,0,0,0
2017-05-31,GOOGL,987.09,False,False,964.3245000000001,895.9465,1,0,0,0.5294950516482568,0,0,0,0
2017-05-31,MSFT,69.84,False,False,68.8735,66.78866666666667,1,0,1,0.4957875016732898,0,0,0,0
2017-05-31,NVDA,144.35,False,False,127.25399999999999,111.12633333333333,1,0,0,0.5719888941261371,1,0,0,0
2017-06-01,AAPL,153.18,True,False,153.052,145.89766666666665,1,0,1,0.6071691225169232,1,0,1,0
2017-06-01,AMZN,995.95,False,False,965.8790000000001,912.0188333333333,1,0,0,0.5608791858712587,1,0,0,0
2017-06-01,BAC,22.63,False,True,23.4195,23.584833333333336,0,1,1,0.5834658395225566,1,0,0,1
2017-06-01,FB,151.53,True,False,149.982,144.88899999999998,1,0,1,0.5997130372789126,1,0,1,0
2017-06-01,GOOG,966.95,False,False,943.7575,878.3033333333333,1,0,0,0.6264657202218642,1,0,0,0
2017-06-01,GOOGL,988.29,False,False,966.3165000000001,898.2321666666667,1,0,0,0.6111184878521911,1,0,0,0
2017-06-01,MSFT,70.1,True,False,68.9245,66.88366666666667,1,0,1,0.598042304055763,1,0,1,0
2017-06-01,NVDA,144.36,False,False,129.25949999999997,111.88666666666667,1,0,0,0.5997130372789126,1,0,0,0
2017-06-02,AAPL,155.45,True,False,153.498,146.17183333333332,1,0,1,0.6415989182334865,1,0,1,0
2017-06-02,AMZN,1006.73,False,False,969.3389999999999,914.6226666666666,1,0,0,0.6190132818990559,1,0,0,0
2017-06-02,BAC,22.45,False,True,23.3495,23.538000000000004,0,1,1,0.5997130372789126,1,0,0,1
2017-06-02,FB,153.61,True,False,150.11999999999998,145.15383333333332,1,0,1,0.6393558720511756,1,0,1,0
2017-06-02,GOOG,975.6,False,False,945.9545,880.6405,1,0,0,0.642817316276186,1,0,0,0
2017-06-02,GOOGL,996.12,False,False,968.3865,900.6068333333333,1,0,0,0.6412518537953735,1,0,0,0
2017-06-02,MSFT,71.76,False,False,69.072,66.9965,1,0,0,0.6506313984423948,1,0,0,0
2017-06-02,NVDA,143.64,False,False,131.249,112.638,1,0,0,0.5970972065722864,1,0,0,0
2017-06-05,AAPL,153.93,True,False,153.7465,146.426,1,0,1,0.5713401635431105,1,0,1,0
2017-06-05,AMZN,1011.34,False,False,973.1985000000001,917.2616666666667,1,0,0,0.5242454575306125,0,0,0,0
2017-06-05,BAC,22.41,False,True,23.282999999999998,23.488999999999997,0,1,1,0.5997130372789126,1,0,0,1
2017-06-05,FB,153.63,True,False,150.2895,145.41033333333334,1,0,1,0.5990531779645657,1,0,1,0
2017-06-05,GOOG,983.68,False,False,948.7819999999999,883.0571666666667,1,0,0,0.6414503332856735,1,0,0,0
2017-06-05,GOOGL,1003.88,False,False,971.0665000000001,903.0408333333334,1,0,0,0.6614009573095505,1,0,0,0
2017-06-05,MSFT,72.28,False,False,69.236,67.12233333333333,1,0,0,0.5853390399955761,1,0,0,0
2017-06-05,NVDA,148.01,False,False,133.4565,113.4625,1,0,0,0.5619901940564779,1,0,0,0
2017-06-06,AAPL,154.45,True,False,153.81850000000003,146.68116666666666,1,0,1,0.5869533770210426,1,0,1,0
2017-06-06,AMZN,1003.0,False,False,975.8965000000001,919.7706666666667,1,0,0,0.5820004649790952,1,0,0,0
2017-06-06,BAC,22.23,False,True,23.1965,23.437666666666665,0,1,1,0.5997130372789126,1,0,0,1
2017-06-06,FB,152.81,True,False,150.377,145.64399999999998,1,0,1,0.5997130372789126,1,0,1,0
2017-06-06,GOOG,976.57,False,False,950.8955,885.2791666666667,1,0,0,0.5724698972357263,1,0,0,0
2017-06-06,GOOGL,996.68,False,False,972.966,905.2954166666666,1,0,0,0.5773021344650198,1,0,0,0
2017-06-06,MSFT,72.52,False,False,69.41499999999999,67.24883333333334,1,0,0,0.5839416808970183,1,0,0,0
2017-06-06,NVDA,147.34,False,False,135.685,114.26616666666665,1,0,0,0.5937210790174215,1,0,0,0
2017-06-07,AAPL,155.37,True,False,153.8875,146.95066666666668,1,0,1,0.6050751084476033,1,0,1,0
2017-06-07,AMZN,1010.07,False,False,978.759,922.362,1,0,0,0.5813115346571588,1,0,0,0
2017-06-07,BAC,22.6,False,True,23.1275,23.39266666666667,0,1,1,0.5594102918455515,1,0,0,1
2017-06-07,FB,153.12,True,False,150.50900000000001,145.86933333333334,1,0,1,0.5997130372789126,1,0,1,0
2017-06-07,GOOG,981.08,False,False,953.341,887.5381666666667,1,0,0,0.6116969092847713,1,0,0,0
2017-06-07,GOOGL,1001.59,False,False,975.2099999999998,907.5789166666667,1,0,0,0.6321951240904213,1,0,0,0
2017-06-07,MSFT,72.39,False,False,69.58250000000001,67.37683333333334,1,0,0,0.5896602975822512,1,0,0,0
2017-06-07,NVDA,149.12,False,False,137.994,115.054,1,0,0,0.6059355066383323,1,0,0,0
2017-06-08,AAPL,154.99,True,False,153.974,147.21733333333333,1,0,1,0.5997130372789126,1,0,1,0
2017-06-08,AMZN,1010.27,False,False,981.825,924.9910000000001,1,0,0,0.598297298150355,1,0,0,0
2017-06-08,BAC,22.97,False,True,23.0685,23.353499999999997,0,1,1,0.5607684065874199,1,0,0,1
2017-06-08,FB,154.71,True,False,150.73000000000002,146.12583333333336,1,0,1,0.6190825626663443,1,0,1,0
2017-06-08,GOOG,983.41,False,False,956.0725,889.8346666666667,1,0,0,0.5985596694521532,1,0,0,0
2017-06-08,GOOGL,1004.28,False,False,977.682,909.8850833333332,1,0,0,0.5944501559386929,1,0,0,0
2017-06-08,MSFT,71.95,True,False,69.71450000000002,67.5025,1,0,1,0.5695772079859359,1,0,1,0
2017-06-08,NVDA,159.94,False,False,139.9265,116.02333333333334,1,0,0,0.5163038667627404,0,0,0,0
2017-06-09,AAPL,148.98,True,False,153.72549999999998,147.35933333333332,1,0,1,0.5886228735601355,1,0,1,0
2017-06-09,AMZN,978.31,True,False,983.3595000000001,927.08,1,0,1,0.5550441173501527,1,0,1,0
2017-06-09,BAC,23.67,False,True,23.048499999999997,23.328333333333333,0,1,1,0.5806192769543453,1,0,0,1
2017-06-09,FB,149.6,False,False,150.70800000000003,146.2905,1,0,1,0.5499728718143477,0,0,0,0
2017-06-09,GOOG,949.83,True,False,957.034,891.5451666666667,1,0,1,0.5592319649616421,1,0,1,0
2017-06-09,GOOGL,970.12,True,False,978.3934999999999,911.5805833333333,1,0,1,0.5628352696424928,1,0,1,0
2017-06-09,MSFT,70.32,False,False,69.8075,67.59533333333333,1,0,1,0.5245759395854658,0,0,0,0
2017-06-09,NVDA,149.6,False,True,141.0815,116.80749999999999,1,0,1,0.42981682969342916,0,1,0,1
2017-06-12,AAPL,145.42,True,False,153.1915,147.43816666666666,1,0,1,0.6504449346755335,1,0,1,0
2017-06-12,AMZN,964.91,True,False,983.5375,928.9381666666667,1,0,1,0.6048237254554376,1,0,1,0
2017-06-12,BAC,23.78,False,True,23.0375,23.304333333333332,0,1,1,0.5726119450049084,1,0,0,1
2017-06-12,FB,148.44,True,False,150.6135,146.43133333333333,1,0,1,0.605758068378235,1,0,1,0
2017-06-12,GOOG,942.9,True,False,957.568,893.1138333333333,1,0,1,0.5892432269175003,1,0,1,0
2017-06-12,GOOGL,961.81,True,False,978.7270000000001,913.1107499999999,1,0,1,0.5964521044743475,1,0,1,0
2017-06-12,MSFT,69.78,True,False,69.8775,67.681,1,0,1,0.6154135606784066,1,0,1,0
2017-06-12,NVDA,149.97,True,False,142.1855,117.57683333333333,1,0,1,0.5741554697571336,1,0,1,0
2017-06-13,AAPL,146.59,True,False,152.73600000000002,147.54816666666665,1,0,1,0.6262746949876291,1,0,1,0
2017-06-13,AMZN,980.79,True,False,984.6785,931.0794999999999,1,0,1,0.558075482459279,1,0,1,0
2017-06-13,BAC,23.77,False,True,23.023000000000003,23.286166666666663,0,1,1,0.5538402202295245,1,0,0,1
2017-06-13,FB,150.68,True,False,150.638,146.612,1,0,1,0.6102283440499331,1,0,1,0
2017-06-13,GOOG,953.4,False,False,958.384,894.8018333333333,1,0,1,0.5307716774276846,0,0,0,0
2017-06-13,GOOGL,970.5,False,False,979.2909999999999,914.74625,1,0,1,0.5049882156222729,0,0,0,0
2017-06-13,MSFT,70.65,True,False,69.9885,67.77733333333335,1,0,1,0.574994604088289,1,0,1,0
2017-06-13,NVDA,151.4,True,False,143.04,118.33233333333334,1,0,1,0.5805587607729192,1,0,1,0
2017-06-14,AAPL,145.16,True,False,152.2205,147.60983333333334,1,0,1,0.5997130372789126,1,0,1,0
2017-06-14,AMZN,976.47,False,False,985.1985000000001,933.0711666666666,1,0,1,0.5152937410349743,0,0,0,0
2017-06-14,BAC,23.76,False,True,23.0115,23.274833333333333,0,1,1,0.5401501482329816,0,0,0,1
2017-06-14,FB,150.25,True,False,150.6615,146.78383333333332,1,0,1,0.5997130372789126,1,0,1,0
2017-06-14,GOOG,950.76,False,False,958.7719999999999,896.5078333333333,1,0,1,0.4630623678657178,0,0,0,0
2017-06-14,GOOGL,967.93,False,False,979.4570000000001,916.41325,1,0,1,0.4621014872294925,0,0,0,0
2017-06-14,MSFT,70.27,True,False,70.03150000000001,67.86633333333333,1,0,1,0.5997130372789126,1,0,1,0
2017-06-14,NVDA,151.72,True,False,143.7855,119.03683333333333,1,0,1,0.5769356564423047,1,0,1,0
2017-06-15,AAPL,144.29,True,False,151.92249999999999,147.68400000000003,1,0,1,0.6055037357970321,1,0,1,0
2017-06-15,AMZN,964.17,True,False,986.1690000000001,935.0873333333333,1,0,1,0.5907660389025602,1,0,1,0
2017-06-15,BAC,23.54,False,True,23.060000000000002,23.283500000000004,0,1,1,0.5563917372519336,1,0,0,1
2017-06-15,FB,149.8,True,False,150.90900000000002,146.97200000000004,1,0,1,0.5997130372789126,1,0,1,0
2017-06-15,GOOG,942.31,True,False,959.9065,898.372,1,0,1,0.5549491856664971,1,0,1,0
2017-06-15,GOOGL,960.18,True,False,980.3574999999998,918.24725,1,0,1,0.5554966859449573,1,0,1,0
2017-06-15,MSFT,69.9,True,False,70.1525,67.96116666666667,1,0,1,0.5997130372789126,1,0,1,0
2017-06-15,NVDA,152.37,True,False,145.018,119.81116666666667,1,0,1,0.6954461216034932,1,0,1,0
2017-06-16,AAPL,142.27,True,False,151.409,147.69816666666668,1,0,1,0.6243917538060126,1,0,1,0
2017-06-16,AMZN,987.71,True,False,987.6300000000001,937.4148333333334,1,0,1,0.6061383449270694,1,0,1,0
2017-06-16,BAC,23.43,False,True,23.0945,23.291666666666668,0,1,1,0.5854246183498958,1,0,0,1
2017-06-16,FB,150.64,False,False,151.05800000000002,147.15616666666668,1,0,1,0.5425552657793624,0,0,0,0
2017-06-16,GOOG,939.78,False,False,960.3835000000001,900.2085,1,0,1,0.534816804740457,0,0,0,0
2017-06-16,GOOGL,958.62,False,False,980.7635,920.0609166666668,1,0,1,0.5010932907407248,0,0,0,0
2017-06-16,MSFT,70.0,False,False,70.267,68.044,1,0,1,0.5393507130739653,0,0,0,0
2017-06-16,NVDA,151.62,True,False,145.94549999999998,120.537,1,0,1,0.5586068328723581,1,0,1,0
2017-06-19,AAPL,146.34,False,False,151.073,147.78850000000003,1,0,1,0.524072448347186,0,0,0,0
2017-06-19,AMZN,995.17,False,False,989.3965000000001,939.878,1,0,1,0.5107023608928086,0,0,0,0
2017-06-19,BAC,23.91,False,True,23.1375,23.305666666666664,0,1,1,0.5724324207337765,1,0,0,1
2017-06-19,FB,152.87,True,False,151.2985,147.3785,1,0,1,0.5699825001403319,1,0,1,0
2017-06-19,GOOG,957.37,False,False,961.5514999999999,902.5383333333334,1,0,1,0.5057455546334007,0,0,0,0
2017-06-19,GOOGL,975.22,False,False,981.7919999999998,922.3204166666667,1,0,1,0.49540677961470864,0,0,0,0
2017-06-19,MSFT,70.87,True,False,70.426,68.144,1,0,1,0.6056810036929664,1,0,1,0
2017-06-19,NVDA,157.32,False,False,147.0115,121.37416666666667,1,0,0,0.5666201886149874,1,0,0,0
2017-06-20,AAPL,145.01,True,False,150.62399999999997,147.8613333333333,1,0,1,0.5997130372789126,1,0,1,0
2017-06-20,AMZN,992.59,False,False,990.4925,942.3276666666666,1,0,1,0.4947512963469834,0,0,0,0
2017-06-20,BAC,23.49,False,True,23.16,23.311833333333333,0,1,1,0.5997130372789126,1,0,0,1
2017-06-20,FB,152.25,True,False,151.499,147.57700000000003,1,0,1,0.5947064577204767,1,0,1,0
2017-06-20,GOOG,950.63,False,True,961.99,904.8083333333333,1,0,1,0.4482886974943901,0,1,0,1
2017-06-20,GOOGL,968.99,False,True,982.0379999999999,924.5512500000001,1,0,1,0.43191409260348707,0,1,0,1
2017-06-20,MSFT,69.91,True,False,70.499,68.22616666666667,1,0,1,0.5997130372789126,1,0,1,0
2017-06-20,NVDA,157.09,False,False,147.921,122.20116666666668,1,0,0,0.5283922620772527,0,0,0,0
2017-06-21,AAPL,145.87,True,False,150.22750000000002,147.9445,1,0,1,0.5937974331141015,1,0,1,0
2017-06-21,AMZN,1002.23,True,False,992.0269999999998,944.9178333333333,1,0,1,0.5797904901943879,1,0,1,0
2017-06-21,BAC,23.13,False,True,23.147,23.313499999999998,0,1,1,0.5997130372789126,1,0,0,1
2017-06-21,FB,153.91,True,False,151.791,147.8035,1,0,1,0.602856841249563,1,0,1,0
2017-06-21,GOOG,959.45,False,False,962.5215000000001,907.1406666666667,1,0,1,0.5063922188786075,0,0,0,0
2017-06-21,GOOGL,978.59,False,False,982.4399999999999,926.8859166666666,1,0,1,0.5048703098838394,0,0,0,0
2017-06-21,MSFT,70.27,True,False,70.57849999999999,68.31233333333333,1,0,1,0.5997130372789126,1,0,1,0
2017-06-21,NVDA,159.47,False,False,149.043,123.05483333333333,1,0,0,0.5802300319902669,1,0,0,0
2017-06-22,AAPL,145.63,True,False,149.842,147.975,1,0,1,0.5862963769139883,1,0,1,0
2017-06-22,AMZN,1001.3,True,False,993.0745000000001,947.3394999999999,1,0,1,0.5997130372789126,1,0,1,0
2017-06-22,BAC,22.93,False,True,23.1255,23.304333333333332,0,1,1,0.5997130372789126,1,0,0,1
2017-06-22,FB,153.4,True,False,151.959,147.9975,1,0,1,0.5860657242388605,1,0,1,0
2017-06-22,GOOG,957.09,False,False,962.628,909.4101666666667,1,0,1,0.5423131596034704,0,0,0,0
2017-06-22,GOOGL,976.62,False,False,982.3904999999999,929.1524166666667,1,0,1,0.5296824723343075,0,0,0,0
2017-06-22,MSFT,70.26,True,False,70.65299999999999,68.39516666666667,1,0,1,0.5970397063095642,1,0,1,0
2017-06-22,NVDA,158.37,False,False,150.033,123.8995,1,0,0,0.5893392686916429,1,0,0,0
2017-06-23,AAPL,146.28,True,False,149.4625,148.011,1,0,1,0.580840883585392,1,0,1,0
2017-06-23,AMZN,1003.74,True,False,993.5925,949.4965,1,0,1,0.6007692706637647,1,0,1,0
2017-06-23,BAC,22.82,False,True,23.104,23.2955,0,1,1,0.5997130372789126,1,0,0,1
2017-06-23,FB,155.07,True,False,152.1145,148.2045,1,0,1,0.5966384892978979,1,0,1,0
2017-06-23,GOOG,965.59,False,False,962.4305,911.6465000000001,1,0,1,0.5246793741267453,0,0,0,0
2017-06-23,GOOGL,986.09,False,False,982.1019999999999,931.42275,1,0,1,0.5289164946973004,0,0,0,0
2017-06-23,MSFT,71.21,True,False,70.73249999999999,68.49083333333333,1,0,1,0.6038218890945044,1,0,1,0
2017-06-23,NVDA,153.83,False,False,150.81149999999997,124.67433333333334,1,0,1,0.5102902966324051,0,0,0,0
2017-06-26,AAPL,145.82,True,False,149.073,148.0425,1,0,1,0.5997130372789126,1,0,1,0
2017-06-26,AMZN,993.98,True,False,993.5024999999999,951.4571666666667,1,0,1,0.5724663058382985,1,0,1,0
2017-06-26,BAC,22.89,False,True,23.0865,23.279166666666665,0,1,1,0.5785211287570945,1,0,0,1
2017-06-26,FB,153.59,True,False,152.1875,148.39083333333335,1,0,1,0.5859653256147214,1,0,1,0
2017-06-26,GOOG,952.27,False,False,961.4705,913.6593333333333,1,0,1,0.5441065489635529,0,0,0,0
2017-06-26,GOOGL,972.09,True,False,981.043,933.46625,1,0,1,0.5564053824482692,1,0,1,0
2017-06-26,MSFT,70.53,True,False,70.761,68.57116666666666,1,0,1,0.587863157436222,1,0,1,0
2017-06-26,NVDA,152.15,True,False,151.327,125.38683333333333,1,0,1,0.5747007644405916,1,0,1,0
2017-06-27,AAPL,143.73,True,False,148.576,148.04366666666664,1,0,1,0.5997130372789126,1,0,1,0
2017-06-27,AMZN,976.78,True,False,992.5065000000001,952.9611666666666,1,0,1,0.5906843750193173,1,0,1,0
2017-06-27,BAC,23.27,False,True,23.104499999999998,23.273833333333336,0,1,1,0.5928918598976576,1,0,0,1
2017-06-27,FB,150.58,True,False,152.09750000000003,148.533,1,0,1,0.5997130372789126,1,0,1,0
2017-06-27,GOOG,927.33,True,False,959.043,915.2888333333334,1,0,1,0.6133262527870214,1,0,1,0
2017-06-27,GOOGL,948.09,True,False,978.6389999999999,935.13775,1,0,1,0.6092658975233356,1,0,1,0
2017-06-27,MSFT,69.21,True,False,70.701,68.627,1,0,1,0.5997130372789126,1,0,1,0
2017-06-27,NVDA,146.58,True,False,151.4125,126.01433333333333,1,0,1,0.5706447531455368,1,0,1,0
2017-06-28,AAPL,145.83,True,False,148.2295,148.07916666666668,1,0,1,0.5741263768357118,1,0,1,0
2017-06-28,AMZN,990.33,True,False,992.292,954.6081666666666,1,0,1,0.6022903549673366,1,0,1,0
2017-06-28,BAC,23.88,False,True,23.177999999999997,23.278666666666666,0,1,1,0.6263680484527538,1,0,0,1
2017-06-28,FB,153.24,True,False,152.1865,148.71566666666666,1,0,1,0.5837755413003248,1,0,1,0
2017-06-28,GOOG,940.49,True,False,957.8245000000001,916.9878333333332,1,0,1,0.564464683526341,1,0,1,0
2017-06-28,GOOGL,961.01,True,False,977.335,936.8754166666666,1,0,1,0.5657273049205876,1,0,1,0
2017-06-28,MSFT,69.8,True,False,70.69899999999998,68.69783333333334,1,0,1,0.5902593249380844,1,0,1,0
2017-06-28,NVDA,151.75,True,False,151.78249999999997,126.73716666666665,1,0,1,0.6222646593698495,1,0,1,0
2017-06-29,AAPL,143.68,False,True,147.75449999999998,148.061,0,1,1,0.5997130372789126,1,0,0,1
2017-06-29,AMZN,975.93,True,False,991.2909999999999,955.7598333333333,1,0,1,0.580516946599485,1,0,1,0
2017-06-29,BAC,24.32,False,True,23.2625,23.293333333333337,0,1,1,0.5851637024699724,1,0,0,1
2017-06-29,FB,151.04,True,False,152.16199999999998,148.87083333333334,1,0,1,0.5967285528194628,1,0,1,0
2017-06-29,GOOG,917.79,True,False,955.3664999999999,918.3748333333333,1,0,1,0.6340510417887371,1,0,1,0
2017-06-29,GOOGL,937.82,True,False,974.8115,938.29625,1,0,1,0.6324639500990226,1,0,1,0
2017-06-29,MSFT,68.49,True,False,70.6185,68.74383333333334,1,0,1,0.5997130372789126,1,0,1,0
2017-06-29,NVDA,146.68,True,False,151.8985,127.50216666666667,1,0,1,0.6093669295052095,1,0,1,0
2017-06-30,AAPL,144.02,False,True,147.183,148.061,0,1,1,0.5997130372789126,1,0,0,1
2017-06-30,AMZN,968.0,True,False,989.3545,956.7384999999999,1,0,1,0.5932474902792699,1,0,1,0
2017-06-30,BAC,24.26,True,False,23.353,23.311500000000002,1,0,1,0.5557326668627538,1,0,1,0
2017-06-30,FB,150.98,True,False,152.03050000000002,149.02300000000002,1,0,1,0.5997130372789126,1,0,1,0
2017-06-30,GOOG,908.73,True,False,952.0230000000001,919.6635000000001,1,0,1,0.6374207169276105,1,0,1,0
2017-06-30,GOOGL,929.68,True,False,971.4895,939.6424166666667,1,0,1,0.6413217946672369,1,0,1,0
2017-06-30,MSFT,68.93,True,False,70.477,68.8,1,0,1,0.5853583047269947,1,0,1,0
2017-06-30,NVDA,144.56,True,False,151.9445,128.24433333333334,1,0,1,0.6114265878324552,1,0,1,0
2017-07-03,AAPL,143.5,False,True,146.6615,148.05833333333334,0,1,1,0.5826008720457208,1,0,0,1
2017-07-03,AMZN,953.66,True,False,986.4705,957.6615,1,0,1,0.6093645463008458,1,0,1,0
2017-07-03,BAC,24.68,True,False,23.466500000000003,23.33516666666667,1,0,1,0.5950036591588787,1,0,1,0
2017-07-03,FB,148.43,True,False,151.77050000000003,149.14400000000003,1,0,1,0.5997130372789126,1,0,1,0
2017-07-03,GOOG,898.7,True,False,947.774,920.8438333333332,1,0,1,0.620631618658439,1,0,1,0
2017-07-03,GOOGL,919.46,True,False,967.2684999999999,940.8818333333332,1,0,1,0.6232123940771226,1,0,1,0
2017-07-03,MSFT,68.17,True,False,70.2715,68.84066666666668,1,0,1,0.5997130372789126,1,0,1,0
2017-07-03,NVDA,139.33,True,False,151.5105,128.88716666666667,1,0,1,0.5868388028727126,1,0,1,0
2017-07-05,AAPL,144.09,False,True,146.1435,148.07083333333333,0,1,1,0.5727365176188549,1,0,0,1
2017-07-05,AMZN,971.4,False,False,984.8905000000001,958.9368333333333,1,0,1,0.5069768342901246,0,0,0,0
2017-07-05,BAC,24.92,True,False,23.601,23.3645,1,0,1,0.5672626194984017,1,0,1,0
2017-07-05,FB,150.34,True,False,151.647,149.30333333333334,1,0,1,0.6047883806479727,1,0,1,0
2017-07-05,GOOG,911.71,False,True,944.5310000000002,922.2945,1,0,1,0.44250167714024813,0,1,0,1
2017-07-05,GOOGL,932.26,False,False,964.0475,942.3845,1,0,1,0.45615558337435774,0,0,0,0
2017-07-05,MSFT,69.08,True,False,70.0995,68.89733333333334,1,0,1,0.5813795763659103,1,0,1,0
2017-07-05,NVDA,143.05,True,False,151.296,129.59916666666666,1,0,1,0.612061075206136,1,0,1,0
2017-07-06,AAPL,142.73,False,True,145.5115,148.0635,0,1,1,0.5997130372789126,1,0,0,1
2017-07-06,AMZN,965.14,True,False,982.644,959.9051666666667,1,0,1,0.5534038794442669,1,0,1,0
2017-07-06,BAC,24.71,False,False,23.7065,23.392666666666667,1,0,1,0.5476650016895853,0,0,0,0
2017-07-06,FB,148.82,True,False,151.432,149.43300000000002,1,0,1,0.5997130372789126,1,0,1,0
2017-07-06,GOOG,906.69,True,False,940.8115,923.6605000000001,1,0,1,0.5507601778187875,1,0,1,0
2017-07-06,GOOGL,927.69,True,False,960.3525000000002,943.8176666666667,1,0,1,0.5781330498800189,1,0,1,0
2017-07-06,MSFT,68.57,True,False,69.90849999999999,68.94800000000001,1,0,1,0.5997130372789126,1,0,1,0
2017-07-06,NVDA,143.48,True,False,151.014,130.361,1,0,1,0.6221322050253991,1,0,1,0
2017-07-07,AAPL,144.18,False,True,144.971,148.10600000000002,0,1,1,0.558040228039886,1,0,0,1
2017-07-07,AMZN,978.76,True,False,981.0685,961.1785,1,0,1,0.5587490967726859,1,0,1,0
2017-07-07,BAC,24.83,True,False,23.799500000000002,23.4245,1,0,1,0.5985748067575151,1,0,1,0
2017-07-07,FB,151.44,True,False,151.2685,149.625,1,0,1,0.6153619983565904,1,0,1,0
2017-07-07,GOOG,918.59,False,False,937.5705,925.2478333333332,1,0,1,0.46615105358615055,0,0,0,0
2017-07-07,GOOGL,940.81,False,False,957.1789999999999,945.4998333333333,1,0,1,0.4742557305984947,0,0,0,0
2017-07-07,MSFT,69.46,True,False,69.78399999999999,69.01433333333333,1,0,1,0.5858089658858586,1,0,1,0
2017-07-07,NVDA,146.76,True,False,150.355,131.17166666666665,1,0,1,0.6210238467157871,1,0,1,0
2017-07-10,AAPL,145.06,False,True,144.775,148.1603333333333,0,1,1,0.5680796343473902,1,0,0,1
2017-07-10,AMZN,996.47,True,False,981.9765,962.8491666666666,1,0,1,0.5649259945060309,1,0,1,0
2017-07-10,BAC,24.89,True,False,23.8605,23.461833333333335,1,0,1,0.5997130372789126,1,0,1,0
2017-07-10,FB,153.5,True,False,151.4635,149.857,1,0,1,0.6092269804784923,1,0,1,0
2017-07-10,GOOG,928.8,True,False,936.519,926.9891666666666,1,0,1,0.5504873265535103,1,0,1,0
2017-07-10,GOOGL,951.0,False,False,956.223,947.3255,1,0,1,0.5441126028290243,0,0,0,0
2017-07-10,MSFT,69.98,True,False,69.767,69.09349999999999,1,0,1,0.5883529617866612,1,0,1,0
2017-07-10,NVDA,153.7,False,False,150.56,132.1115,1,0,1,0.5460398197029347,0,0,0,0
2017-07-11,AAPL,145.53,False,True,144.78050000000002,148.235,0,1,1,0.558815429320063,1,0,0,1
2017-07-11,AMZN,994.13,True,False,983.4375,964.6735,1,0,1,0.5689704702367838,1,0,1,0
2017-07-11,BAC,24.6,True,False,23.901500000000002,23.499499999999998,1,0,1,0.5867309052638391,1,0,1,0
2017-07-11,FB,155.27,True,False,151.805,150.12166666666664,1,0,1,0.5997130372789126,1,0,1,0
2017-07-11,GOOG,930.09,True,False,935.8785,928.7646666666666,1,0,1,0.5932797795291873,1,0,1,0
2017-07-11,GOOGL,953.53,True,False,955.809,949.2146666666666,1,0,1,0.5997130372789126,1,0,1,0
2017-07-11,MSFT,69.99,True,False,69.7775,69.1775,1,0,1,0.5767327162620258,1,0,1,0
2017-07-11,NVDA,155.88,True,False,150.85549999999998,133.11800000000002,1,0,1,0.5878753963866572,1,0,1,0
2017-07-12,AAPL,145.74,False,True,144.738,148.30016666666668,0,1,1,0.5931567287162988,1,0,0,1
2017-07-12,AMZN,1006.51,True,False,984.7235000000001,966.4155,1,0,1,0.6144242580383075,1,0,1,0
2017-07-12,BAC,24.35,True,False,23.930500000000002,23.525166666666667,1,0,1,0.6018829256160314,1,0,1,0
2017-07-12,FB,158.9,True,False,152.216,150.41299999999998,1,0,1,0.6138836539119045,1,0,1,0
2017-07-12,GOOG,943.83,True,False,935.4,930.5423333333333,1,0,1,0.6018829256160314,1,0,1,0
2017-07-12,GOOGL,967.66,True,False,955.667,951.0901666666667,1,0,1,0.6023256087152555,1,0,1,0
2017-07-12,MSFT,71.15,True,False,69.8025,69.272,1,0,1,0.658070735890388,1,0,1,0
2017-07-12,NVDA,162.51,True,False,151.411,134.17266666666666,1,0,1,0.5827258201176994,1,0,1,0
2017-07-13,AAPL,147.77,False,True,144.86849999999998,148.40966666666665,0,1,1,0.6027553639065886,1,0,0,1
2017-07-13,AMZN,1000.63,True,False,985.9315,968.0296666666667,1,0,1,0.5576284172775244,1,0,1,0
2017-07-13,BAC,24.62,True,False,23.9735,23.557,1,0,1,0.6482304579466175,1,0,1,0
2017-07-13,FB,159.26,True,False,152.66649999999998,150.718,1,0,1,0.5806526291425793,1,0,1,0
2017-07-13,GOOG,947.16,True,False,935.22,932.3813333333334,1,0,1,0.5865115415775936,1,0,1,0
2017-07-13,GOOGL,968.85,True,False,955.713,953.0045000000001,1,0,1,0.580363131005474,1,0,1,0
2017-07-13,MSFT,71.77,True,False,69.8775,69.37833333333333,1,0,1,0.6027536998031243,1,0,1,0
2017-07-13,NVDA,160.63,False,False,151.8565,135.195,1,0,1,0.45092154654783545,0,0,0,0
2017-07-14,AAPL,149.04,False,True,145.10600000000002,148.54899999999998,0,1,1,0.6019640348337436,1,0,0,1
2017-07-14,AMZN,1001.81,True,False,987.8134999999999,969.7398333333333,1,0,1,0.6018829256160314,1,0,1,0
2017-07-14,BAC,24.21,True,False,24.006999999999998,23.5815,1,0,1,0.5840518278396434,1,0,1,0
2017-07-14,FB,159.97,True,False,153.175,151.013,1,0,1,0.6025874597706018,1,0,1,0
2017-07-14,GOOG,955.99,True,False,935.9039999999999,934.3443333333333,1,0,1,0.596438201606637,1,0,1,0
2017-07-14,GOOGL,976.91,True,False,956.5495000000001,955.0111666666667,1,0,1,0.5886089693268275,1,0,1,0
2017-07-14,MSFT,72.78,True,False,70.0215,69.50733333333332,1,0,1,0.5667755953909209,1,0,1,0
2017-07-14,NVDA,164.95,False,False,152.4855,136.28283333333331,1,0,1,0.5495106392444312,0,0,0,0
2017-07-17,AAPL,149.56,False,True,145.47050000000002,148.6676666666667,0,1,1,0.60206723908249,1,0,0,1
2017-07-17,AMZN,1010.04,True,False,988.93,971.5395000000001,1,0,1,0.629434641771597,1,0,1,0
2017-07-17,BAC,24.02,True,False,24.0365,23.59733333333333,1,0,1,0.6336468152589517,1,0,1,0
2017-07-17,FB,159.73,True,False,153.6295,151.2785,1,0,1,0.6003377959200044,1,0,1,0
2017-07-17,GOOG,953.42,True,False,936.586,936.2071666666667,1,0,1,0.5879106699137401,1,0,1,0
2017-07-17,GOOGL,975.96,True,False,957.4164999999999,956.9424999999999,1,0,1,0.6018829256160314,1,0,1,0
2017-07-17,MSFT,73.35,True,False,70.189,69.63816666666666,1,0,1,0.5986835517157032,1,0,1,0
2017-07-17,NVDA,164.25,False,False,153.11700000000002,137.33266666666668,1,0,1,0.5381417050396012,0,0,0,0
2017-07-18,AAPL,150.08,False,True,145.6575,148.79783333333336,0,1,1,0.6018829256160314,1,0,0,1
2017-07-18,AMZN,1024.45,True,False,990.394,973.6381666666667,1,0,1,0.6596159811643013,1,0,1,0
2017-07-18,BAC,23.9,True,False,24.036,23.617166666666666,1,0,1,0.6989287582073416,1,0,1,0
2017-07-18,FB,162.86,False,False,154.129,151.59816666666669,1,0,0,0.6205760909007878,1,0,0,0
2017-07-18,GOOG,965.4,False,True,936.9875,938.244,0,1,1,0.6239398199967222,1,0,0,1
2017-07-18,GOOGL,986.95,False,True,958.003,959.0758333333334,0,1,1,0.6282561919679642,1,0,0,1
2017-07-18,MSFT,73.3,False,False,70.31049999999999,69.75316666666667,1,0,1,0.49798318845338757,0,0,0,0
2017-07-18,NVDA,165.96,True,False,153.549,138.404,1,0,1,0.6024763511467274,1,0,1,0
2017-07-19,AAPL,151.02,False,True,145.95800000000003,148.92083333333332,0,1,1,0.6018829256160314,1,0,0,1
2017-07-19,AMZN,1026.87,True,False,992.108,975.6291666666667,1,0,1,0.6200081757517115,1,0,1,0
2017-07-19,BAC,24.06,True,False,24.0645,23.624333333333333,1,0,1,0.5898338947522435,1,0,1,0
2017-07-19,FB,164.14,False,False,154.7235,151.90933333333334,1,0,0,0.5964308390280305,1,0,0,0
2017-07-19,GOOG,970.89,False,True,938.0004999999999,940.0461666666667,0,1,1,0.615317194555521,1,0,0,1
2017-07-19,GOOGL,992.77,False,True,959.192,960.9731666666667,0,1,1,0.6223049280427685,1,0,0,1
2017-07-19,MSFT,73.86,True,False,70.50800000000001,69.85866666666666,1,0,1,0.6168990064747033,1,0,1,0
2017-07-19,NVDA,165.1,True,False,153.9495,139.43983333333333,1,0,1,0.6018829256160314,1,0,1,0
2017-07-20,AAPL,150.34,False,True,146.1815,149.01766666666666,0,1,1,0.5959688076382951,1,0,0,1
2017-07-20,AMZN,1028.7,True,False,993.4315,977.6471666666667,1,0,1,0.6179800367766014,1,0,1,0
2017-07-20,BAC,23.94,True,False,24.105,23.62366666666667,1,0,1,0.6018829256160314,1,0,1,0
2017-07-20,FB,164.53,False,False,155.2545,152.21,1,0,0,0.6258435991292984,1,0,0,0
2017-07-20,GOOG,968.15,False,True,938.4354999999999,941.6436666666667,0,1,1,0.6018829256160314,1,0,0,1
2017-07-20,GOOGL,992.19,False,True,959.872,962.6956666666666,0,1,1,0.5994007356629186,1,0,0,1
2017-07-20,MSFT,74.22,False,False,70.7055,69.96366666666667,1,0,0,0.5873517267127193,1,0,0,0
2017-07-20,NVDA,167.5,True,False,154.351,140.48583333333332,1,0,1,0.6500923886908727,1,0,1,0
2017-07-21,AAPL,150.27,False,True,146.4135,149.1275,0,1,1,0.5810871237545183,1,0,0,1
2017-07-21,AMZN,1025.67,True,False,994.65,979.5868333333333,1,0,1,0.6018829256160314,1,0,1,0
2017-07-21,BAC,23.8,True,False,24.1485,23.622166666666665,1,0,1,0.6018829256160314,1,0,1,0
2017-07-21,FB,164.43,False,False,155.80599999999998,152.5078333333333,1,0,0,0.608046827367799,1,0,0,0
2017-07-21,GOOG,972.92,False,True,939.2270000000001,943.3301666666666,0,1,1,0.6278490768045769,1,0,0,1
2017-07-21,GOOGL,993.84,False,True,960.733,964.4406666666666,0,1,1,0.6140299243268998,1,0,0,1
2017-07-21,MSFT,73.79,True,False,70.88199999999999,70.063,1,0,1,0.5502721409667372,1,0,1,0
2017-07-21,NVDA,168.1,True,False,154.8375,141.55383333333333,1,0,1,0.6262629869573414,1,0,1,0
2017-07-24,AAPL,152.09,False,True,146.704,149.26583333333335,0,1,1,0.6561403960712316,1,0,0,1
2017-07-24,AMZN,1038.95,True,False,996.4105,981.5963333333334,1,0,1,0.6589303171587817,1,0,1,0
2017-07-24,BAC,23.91,True,False,24.203,23.626500000000004,1,0,1,0.6086497850820951,1,0,1,0
2017-07-24,FB,166.0,False,False,156.35250000000002,152.81283333333332,1,0,0,0.6534037885758465,1,0,0,0
2017-07-24,GOOG,980.34,False,True,939.9644999999998,945.0983333333332,0,1,1,0.6481923247325995,1,0,0,1
2017-07-24,GOOGL,998.31,False,True,961.344,966.2218333333334,0,1,1,0.6094170063670329,1,0,0,1
2017-07-24,MSFT,73.6,True,False,71.0015,70.15183333333333,1,0,1,0.6018829256160314,1,0,1,0
2017-07-24,NVDA,166.15,True,False,155.45350000000002,142.56233333333333,1,0,1,0.5788916172870152,1,0,1,0
2017-07-25,AAPL,152.74,False,True,147.05,149.41733333333332,0,1,1,0.6241710329732537,1,0,0,1
2017-07-25,AMZN,1039.87,True,False,998.7050000000002,983.511,1,0,1,0.6197276740815176,1,0,1,0
2017-07-25,BAC,24.48,True,False,24.282500000000002,23.645500000000002,1,0,1,0.591442206760369,1,0,1,0
2017-07-25,FB,165.28,False,False,156.93699999999998,153.06333333333333,1,0,0,0.6018829256160314,1,0,0,0
2017-07-25,GOOG,950.7,False,True,939.8859999999999,945.8439999999999,0,1,1,0.48253466896460895,0,0,0,1
2017-07-25,GOOGL,969.03,False,True,961.191,966.9636666666667,0,1,1,0.5140394167315712,0,0,0,1
2017-07-25,MSFT,74.19,True,False,71.1845,70.24733333333333,1,0,1,0.6465173265672175,1,0,1,0
2017-07-25,NVDA,165.35,True,False,156.1135,143.57983333333334,1,0,1,0.6044870754642793,1,0,1,0
2017-07-26,AAPL,153.46,False,True,147.5365,149.532,0,1,1,0.6334652175976266,1,0,0,1
2017-07-26,AMZN,1052.8,False,False,1002.506,985.2538333333334,1,0,0,0.6661493050014163,1,0,0,0
2017-07-26,BAC,24.21,True,False,24.329500000000003,23.6555,1,0,1,0.5680258893575383,1,0,1,0
2017-07-26,FB,165.61,False,False,157.6885,153.2825,1,0,0,0.611115006591278,1,0,0,0
2017-07-26,GOOG,947.8,False,True,940.9095,946.4311666666666,0,1,1,0.6018829256160314,1,0,0,1
2017-07-26,GOOGL,965.31,False,True,962.052,967.5051666666666,0,1,1,0.6018829256160314,1,0,0,1
2017-07-26,MSFT,74.05,True,False,71.4265,70.32466666666667,1,0,1,0.6058653792727664,1,0,1,0
2017-07-26,NVDA,167.26,True,False,157.14749999999998,144.59016666666668,1,0,1,0.6568179843120275,1,0,1,0
2017-07-27,AAPL,150.56,False,True,147.773,149.58283333333333,0,1,1,0.5705089827846831,1,0,0,1
2017-07-27,AMZN,1046.0,True,False,1005.2895000000001,986.9048333333334,1,0,1,0.5685352810690097,1,0,1,0
2017-07-27,BAC,24.11,True,False,24.341,23.665166666666668,1,0,1,0.586115246256406,1,0,1,0
2017-07-27,FB,170.44,False,False,158.54850000000002,153.57683333333333,1,0,0,0.7079293658589132,1,0,0,0
2017-07-27,GOOG,934.09,False,True,940.5894999999998,946.7253333333333,0,1,1,0.6786380181590675,1,0,0,1
2017-07-27,GOOGL,952.51,False,True,961.6269999999998,967.7621666666668,0,1,1,0.7015756985891151,1,0,0,1
2017-07-27,MSFT,73.16,True,False,71.59450000000001,70.389,1,0,1,0.5839123539066615,1,0,1,0
2017-07-27,NVDA,161.74,False,False,157.647,145.56116666666668,1,0,1,0.5206015236551296,0,0,0,0
2017-07-28,AAPL,149.5,False,True,148.06400000000002,149.6235,0,1,1,0.591067825005373,1,0,0,1
2017-07-28,AMZN,1020.04,False,False,1007.4950000000001,988.2216666666667,1,0,1,0.5254812944900691,0,0,0,0
2017-07-28,BAC,24.03,True,False,24.3265,23.669500000000003,1,0,1,0.5879256725372403,1,0,1,0
2017-07-28,FB,172.45,False,False,159.619,153.921,1,0,0,0.6317223669442685,1,0,0,0
2017-07-28,GOOG,941.53,False,True,941.7765000000002,946.9668333333334,0,1,1,0.6581901327977907,1,0,0,1
2017-07-28,GOOGL,958.33,False,True,962.6524999999999,967.9268333333333,0,1,1,0.6581931745108548,1,0,0,1
2017-07-28,MSFT,73.04,True,False,71.822,70.455,1,0,1,0.6018829256160314,1,0,1,0
2017-07-28,NVDA,164.39,True,False,158.5325,146.5635,1,0,1,0.675393479418755,1,0,1,0
2017-07-31,AAPL,148.73,False,True,148.29950000000002,149.66016666666664,0,1,1,0.6018829256160314,1,0,0,1
2017-07-31,AMZN,987.78,True,False,1008.484,989.0591666666667,1,0,1,0.6646921349165358,1,0,1,0
2017-07-31,BAC,24.12,True,False,24.319499999999998,23.673999999999996,1,0,1,0.6011015321208308,1,0,1,0
2017-07-31,FB,169.25,False,False,160.5325,154.22766666666666,1,0,1,0.5202287682656547,0,0,0,0
2017-07-31,GOOG,930.5,False,True,942.865,946.9475,0,1,1,0.7062073241545634,1,0,0,1
2017-07-31,GOOGL,945.5,False,True,963.4435,967.7731666666666,0,1,1,0.709693140266048,1,0,0,1
2017-07-31,MSFT,72.7,True,False,72.01050000000001,70.51983333333332,1,0,1,0.6018228170438178,1,0,1,0
2017-07-31,NVDA,162.51,True,False,159.43,147.54116666666667,1,0,1,0.6018829256160314,1,0,1,0
2017-08-01,AAPL,158.59,False,True,149.05400000000003,149.82066666666665,0,1,1,0.5197827295188027,0,0,0,1
2017-08-01,AMZN,992.27,True,False,1010.4145000000001,990.0278333333333,1,0,1,0.6727830191232715,1,0,1,0
2017-08-01,BAC,24.96,True,False,24.3335,23.69433333333333,1,0,1,0.6888887492108223,1,0,1,0
2017-08-01,FB,169.86,False,False,161.60399999999998,154.5546666666667,1,0,0,0.6258715847029174,1,0,0,0
2017-08-01,GOOG,930.83,False,True,944.4715,947.0091666666667,0,1,1,0.6190001429400388,1,0,0,1
2017-08-01,GOOGL,946.56,False,True,964.7985000000001,967.7111666666666,0,1,1,0.6319787092271589,1,0,0,1
2017-08-01,MSFT,72.58,True,False,72.231,70.5795,1,0,1,0.6018829256160314,1,0,1,0
2017-08-01,NVDA,164.49,True,False,160.68800000000002,148.55166666666668,1,0,1,0.6792875610616002,1,0,1,0
2017-08-02,AAPL,157.14,False,True,149.7065,149.88949999999997,0,1,1,0.5719701699780412,1,0,0,1
2017-08-02,AMZN,995.89,True,False,1011.6389999999999,990.8086666666666,1,0,1,0.7150068936278672,1,0,1,0
2017-08-02,BAC,24.59,False,False,24.317,23.704833333333337,1,0,1,0.5348882091300258,0,0,0,0
2017-08-02,FB,169.3,True,False,162.552,154.85866666666666,1,0,1,0.6018829256160314,1,0,1,0
2017-08-02,GOOG,930.39,False,True,945.4054999999998,946.944,0,1,1,0.6674570268508664,1,0,0,1
2017-08-02,GOOGL,947.64,False,True,965.5675000000001,967.527,0,1,1,0.6737442288899703,1,0,0,1
2017-08-02,MSFT,72.26,True,False,72.39,70.63483333333333,1,0,1,0.6351666274284349,1,0,1,0
2017-08-02,NVDA,164.39,True,False,161.755,149.57866666666666,1,0,1,0.6214802351758798,1,0,1,0
2017-08-03,AAPL,155.57,False,False,150.3485,149.91583333333335,1,0,1,0.5227561308681282,0,0,0,0
2017-08-03,AMZN,986.92,True,False,1012.7279999999998,991.3770000000001,1,0,1,0.7436072684811329,1,0,1,0
2017-08-03,BAC,24.37,True,False,24.3,23.711333333333336,1,0,1,0.5666648602345974,1,0,1,0
2017-08-03,FB,168.59,True,False,163.5405,155.16049999999998,1,0,1,0.6050929099384957,1,0,1,0
2017-08-03,GOOG,923.65,False,True,946.2535,946.802,0,1,1,0.6136654101504073,1,0,0,1
2017-08-03,GOOGL,940.3,False,True,966.198,967.2535,0,1,1,0.625152541591084,1,0,0,1
2017-08-03,MSFT,72.15,True,False,72.569,70.68666666666667,1,0,1,0.6018829256160314,1,0,1,0
2017-08-03,NVDA,166.48,True,False,162.905,150.63766666666666,1,0,1,0.6623156141902032,1,0,1,0
2017-08-04,AAPL,156.39,True,False,150.959,149.968,1,0,1,0.6023558202884034,1,0,1,0
2017-08-04,AMZN,987.58,True,False,1013.1690000000001,992.0208333333334,1,0,1,0.6111132476308213,1,0,1,0
2017-08-04,BAC,24.97,True,False,24.307,23.725,1,0,1,0.6502947933486037,1,0,1,0
2017-08-04,FB,169.62,True,False,164.4495,155.4826666666667,1,0,1,0.6539783429550642,1,0,1,0
2017-08-04,GOOG,927.96,False,True,946.722,946.7883333333334,0,1,1,0.5784622524688209,1,0,0,1
2017-08-04,GOOGL,945.79,False,True,966.4470000000001,967.1026666666668,0,1,1,0.5754994206351716,1,0,0,1
2017-08-04,MSFT,72.68,True,False,72.73,70.74283333333332,1,0,1,0.5976049922857887,1,0,1,0
2017-08-04,NVDA,167.21,True,False,163.9275,151.403,1,0,1,0.6106240296740245,1,0,1,0
2017-08-07,AAPL,158.81,True,False,151.6465,150.049,1,0,1,0.6020410618222051,1,0,1,0
2017-08-07,AMZN,992.27,False,False,1012.9590000000001,992.765,1,0,1,0.4627965849576311,0,0,0,0
2017-08-07,BAC,24.96,True,False,24.3105,23.739833333333333,1,0,1,0.6018829256160314,1,0,1,0
2017-08-07,FB,171.98,False,False,165.37349999999998,155.84833333333333,1,0,0,0.6568669913462595,1,0,0,0
2017-08-07,GOOG,929.36,False,True,946.75,946.7676666666667,0,1,1,0.5775792612498984,1,0,0,1
2017-08-07,GOOGL,945.75,False,True,966.1845000000001,966.9336666666667,0,1,1,0.5983289528634808,1,0,0,1
2017-08-07,MSFT,72.4,True,False,72.851,70.8085,1,0,1,0.6018829256160314,1,0,1,0
2017-08-07,NVDA,172.35,True,False,164.85999999999999,152.16716666666667,1,0,1,0.5792909506113731,1,0,1,0
2017-08-08,AAPL,160.08,True,False,152.374,150.11533333333333,1,0,1,0.6426981691179502,1,0,1,0
2017-08-08,AMZN,989.84,True,False,1012.7445,993.2398333333333,1,0,1,0.5554550138472637,1,0,1,0
2017-08-08,BAC,24.9,True,False,24.325499999999998,23.754833333333334,1,0,1,0.5664549376812664,1,0,1,0
2017-08-08,FB,171.23,True,False,166.17149999999998,156.19666666666666,1,0,1,0.6018829256160314,1,0,1,0
2017-08-08,GOOG,926.79,False,True,946.585,946.6771666666667,0,1,1,0.5723333176806806,1,0,0,1
2017-08-08,GOOGL,944.19,False,True,965.7175,966.7511666666667,0,1,1,0.60784656349391,1,0,0,1
2017-08-08,MSFT,72.79,True,False,72.991,70.88199999999999,1,0,1,0.6018829256160314,1,0,1,0
2017-08-08,NVDA,170.3,False,False,165.581,152.87399999999997,1,0,1,0.4963521610015609,0,0,0,0
2017-08-09,AAPL,161.06,True,False,153.14000000000001,150.20466666666667,1,0,1,0.6383051031491326,1,0,1,0
2017-08-09,AMZN,982.01,True,False,1011.5195,993.6405,1,0,1,0.6720258586460242,1,0,1,0
2017-08-09,BAC,24.74,True,False,24.345,23.766166666666667,1,0,1,0.583763200309358,1,0,1,0
2017-08-09,FB,171.18,True,False,166.7855,156.5465,1,0,1,0.6152160689546993,1,0,1,0
2017-08-09,GOOG,922.9,False,True,945.5384999999999,946.4408333333333,0,1,1,0.6032175778559358,1,0,0,1
2017-08-09,GOOGL,940.08,False,True,964.3384999999998,966.4321666666667,0,1,1,0.6196239874173192,1,0,0,1
2017-08-09,MSFT,72.47,True,False,73.05699999999999,70.94933333333333,1,0,1,0.5877107698120706,1,0,1,0
2017-08-09,NVDA,172.11,True,False,166.06099999999998,153.504,1,0,1,0.6155574338854206,1,0,1,0
2017-08-10,AAPL,155.32,False,False,153.51749999999998,150.20216666666667,1,0,1,0.48114623531938366,0,0,0,0
2017-08-10,AMZN,956.92,True,False,1009.3340000000001,993.4879999999999,1,0,1,0.7813202679858278,1,0,1,0
2017-08-10,BAC,24.12,False,False,24.32,23.768333333333334,1,0,1,0.5377663331755883,0,0,0,0
2017-08-10,FB,167.4,False,False,167.1925,156.84016666666668,1,0,1,0.520934539485301,0,0,0,0
2017-08-10,GOOG,907.24,False,True,943.5424999999999,945.8448333333333,0,1,1,0.6909649532040121,1,0,0,1
2017-08-10,GOOGL,923.59,False,True,962.0754999999999,965.7484999999999,0,1,1,0.7243414366306705,1,0,0,1
2017-08-10,MSFT,71.41,True,False,73.039,70.98266666666667,1,0,1,0.5986222403450492,1,0,1,0
2017-08-10,NVDA,164.74,True,False,166.2665,153.9695,1,0,1,0.5798678897505214,1,0,1,0
2017-08-11,AAPL,157.48,True,False,153.9395,150.32266666666666,1,0,1,0.6359034939295288,1,0,1,0
2017-08-11,AMZN,967.99,True,False,1007.643,993.8751666666667,1,0,1,0.56036893070293,1,0,1,0
2017-08-11,BAC,23.86,True,False,24.302500000000002,23.78983333333333,1,0,1,0.6496781372944249,1,0,1,0
2017-08-11,FB,168.08,True,False,167.598,157.22733333333332,1,0,1,0.6113418656778725,1,0,1,0
2017-08-11,GOOG,914.39,False,True,941.4625,945.7576666666666,0,1,1,0.6025363228047298,1,0,0,1
2017-08-11,GOOGL,930.09,False,True,959.7344999999999,965.5471666666667,0,1,1,0.635322292281118,1,0,0,1
2017-08-11,MSFT,72.5,True,False,73.025,71.06633333333333,1,0,1,0.6277095862641388,1,0,1,0
2017-08-11,NVDA,155.96,True,False,165.817,154.44016666666667,1,0,1,0.6550803032657821,1,0,1,0
2017-08-14,AAPL,159.85,True,False,154.454,150.4445,1,0,1,0.6539570909367247,1,0,1,0
2017-08-14,AMZN,983.3,False,False,1006.3059999999999,994.2886666666667,1,0,1,0.4883917458760054,0,0,0,0
2017-08-14,BAC,24.42,True,False,24.322499999999998,23.817833333333333,1,0,1,0.5829468595315469,1,0,1,0
2017-08-14,FB,170.75,True,False,168.149,157.61216666666667,1,0,1,0.6522355447725224,1,0,1,0
2017-08-14,GOOG,922.67,False,True,939.925,945.6315,0,1,1,0.5926374273490203,1,0,0,1
2017-08-14,GOOGL,938.93,False,True,957.883,965.3543333333333,0,1,1,0.5920156198138724,1,0,0,1
2017-08-14,MSFT,73.59,True,False,73.037,71.16433333333333,1,0,1,0.6571657674239507,1,0,1,0
2017-08-14,NVDA,168.4,True,False,166.0245,155.029,1,0,1,0.6047086541405323,1,0,1,0
2017-08-15,AAPL,161.6,True,False,155.03,150.58683333333335,1,0,1,0.6570815936718529,1,0,1,0
2017-08-15,AMZN,982.74,True,False,1004.2205,994.6703333333332,1,0,1,0.5648150610374097,1,0,1,0
2017-08-15,BAC,24.47,True,False,24.351,23.8415,1,0,1,0.6176566004223517,1,0,1,0
2017-08-15,FB,171.0,True,False,168.556,157.9945,1,0,1,0.6174406776436863,1,0,1,0
2017-08-15,GOOG,922.22,False,True,937.766,945.435,0,1,1,0.6018829256160314,1,0,0,1
2017-08-15,GOOGL,938.08,False,True,955.4395000000001,965.0781666666667,0,1,1,0.5954975267655049,1,0,0,1
2017-08-15,MSFT,73.22,True,False,73.033,71.2565,1,0,1,0.5873061809913843,1,0,1,0
2017-08-15,NVDA,166.98,True,False,166.07549999999998,155.54533333333333,1,0,1,0.5951224415708621,1,0,1,0
2017-08-16,AAPL,160.95,True,False,155.5265,150.70283333333333,1,0,1,0.58411711007649,1,0,1,0
2017-08-16,AMZN,978.18,True,False,1001.7860000000001,994.7955,1,0,1,0.6022532716423286,1,0,1,0
2017-08-16,BAC,24.19,True,False,24.3575,23.860666666666667,1,0,1,0.5997716918497509,1,0,1,0
2017-08-16,FB,170.0,True,False,168.849,158.35716666666667,1,0,1,0.5658627838575199,1,0,1,0
2017-08-16,GOOG,926.96,False,True,935.5695000000002,945.1866666666666,0,1,1,0.6018829256160314,1,0,0,1
2017-08-16,GOOGL,944.27,False,True,953.0145,964.7481666666666,0,1,1,0.6018829256160314,1,0,0,1
2017-08-16,MSFT,73.65,True,False,73.02250000000001,71.34316666666668,1,0,1,0.6157546535620365,1,0,1,0
2017-08-16,NVDA,165.15,True,False,166.078,155.98283333333333,1,0,1,0.6294780208651121,1,0,1,0
2017-08-17,AAPL,157.86,False,False,155.90249999999997,150.7705,1,0,1,0.5166567255778362,0,0,0,0
2017-08-17,AMZN,960.57,True,False,998.3795,994.6126666666665,1,0,1,0.6400230394171552,1,0,1,0
2017-08-17,BAC,23.64,True,False,24.342499999999998,23.86483333333333,1,0,1,0.6058849695508849,1,0,1,0
2017-08-17,FB,166.91,False,False,168.96800000000002,158.67116666666666,1,0,1,0.5291619445196384,0,0,0,0
2017-08-17,GOOG,910.98,False,True,932.711,944.556,0,1,1,0.6001706987776919,1,0,0,1
2017-08-17,GOOGL,927.66,False,True,949.7880000000001,964.0333333333333,0,1,1,0.6031459719381775,1,0,0,1
2017-08-17,MSFT,72.4,False,False,72.9315,71.40516666666667,1,0,1,0.5341210398738728,0,0,0,0
2017-08-17,NVDA,161.47,True,False,165.7765,156.39016666666666,1,0,1,0.5571904759903034,1,0,1,0
2017-08-18,AAPL,157.5,True,False,156.26399999999998,150.83983333333336,1,0,1,0.586853746093024,1,0,1,0
2017-08-18,AMZN,958.47,True,False,995.0195,994.2479999999999,1,0,1,0.6687110255892252,1,0,1,0
2017-08-18,BAC,23.62,True,False,24.3335,23.86916666666667,1,0,1,0.6028479455599155,1,0,1,0
2017-08-18,FB,167.41,True,False,169.11700000000002,158.96066666666667,1,0,1,0.5935099963075877,1,0,1,0
2017-08-18,GOOG,910.67,False,True,929.5985000000001,943.8178333333333,0,1,1,0.6059541579159107,1,0,0,1
2017-08-18,GOOGL,926.18,False,True,946.4050000000001,963.1761666666666,0,1,1,0.6011401698960881,1,0,0,1
2017-08-18,MSFT,72.49,True,False,72.8665,71.46716666666666,1,0,1,0.6018829256160314,1,0,1,0
2017-08-18,NVDA,161.5,True,False,165.44650000000001,156.77233333333334,1,0,1,0.558204442453728,1,0,1,0
2017-08-21,AAPL,157.21,True,False,156.52,150.8955,1,0,1,0.6000620683925143,1,0,1,0
2017-08-21,AMZN,953.29,False,True,990.7365,993.5798333333333,0,1,1,0.7073838980419421,1,0,0,1
2017-08-21,BAC,23.38,True,False,24.307,23.871333333333332,1,0,1,0.6777563795211288,1,0,1,0
2017-08-21,FB,167.78,True,False,169.20600000000002,159.22433333333336,1,0,1,0.5963454830169251,1,0,1,0
2017-08-21,GOOG,906.66,False,True,925.9145000000001,942.7698333333333,0,1,1,0.6157014003970416,1,0,0,1
2017-08-21,GOOGL,920.87,False,True,942.533,961.993,0,1,1,0.6421138628130317,1,0,0,1
2017-08-21,MSFT,72.15,True,False,72.79400000000001,71.50933333333333,1,0,1,0.6018829256160314,1,0,1,0
2017-08-21,NVDA,159.15,True,False,165.09650000000002,157.1205,1,0,1,0.6688239647586848,1,0,1,0
2017-08-22,AAPL,159.78,True,False,156.872,150.99833333333333,1,0,1,0.6388515627422678,1,0,1,0
2017-08-22,AMZN,966.9,False,True,987.088,993.0985,0,1,1,0.544834168397868,0,0,0,1
2017-08-22,BAC,23.83,False,False,24.2745,23.88116666666667,1,0,1,0.5292781692405077,0,0,0,0
2017-08-22,FB,169.64,True,False,169.424,159.51616666666666,1,0,1,0.6475076913609196,1,0,1,0
2017-08-22,GOOG,924.69,False,True,924.6140000000001,941.9901666666667,0,1,1,0.6181943197998191,1,0,0,1
2017-08-22,GOOGL,940.4,False,True,941.1015000000001,961.1118333333333,0,1,1,0.5503361812676427,1,0,0,1
2017-08-22,MSFT,73.16,True,False,72.7425,71.56266666666667,1,0,1,0.6786970502875774,1,0,1,0
2017-08-22,NVDA,162.55,True,False,164.9565,157.46566666666666,1,0,1,0.5855622581380386,1,0,1,0
2017-08-23,AAPL,159.98,True,False,157.198,151.1035,1,0,1,0.6054540766304043,1,0,1,0
2017-08-23,AMZN,958.0,False,True,982.348,992.4535,0,1,1,0.6366558023898061,1,0,0,1
2017-08-23,BAC,23.76,True,False,24.252000000000002,23.895333333333333,1,0,1,0.6016962473391924,1,0,1,0
2017-08-23,FB,168.71,True,False,169.579,159.78833333333336,1,0,1,0.5925108980254236,1,0,1,0
2017-08-23,GOOG,927.0,False,True,923.5740000000002,941.1754999999999,0,1,1,0.5995341748051399,1,0,0,1
2017-08-23,GOOGL,942.58,False,True,939.9649999999999,960.2186666666668,0,1,1,0.5996949548806971,1,0,0,1
2017-08-23,MSFT,72.72,True,False,72.676,71.60116666666666,1,0,1,0.6018829256160314,1,0,1,0
2017-08-23,NVDA,165.8,True,False,164.8835,157.8145,1,0,1,0.6096385726291123,1,0,1,0
2017-08-24,AAPL,159.27,True,False,157.6335,151.212,1,0,1,0.5855224954177563,1,0,1,0
2017-08-24,AMZN,952.45,False,True,977.6705,991.7506666666666,0,1,1,0.733810546085142,1,0,0,1
2017-08-24,BAC,23.84,True,False,24.2385,23.91916666666667,1,0,1,0.595086461999749,1,0,1,0
2017-08-24,FB,167.74,True,False,169.44400000000002,160.05966666666666,1,0,1,0.5563758307750131,1,0,1,0
2017-08-24,GOOG,921.28,False,True,922.9335000000001,940.4491666666667,0,1,1,0.6018829256160314,1,0,0,1
2017-08-24,GOOGL,936.89,False,True,939.184,959.382,0,1,1,0.5846021239178872,1,0,0,1
2017-08-24,MSFT,72.69,True,False,72.6525,71.64866666666667,1,0,1,0.5998385523626156,1,0,1,0
2017-08-24,NVDA,165.19,True,False,165.056,158.1618333333333,1,0,1,0.5700745873462827,1,0,1,0
2017-08-25,AAPL,159.86,True,False,158.1515,151.32333333333335,1,0,1,0.6008231027512654,1,0,1,0
2017-08-25,AMZN,945.26,False,True,973.9314999999999,990.9058333333334,0,1,1,0.6802709839398884,1,0,0,1
2017-08-25,BAC,23.77,True,False,24.2255,23.938166666666667,1,0,1,0.582507198639295,1,0,1,0
2017-08-25,FB,166.32,True,False,169.1375,160.30616666666668,1,0,1,0.5860922490798219,1,0,1,0
2017-08-25,GOOG,915.89,False,True,921.6514999999999,939.5981666666667,0,1,1,0.5884998598401187,1,0,0,1
2017-08-25,GOOGL,930.5,False,True,937.7924999999999,958.4188333333333,0,1,1,0.5868615932877238,1,0,0,1
2017-08-25,MSFT,72.82,True,False,72.6415,71.694,1,0,1,0.6310151255891382,1,0,1,0
2017-08-25,NVDA,163.81,True,False,165.027,158.486,1,0,1,0.5699895942256886,1,0,1,0
2017-08-28,AAPL,161.47,True,False,158.7885,151.42366666666666,1,0,1,0.6140711831398256,1,0,1,0
2017-08-28,AMZN,946.02,False,True,971.8435,989.894,0,1,1,0.5912300951921918,1,0,0,1
2017-08-28,BAC,23.72,True,False,24.2055,23.959333333333333,1,0,1,0.5768665917005626,1,0,1,0
2017-08-28,FB,167.24,True,False,169.037,160.53333333333333,1,0,1,0.6512369278520083,1,0,1,0
2017-08-28,GOOG,913.81,False,True,920.817,938.5683333333334,0,1,1,0.5917322538784722,1,0,0,1
2017-08-28,GOOGL,928.13,False,True,936.924,957.2856666666667,0,1,1,0.5723584972184627,1,0,0,1
2017-08-28,MSFT,72.83,True,False,72.648,71.71183333333333,1,0,1,0.5995985900426556,1,0,1,0
2017-08-28,NVDA,164.97,True,False,165.15,158.8415,1,0,1,0.6018829256160314,1,0,1,0
2017-08-29,AAPL,162.91,True,False,159.00449999999998,151.57333333333332,1,0,1,0.6155974944457328,1,0,1,0
2017-08-29,AMZN,954.06,False,True,969.933,988.9393333333334,0,1,1,0.588479227435305,1,0,0,1
2017-08-29,BAC,23.58,True,False,24.136499999999998,23.978833333333334,1,0,1,0.6229684290070421,1,0,1,0
2017-08-29,FB,168.05,True,False,168.9465,160.77366666666666,1,0,1,0.6144431146599394,1,0,1,0
2017-08-29,GOOG,921.29,False,True,920.3399999999999,937.5285,0,1,1,0.5970216211448353,1,0,0,1
2017-08-29,GOOGL,935.75,False,True,936.3834999999999,956.1501666666666,0,1,1,0.5889348518891221,1,0,0,1
2017-08-29,MSFT,73.05,True,False,72.67150000000001,71.72466666666668,1,0,1,0.6455128970892607,1,0,1,0
2017-08-29,NVDA,164.7,True,False,165.1605,159.11966666666666,1,0,1,0.5950953085300306,1,0,1,0
2017-08-30,AAPL,163.35,True,False,159.315,151.7216666666667,1,0,1,0.5849739244064582,1,0,1,0
2017-08-30,AMZN,967.59,False,True,968.518,988.3491666666666,0,1,1,0.6018024021041883,1,0,0,1
2017-08-30,BAC,23.87,True,False,24.1005,24.00616666666667,1,0,1,0.5823429937049869,1,0,1,0
2017-08-30,FB,169.92,True,False,168.97750000000002,161.05883333333335,1,0,1,0.6449261545490669,1,0,1,0
2017-08-30,GOOG,929.57,False,True,920.2990000000002,936.7451666666668,0,1,1,0.6018829256160314,1,0,0,1
2017-08-30,GOOGL,943.63,False,True,936.183,955.2660000000001,0,1,1,0.5881693179342757,1,0,0,1
2017-08-30,MSFT,74.01,True,False,72.759,71.7495,1,0,1,0.6432949782456941,1,0,1,0
2017-08-30,NVDA,165.68,True,False,165.225,159.4253333333333,1,0,1,0.6237992921761789,1,0,1,0
2017-08-31,AAPL,164.0,True,False,159.7365,151.8655,1,0,1,0.6027220290145264,1,0,1,0
2017-08-31,AMZN,980.6,False,True,968.202,987.8580000000001,0,1,1,0.6023779119527901,1,0,0,1
2017-08-31,BAC,23.89,True,False,24.0765,24.027666666666665,1,0,1,0.6018829256160314,1,0,1,0
2017-08-31,FB,171.97,True,False,169.1465,161.37300000000002,1,0,1,0.6014088208445953,1,0,1,0
2017-08-31,GOOG,939.33,False,True,921.083,936.0493333333333,0,1,1,0.6018829256160314,1,0,0,1
2017-08-31,GOOGL,955.24,False,True,936.93,954.4935,0,1,1,0.6298450781301721,1,0,0,1
2017-08-31,MSFT,74.77,True,False,72.89,71.78916666666666,1,0,1,0.6059273709702142,1,0,1,0
2017-08-31,NVDA,169.44,True,False,165.373,159.764,1,0,1,0.6106159551512342,1,0,1,0
2017-09-01,AAPL,164.05,True,False,160.1195,152.0165,1,0,1,0.6277687326916205,1,0,1,0
2017-09-01,AMZN,978.25,False,True,967.7355,987.3243333333335,0,1,1,0.560619355718782,1,0,0,1
2017-09-01,BAC,24.09,False,True,24.032500000000002,24.046333333333337,0,1,1,0.5993002659733306,1,0,0,1
2017-09-01,FB,172.02,True,False,169.2665,161.66150000000002,1,0,1,0.5952944296288336,1,0,1,0
2017-09-01,GOOG,937.34,False,True,921.552,935.2814999999999,0,1,1,0.5825011536868943,1,0,0,1
2017-09-01,GOOGL,951.99,False,True,937.24,953.622,0,1,1,0.5767920233600576,1,0,0,1
2017-09-01,MSFT,73.94,False,False,72.953,71.82233333333333,1,0,1,0.5386997248795499,0,0,0,0
2017-09-01,NVDA,170.46,True,False,165.5355,159.93933333333334,1,0,1,0.602014044949718,1,0,1,0
2017-09-05,AAPL,162.08,False,False,160.283,152.23483333333334,1,0,1,0.5475689455679358,0,0,0,0
2017-09-05,AMZN,965.27,False,True,966.3855,987.107,0,1,1,0.6018829256160314,1,0,0,1
2017-09-05,BAC,23.31,False,True,23.95,24.040333333333333,0,1,1,0.6440165388552389,1,0,0,1
2017-09-05,FB,170.72,False,False,169.20350000000002,162.0135,1,0,1,0.538141256700066,0,0,0,0
2017-09-05,GOOG,928.45,False,True,921.5065000000001,934.9251666666667,0,1,1,0.6018829256160314,1,0,0,1
2017-09-05,GOOGL,941.48,False,True,937.0264999999999,953.1446666666667,0,1,1,0.6018829256160314,1,0,0,1
2017-09-05,MSFT,73.61,True,False,73.0135,71.87716666666667,1,0,1,0.5537017241946847,1,0,1,0
2017-09-05,NVDA,165.91,False,False,165.2135,160.21116666666666,1,0,1,0.4941853345537674,0,0,0,0
2017-09-06,AAPL,161.91,True,False,160.37449999999998,152.50966666666667,1,0,1,0.6018829256160314,1,0,1,0
2017-09-06,AMZN,967.8,False,True,965.2834999999999,987.1551666666668,0,1,1,0.5448508348542425,0,0,0,1
2017-09-06,BAC,23.41,False,True,23.8755,24.034166666666668,0,1,1,0.6137445297548662,1,0,0,1
2017-09-06,FB,172.09,True,False,169.24650000000003,162.40766666666667,1,0,1,0.5826142958080605,1,0,1,0
2017-09-06,GOOG,927.81,False,True,921.5574999999999,934.6736666666667,0,1,1,0.6018829256160314,1,0,0,1
2017-09-06,GOOGL,942.02,False,True,936.918,952.8148333333334,0,1,1,0.6018829256160314,1,0,0,1
2017-09-06,MSFT,73.4,True,False,73.04400000000001,71.9375,1,0,1,0.5948148517061013,1,0,1,0
2017-09-06,NVDA,165.81,True,False,164.989,160.47516666666667,1,0,1,0.5970408542138412,1,0,1,0
2017-09-07,AAPL,161.26,True,False,160.3845,152.75416666666666,1,0,1,0.6018829256160314,1,0,1,0
2017-09-07,AMZN,979.47,False,True,965.1565,987.1331666666666,0,1,1,0.586694237951235,1,0,0,1
2017-09-07,BAC,22.97,False,True,23.787,24.020833333333332,0,1,1,0.7031879691704845,1,0,0,1
2017-09-07,FB,173.21,True,False,169.348,162.78316666666666,1,0,1,0.5855688349908283,1,0,1,0
2017-09-07,GOOG,935.95,False,True,922.21,934.3828333333333,0,1,1,0.6190780641240582,1,0,0,1
2017-09-07,GOOGL,949.89,False,True,937.4084999999999,952.4713333333333,0,1,1,0.593984704095728,1,0,0,1
2017-09-07,MSFT,74.34,True,False,73.1375,71.999,1,0,1,0.6381073282164854,1,0,1,0
2017-09-07,NVDA,166.58,True,False,164.7125,160.72816666666668,1,0,1,0.6046114123576799,1,0,1,0
2017-09-08,AAPL,158.63,True,False,160.55,152.9786666666667,1,0,1,0.6337064389569278,1,0,1,0
2017-09-08,AMZN,965.9,False,True,965.6054999999999,986.957,0,1,1,0.6018829256160314,1,0,0,1
2017-09-08,BAC,22.89,False,True,23.7255,24.006333333333334,0,1,1,0.6837560751027462,1,0,0,1
2017-09-08,FB,170.95,True,False,169.52550000000002,163.1281666666667,1,0,1,0.5819937754792102,1,0,1,0
2017-09-08,GOOG,926.5,False,True,923.173,933.9784999999999,0,1,1,0.6018829256160314,1,0,0,1
2017-09-08,GOOGL,941.41,False,True,938.2995000000001,952.0293333333334,0,1,1,0.5922760811647149,1,0,0,1
2017-09-08,MSFT,73.98,True,False,73.26599999999999,72.06083333333335,1,0,1,0.6018829256160314,1,0,1,0
2017-09-08,NVDA,163.69,True,False,164.66,160.92766666666665,1,0,1,0.5901458009504521,1,0,1,0
2017-09-11,AAPL,161.5,True,False,160.751,153.2655,1,0,1,0.7044426730990127,1,0,1,0
2017-09-11,AMZN,977.96,False,True,966.104,987.1868333333333,0,1,1,0.5689950435338639,1,0,0,1
2017-09-11,BAC,23.36,False,True,23.700499999999998,24.00333333333333,0,1,1,0.6238812739686908,1,0,0,1
2017-09-11,FB,173.51,True,False,169.79699999999997,163.52333333333334,1,0,1,0.6453119746444491,1,0,1,0
2017-09-11,GOOG,929.08,False,True,923.9075,933.758,0,1,1,0.6018829256160314,1,0,0,1
2017-09-11,GOOGL,943.29,False,True,938.9595000000002,951.7478333333333,0,1,1,0.6018829256160314,1,0,0,1
2017-09-11,MSFT,74.76,True,False,73.37899999999999,72.14183333333332,1,0,1,0.6307157701781887,1,0,1,0
2017-09-11,NVDA,169.0,True,False,165.31199999999998,161.20483333333334,1,0,1,0.5644600531574314,1,0,1,0
2017-09-12,AAPL,160.86,True,False,160.80149999999998,153.5753333333333,1,0,1,0.7173068486359304,1,0,1,0
2017-09-12,AMZN,982.58,False,True,966.068,987.1013333333334,0,1,1,0.5789325760581776,1,0,0,1
2017-09-12,BAC,23.95,False,True,23.677,24.012,0,1,1,0.6629947027720254,1,0,0,1
2017-09-12,FB,172.96,True,False,169.90749999999997,163.89533333333333,1,0,1,0.5972221015815874,1,0,1,0
2017-09-12,GOOG,932.07,False,True,924.3774999999999,933.6295000000001,0,1,1,0.6018829256160314,1,0,0,1
2017-09-12,GOOGL,946.65,False,True,939.3455,951.5483333333333,0,1,1,0.6018829256160314,1,0,0,1
2017-09-12,MSFT,74.68,True,False,73.43350000000001,72.21983333333333,1,0,1,0.6018829256160314,1,0,1,0
2017-09-12,NVDA,169.61,True,False,165.3725,161.50466666666665,1,0,1,0.6018829256160314,1,0,1,0
2017-09-13,AAPL,159.65,True,False,160.704,153.7971666666667,1,0,1,0.6469120358841461,1,0,1,0
2017-09-13,AMZN,999.6,False,True,966.9110000000001,987.1751666666665,0,1,1,0.6518765719600922,1,0,0,1
2017-09-13,BAC,24.33,False,True,23.669999999999998,24.019,0,1,1,0.581449105186361,1,0,0,1
2017-09-13,FB,173.05,True,False,170.01,164.23166666666665,1,0,1,0.6209975962577191,1,0,1,0
2017-09-13,GOOG,935.09,False,True,925.0210000000001,933.2581666666666,0,1,1,0.6018829256160314,1,0,0,1
2017-09-13,GOOGL,950.44,False,True,939.9635000000001,951.1353333333334,0,1,1,0.5927822438133256,1,0,0,1
2017-09-13,MSFT,75.21,True,False,73.533,72.29216666666666,1,0,1,0.6317160000523117,1,0,1,0
2017-09-13,NVDA,170.37,False,False,165.542,161.72216666666665,1,0,1,0.5391160065218896,0,0,0,0
2017-09-14,AAPL,158.28,True,False,160.5705,154.01833333333335,1,0,1,0.6092400546022332,1,0,1,0
2017-09-14,AMZN,992.21,False,True,967.6125,987.1688333333333,0,1,1,0.6018829256160314,1,0,0,1
2017-09-14,BAC,24.24,False,True,23.6725,24.031499999999998,0,1,1,0.5233664051941616,0,0,0,1
2017-09-14,FB,170.96,True,False,170.058,164.54349999999997,1,0,1,0.589705310344479,1,0,1,0
2017-09-14,GOOG,925.11,False,True,924.9285,932.8328333333334,0,1,1,0.588493688057452,1,0,0,1
2017-09-14,GOOGL,940.13,False,True,939.7564999999998,950.6543333333333,0,1,1,0.5926697802759312,1,0,0,1
2017-09-14,MSFT,74.77,True,False,73.589,72.37316666666668,1,0,1,0.588879426828246,1,0,1,0
2017-09-14,NVDA,169.4,True,False,165.7545,161.92733333333334,1,0,1,0.5630190559579836,1,0,1,0
2017-09-15,AAPL,159.88,True,False,160.6715,154.25183333333334,1,0,1,0.6188158749509421,1,0,1,0
2017-09-15,AMZN,986.79,False,True,968.9235000000001,986.9114999999999,0,1,1,0.6018829256160314,1,0,0,1
2017-09-15,BAC,24.38,False,True,23.7095,24.052333333333333,0,1,1,0.5130853582256306,0,0,0,1
2017-09-15,FB,171.64,True,False,170.2945,164.839,1,0,1,0.589999930842643,1,0,1,0
2017-09-15,GOOG,920.29,False,True,925.3939999999999,932.1801666666667,0,1,1,0.7478164469359381,1,0,0,1
2017-09-15,GOOGL,935.29,False,True,940.1379999999999,949.9326666666667,0,1,1,0.7155134943305211,1,0,0,1
2017-09-15,MSFT,75.31,True,False,73.7345,72.45716666666667,1,0,1,0.6168149515848055,1,0,1,0
2017-09-15,NVDA,180.11,True,False,166.6865,162.27133333333333,1,0,1,0.6955278587822044,1,0,1,0
2017-09-18,AAPL,158.67,True,False,160.73,154.4691666666667,1,0,1,0.6204916242452918,1,0,1,0
2017-09-18,AMZN,974.19,False,True,969.7094999999999,986.4596666666667,0,1,1,0.5933192596075942,1,0,0,1
2017-09-18,BAC,24.7,False,True,23.7635,24.081833333333336,0,1,1,0.5815147922613845,1,0,0,1
2017-09-18,FB,170.01,True,False,170.42450000000002,165.1158333333333,1,0,1,0.6081148755962315,1,0,1,0
2017-09-18,GOOG,915.0,False,True,925.6105,931.4786666666666,0,1,1,0.6513257360503467,1,0,0,1
2017-09-18,GOOGL,929.75,False,True,940.3164999999999,949.1514999999999,0,1,1,0.6600060680601222,1,0,0,1
2017-09-18,MSFT,75.16,False,False,73.86800000000001,72.53883333333333,1,0,1,0.5431488434274825,0,0,0,0
2017-09-18,NVDA,187.55,False,False,167.98899999999998,162.75766666666667,1,0,0,0.6433130307341961,1,0,0,0
2017-09-19,AAPL,158.73,True,False,160.80599999999998,154.67666666666668,1,0,1,0.6018829256160314,1,0,1,0
2017-09-19,AMZN,969.86,False,True,970.5380000000001,985.895,0,1,1,0.6018829256160314,1,0,0,1
2017-09-19,BAC,24.86,False,True,23.8375,24.115833333333335,0,1,1,0.6021383610807207,1,0,0,1
2017-09-19,FB,172.52,True,False,170.6615,165.40666666666667,1,0,1,0.623009307242288,1,0,1,0
2017-09-19,GOOG,921.81,False,True,926.368,930.7489999999999,0,1,1,0.6210323085188301,1,0,0,1
2017-09-19,GOOGL,936.86,False,True,941.116,948.331,0,1,1,0.5892226913199137,1,0,0,1
2017-09-19,MSFT,75.44,True,False,74.0325,72.60933333333334,1,0,1,0.6125432934221742,1,0,1,0
2017-09-19,NVDA,187.35,False,False,169.39900000000003,163.31633333333332,1,0,0,0.5484307055760824,0,0,0,0
2017-09-20,AAPL,156.07,True,False,160.6205,154.8475,1,0,1,0.6847899386346428,1,0,1,0
2017-09-20,AMZN,973.21,False,True,970.8534999999999,985.5488333333334,0,1,1,0.6018829256160314,1,0,0,1
2017-09-20,BAC,25.06,False,True,23.898999999999997,24.151999999999997,0,1,1,0.5690692538168881,1,0,0,1
2017-09-20,FB,172.17,True,False,170.788,165.71633333333332,1,0,1,0.5956409366839668,1,0,1,0
2017-09-20,GOOG,931.58,False,True,926.7125,930.4041666666667,0,1,1,0.643268618915903,1,0,0,1
2017-09-20,GOOGL,947.54,False,True,941.473,947.9218333333333,0,1,1,0.6644170974311361,1,0,0,1
2017-09-20,MSFT,74.94,True,False,74.1215,72.68283333333333,1,0,1,0.5658160880145099,1,0,1,0
2017-09-20,NVDA,185.84,False,False,170.5635,163.87783333333334,1,0,0,0.5209752149856175,0,0,0,0
2017-09-21,AAPL,153.39,True,False,160.291,155.0085,1,0,1,0.6718375819157011,1,0,1,0
2017-09-21,AMZN,964.65,False,True,971.186,985.3466666666667,0,1,1,0.6018829256160314,1,0,0,1
2017-09-21,BAC,25.16,False,True,23.969,24.1835,0,1,1,0.6018829256160314,1,0,0,1
2017-09-21,FB,171.11,True,False,170.908,166.0585,1,0,1,0.5890070190219954,1,0,1,0
2017-09-21,GOOG,932.45,False,True,926.9849999999999,930.4894999999999,0,1,1,0.6012804873782053,1,0,0,1
2017-09-21,GOOGL,947.55,False,True,941.7215,947.9128333333334,0,1,1,0.6018829256160314,1,0,0,1
2017-09-21,MSFT,74.21,True,False,74.196,72.76616666666668,1,0,1,0.6018829256160314,1,0,1,0
2017-09-21,NVDA,180.76,False,False,171.3115,164.44750000000002,1,0,1,0.5011617030879103,0,0,0,0
2017-09-22,AAPL,151.89,True,False,159.92199999999997,155.10950000000003,1,0,1,0.7562373701103603,1,0,1,0
2017-09-22,AMZN,955.1,False,True,971.3185,984.7595,0,1,1,0.6449380748090768,1,0,0,1
2017-09-22,BAC,25.02,False,True,24.028,24.202499999999997,0,1,1,0.5786903423979176,1,0,0,1
2017-09-22,FB,170.54,True,False,171.048,166.34683333333334,1,0,1,0.6018829256160314,1,0,1,0
2017-09-22,GOOG,928.53,False,True,927.3475000000001,930.2901666666668,0,1,1,0.5820445958928618,1,0,0,1
2017-09-22,GOOGL,943.26,False,True,942.04,947.617,0,1,1,0.5793537088282729,1,0,0,1
2017-09-22,MSFT,74.41,True,False,74.28200000000001,72.843,1,0,1,0.6018829256160314,1,0,1,0
2017-09-22,NVDA,179.0,True,False,172.002,164.90166666666667,1,0,1,0.6018829256160314,1,0,1,0
2017-09-25,AAPL,150.55,True,False,159.4565,155.22400000000002,1,0,1,0.7582270634360558,1,0,1,0
2017-09-25,AMZN,939.79,False,True,971.0450000000001,984.1571666666666,0,1,1,0.8195358224254549,1,0,0,1
2017-09-25,BAC,24.76,False,True,24.0775,24.209833333333332,0,1,1,0.5765269449712561,1,0,0,1
2017-09-25,FB,162.87,True,False,170.87550000000002,166.54399999999998,1,0,1,0.7280910614828763,1,0,1,0
2017-09-25,GOOG,920.97,False,True,927.6015,930.3431666666667,0,1,1,0.629663427939772,1,0,0,1
2017-09-25,GOOGL,934.28,False,True,942.229,947.5580000000001,0,1,1,0.6429320813536455,1,0,0,1
2017-09-25,MSFT,73.26,True,False,74.304,72.9225,1,0,1,0.6253380564481409,1,0,1,0
2017-09-25,NVDA,171.0,True,False,172.3615,165.307,1,0,1,0.5735749668641904,1,0,1,0
2017-09-26,AAPL,153.14,True,False,159.04,155.376,1,0,1,0.6409561152481299,1,0,1,0
2017-09-26,AMZN,938.6,False,True,970.674,983.6671666666666,0,1,1,0.7819099878389477,1,0,0,1
2017-09-26,BAC,24.81,False,True,24.131999999999998,24.218999999999998,0,1,1,0.6205115568652999,1,0,0,1
2017-09-26,FB,164.21,True,False,170.724,166.76449999999997,1,0,1,0.7852457709497599,1,0,1,0
2017-09-26,GOOG,924.86,False,True,928.1539999999999,930.6119999999999,0,1,1,0.6265669005387796,1,0,0,1
2017-09-26,GOOGL,937.43,False,True,942.6940000000001,947.6871666666667,0,1,1,0.6443324279993963,1,0,0,1
2017-09-26,MSFT,73.26,True,False,74.3255,72.99466666666667,1,0,1,0.6080380327849604,1,0,1,0
2017-09-26,NVDA,171.96,True,False,172.711,165.76366666666667,1,0,1,0.8179704976476906,1,0,1,0
2017-09-27,AAPL,154.23,True,False,158.606,155.55483333333333,1,0,1,0.5985193098898424,1,0,1,0
2017-09-27,AMZN,950.87,False,True,970.5145,983.6206666666666,0,1,1,0.6451645220080757,1,0,0,1
2017-09-27,BAC,25.41,False,True,24.2235,24.231166666666663,0,1,1,0.6775289924503717,1,0,0,1
2017-09-27,FB,167.68,True,False,170.7055,167.08533333333332,1,0,1,0.6394961101783598,1,0,1,0
2017-09-27,GOOG,944.49,False,True,929.3140000000001,931.3751666666667,0,1,1,0.6864369783566083,1,0,0,1
2017-09-27,GOOGL,959.9,False,True,943.9014999999999,948.3611666666667,0,1,1,0.699326902782665,1,0,0,1
2017-09-27,MSFT,73.85,True,False,74.3655,73.08933333333333,1,0,1,0.5834726422319374,1,0,1,0
2017-09-27,NVDA,175.73,True,False,173.2625,166.37033333333335,1,0,1,0.6248421132066712,1,0,1,0
2017-09-28,AAPL,153.28,True,False,158.10250000000002,155.708,1,0,1,0.5954786198630895,1,0,1,0
2017-09-28,AMZN,956.4,False,True,969.9549999999999,983.3706666666668,0,1,1,0.5868037240140007,1,0,0,1
2017-09-28,BAC,25.45,True,False,24.302500000000002,24.240000000000002,1,0,1,0.615260689275214,1,0,1,0
2017-09-28,FB,168.73,True,False,170.64600000000002,167.3918333333333,1,0,1,0.5961545739720625,1,0,1,0
2017-09-28,GOOG,949.5,False,True,930.3104999999999,932.005,0,1,1,0.6160857348120167,1,0,0,1
2017-09-28,GOOGL,964.81,False,True,944.9604999999999,948.9036666666667,0,1,1,0.6202412430836137,1,0,0,1
2017-09-28,MSFT,73.87,True,False,74.3585,73.16916666666667,1,0,1,0.6018829256160314,1,0,1,0
2017-09-28,NVDA,175.68,True,False,173.7625,166.91416666666663,1,0,1,0.6018829256160314,1,0,1,0
2017-09-29,AAPL,154.12,True,False,157.6085,155.89783333333335,1,0,1,0.5935139657481328,1,0,1,0
2017-09-29,AMZN,961.35,False,True,968.9925000000001,983.3075000000001,0,1,1,0.6018829256160314,1,0,0,1
2017-09-29,BAC,25.34,True,False,24.375,24.2505,1,0,1,0.6018829256160314,1,0,1,0
2017-09-29,FB,170.87,True,False,170.59099999999998,167.75933333333333,1,0,1,0.5855808304504444,1,0,1,0
2017-09-29,GOOG,959.11,False,True,931.2995000000001,932.8786666666667,0,1,1,0.6457578619206668,1,0,0,1
2017-09-29,GOOGL,973.72,False,True,945.8845000000001,949.6708333333333,0,1,1,0.6403952049144299,1,0,0,1
2017-09-29,MSFT,74.49,True,False,74.34450000000001,73.26783333333334,1,0,1,0.609077110429589,1,0,1,0
2017-09-29,NVDA,178.77,True,False,174.22899999999998,167.50233333333333,1,0,1,0.615953739449708,1,0,1,0
2017-10-02,AAPL,153.81,True,False,157.0965,156.05833333333334,1,0,1,0.5721460943727064,1,0,1,0
2017-10-02,AMZN,959.19,False,True,968.0395000000001,982.9813333333333,0,1,1,0.5806083418069256,1,0,0,1
2017-10-02,BAC,25.62,True,False,24.4515,24.26366666666667,1,0,1,0.6589200132691424,1,0,1,0
2017-10-02,FB,169.47,False,False,170.4635,168.05983333333333,1,0,1,0.5123654278298737,0,0,0,0
2017-10-02,GOOG,953.27,False,True,932.0960000000001,933.4566666666667,0,1,1,0.5892226248871318,1,0,0,1
2017-10-02,GOOGL,967.47,False,True,946.6584999999999,950.1151666666666,0,1,1,0.5911323005450161,1,0,0,1
2017-10-02,MSFT,74.61,True,False,74.378,73.35366666666667,1,0,1,0.6007124911131428,1,0,1,0
2017-10-02,NVDA,179.0,True,False,174.656,168.03966666666665,1,0,1,0.576389651721722,1,0,1,0
2017-10-03,AAPL,154.48,True,False,156.7165,156.21533333333335,1,0,1,0.5965553546663738,1,0,1,0
2017-10-03,AMZN,957.1,False,True,967.631,982.3251666666667,0,1,1,0.5728747660688152,1,0,0,1
2017-10-03,BAC,25.86,True,False,24.579,24.279833333333332,1,0,1,0.6413518872660141,1,0,1,0
2017-10-03,FB,169.96,True,False,170.4255,168.33416666666668,1,0,1,0.5900688671297921,1,0,1,0
2017-10-03,GOOG,957.79,False,True,933.5629999999999,933.9398333333334,0,1,1,0.609271953052865,1,0,0,1
2017-10-03,GOOGL,972.08,False,True,948.1885,950.4665,0,1,1,0.606961585172771,1,0,0,1
2017-10-03,MSFT,74.26,True,False,74.4105,73.425,1,0,1,0.5839324479690763,1,0,1,0
2017-10-03,NVDA,179.37,True,False,175.329,168.46750000000003,1,0,1,0.5920966617938876,1,0,1,0
2017-10-04,AAPL,153.48,False,True,156.29500000000002,156.34783333333334,0,1,1,0.5963858233047529,1,0,0,1
2017-10-04,AMZN,965.45,False,True,967.5135,981.8471666666667,0,1,1,0.6018829256160314,1,0,0,1
2017-10-04,BAC,25.71,True,False,24.694,24.298333333333336,1,0,1,0.6018829256160314,1,0,1,0
2017-10-04,FB,168.42,True,False,170.242,168.55333333333334,1,0,1,0.5850717604290314,1,0,1,0
2017-10-04,GOOG,951.68,True,False,934.7565000000001,934.2996666666667,1,0,1,0.5935584537233912,1,0,1,0
2017-10-04,GOOGL,966.78,False,True,949.4264999999999,950.6873333333333,0,1,1,0.591293817757457,1,0,0,1
2017-10-04,MSFT,74.69,True,False,74.475,73.50333333333333,1,0,1,0.6098952941998473,1,0,1,0
2017-10-04,NVDA,180.87,True,False,176.08200000000002,168.884,1,0,1,0.6171177149239432,1,0,1,0
2017-10-05,AAPL,155.39,False,True,156.0015,156.50866666666667,0,1,1,0.6133337350513806,1,0,0,1
2017-10-05,AMZN,980.85,False,True,967.5825000000001,981.4195,0,1,1,0.6380809857594031,1,0,0,1
2017-10-05,BAC,26.13,False,False,24.851999999999997,24.327999999999996,1,0,0,0.6471867733660082,1,0,0,0
2017-10-05,FB,171.24,True,False,170.1435,168.75900000000001,1,0,1,0.5933686613251054,1,0,1,0
2017-10-05,GOOG,969.96,True,False,936.457,934.7351666666667,1,0,1,0.6733847656448742,1,0,1,0
2017-10-05,GOOGL,985.19,True,False,951.1914999999999,950.9794999999999,1,0,1,0.6701861343900956,1,0,1,0
2017-10-05,MSFT,75.97,True,False,74.5565,73.58366666666666,1,0,1,0.6263092189853668,1,0,1,0
2017-10-05,NVDA,180.77,True,False,176.7915,169.18833333333333,1,0,1,0.5934821665411391,1,0,1,0
2017-10-06,AAPL,155.3,False,True,155.83499999999998,156.63416666666666,0,1,1,0.5894786750916646,1,0,0,1
2017-10-06,AMZN,989.58,False,True,968.7665000000001,981.2353333333334,0,1,1,0.6304771494087328,1,0,0,1
2017-10-06,BAC,26.21,False,False,25.018,24.354499999999998,1,0,0,0.6127363874580795,1,0,0,0
2017-10-06,FB,172.23,True,False,170.2075,168.97516666666667,1,0,1,0.6018829256160314,1,0,1,0
2017-10-06,GOOG,978.89,True,False,939.0765000000001,935.2639999999999,1,0,1,0.6534386660521537,1,0,1,0
2017-10-06,GOOGL,993.64,True,False,953.8030000000001,951.3926666666666,1,0,1,0.654550038832868,1,0,1,0
2017-10-06,MSFT,76.0,True,False,74.6575,73.65416666666667,1,0,1,0.6018829256160314,1,0,1,0
2017-10-06,NVDA,181.3,True,False,177.672,169.53283333333334,1,0,1,0.6210771276916044,1,0,1,0
2017-10-09,AAPL,155.84,False,True,155.552,156.7475,0,1,1,0.594679138615213,1,0,0,1
2017-10-09,AMZN,990.99,False,True,969.418,981.055,0,1,1,0.6018829256160314,1,0,0,1
2017-10-09,BAC,25.85,True,False,25.1425,24.381833333333336,1,0,1,0.5598851838844209,1,0,1,0
2017-10-09,FB,172.5,True,False,170.157,169.184,1,0,1,0.5992881275965043,1,0,1,0
2017-10-09,GOOG,977.0,True,False,941.4725000000001,935.6141666666666,1,0,1,0.610304014981482,1,0,1,0
2017-10-09,GOOGL,992.31,True,False,956.2539999999999,951.6493333333333,1,0,1,0.6149588319641937,1,0,1,0
2017-10-09,MSFT,76.29,True,False,74.73400000000001,73.71266666666666,1,0,1,0.6164151954545004,1,0,1,0
2017-10-09,NVDA,185.39,True,False,178.49150000000003,169.8735,1,0,1,0.6365931190146518,1,0,1,0
2017-10-10,AAPL,155.9,False,True,155.304,156.85316666666665,0,1,1,0.5967460890234729,1,0,0,1
2017-10-10,AMZN,987.2,False,True,969.649,980.6743333333333,0,1,1,0.5923361933538416,1,0,0,1
2017-10-10,BAC,25.93,True,False,25.2415,24.413666666666664,1,0,1,0.5940269499498044,1,0,1,0
2017-10-10,FB,171.59,True,False,170.0885,169.38166666666666,1,0,1,0.5762124458835081,1,0,1,0
2017-10-10,GOOG,972.6,True,False,943.499,935.9338333333333,1,0,1,0.580368328997453,1,0,1,0
2017-10-10,GOOGL,987.8,True,False,958.3115,951.8466666666667,1,0,1,0.5719099971846476,1,0,1,0
2017-10-10,MSFT,76.29,True,False,74.8145,73.76166666666667,1,0,1,0.5967460890234729,1,0,1,0
2017-10-10,NVDA,188.93,True,False,179.4575,170.28483333333332,1,0,1,0.5747017899867564,1,0,1,0
2017-10-11,AAPL,156.55,False,True,155.149,156.96099999999998,0,1,1,0.5967460890234729,1,0,0,1
2017-10-11,AMZN,995.0,False,True,969.4189999999999,980.1835,0,1,1,0.5423985477562909,0,0,0,1
2017-10-11,BAC,25.83,True,False,25.316499999999998,24.445833333333333,1,0,1,0.5962447970457432,1,0,1,0
2017-10-11,FB,172.74,True,False,170.073,169.5463333333333,1,0,1,0.5967460890234729,1,0,1,0
2017-10-11,GOOG,989.25,False,False,946.207,936.3313333333333,1,0,0,0.6138035673654919,1,0,0,0
2017-10-11,GOOGL,1005.65,False,False,961.0719999999999,952.1583333333333,1,0,0,0.6117404880686821,1,0,0,0
2017-10-11,MSFT,76.42,True,False,74.875,73.81366666666666,1,0,1,0.5950586595340268,1,0,1,0
2017-10-11,NVDA,190.94,False,False,180.48600000000002,170.70116666666667,1,0,0,0.6212264689864643,1,0,0,0
2017-10-12,AAPL,156.0,False,True,155.035,157.044,0,1,1,0.5874678138712881,1,0,0,1
2017-10-12,AMZN,1000.93,False,True,969.8549999999999,979.7511666666667,0,1,1,0.6018026882360547,1,0,0,1
2017-10-12,BAC,25.45,True,False,25.377000000000002,24.469,1,0,1,0.59232643428399,1,0,1,0
2017-10-12,FB,172.55,True,False,170.1525,169.6865,1,0,1,0.5967460890234729,1,0,1,0
2017-10-12,GOOG,987.83,True,False,949.3430000000001,936.6136666666666,1,0,1,0.5876545747277124,1,0,1,0
2017-10-12,GOOGL,1005.65,False,False,964.3480000000002,952.373,1,0,0,0.5824332287939205,1,0,0,0
2017-10-12,MSFT,77.12,False,False,74.99249999999999,73.868,1,0,0,0.6231881173442528,1,0,0,0
2017-10-12,NVDA,191.03,False,False,181.5675,171.13333333333333,1,0,0,0.5967460890234729,1,0,0,0
2017-10-13,AAPL,156.99,False,True,154.8905,157.15483333333336,0,1,1,0.5967460890234729,1,0,0,1
2017-10-13,AMZN,1002.94,False,True,970.6625,979.3218333333333,0,1,1,0.54122982079869,0,0,0,1
2017-10-13,BAC,25.83,True,False,25.4495,24.5005,1,0,1,0.6385278232940628,1,0,1,0
2017-10-13,FB,173.74,True,False,170.2575,169.84,1,0,1,0.6021278812199786,1,0,1,0
2017-10-13,GOOG,989.68,True,False,952.8125,936.9725,1,0,1,0.57365612038278,1,0,1,0
2017-10-13,GOOGL,1007.87,False,False,967.9770000000001,952.6343333333333,1,0,0,0.5652648041532133,1,0,0,0
2017-10-13,MSFT,77.49,False,False,75.1015,73.92249999999999,1,0,0,0.6111394433658671,1,0,0,0
2017-10-13,NVDA,194.59,False,False,182.29149999999998,171.58483333333334,1,0,0,0.6148858230553033,1,0,0,0
2017-10-16,AAPL,159.88,False,True,154.951,157.315,0,1,1,0.6005609540756985,1,0,0,1
2017-10-16,AMZN,1006.34,False,True,972.2700000000001,978.9996666666667,0,1,1,0.522208138551881,0,0,0,1
2017-10-16,BAC,26.24,True,False,25.526500000000002,24.541166666666665,1,0,1,0.6213238334466367,1,0,1,0
2017-10-16,FB,174.52,True,False,170.483,170.00816666666668,1,0,1,0.5967460890234729,1,0,1,0
2017-10-16,GOOG,992.0,False,False,956.6625,937.2905,1,0,0,0.5688406369409402,1,0,0,0
2017-10-16,GOOGL,1009.35,False,False,971.957,952.8928333333333,1,0,0,0.5642115292078398,1,0,0,0
2017-10-16,MSFT,77.65,False,False,75.226,73.98683333333334,1,0,0,0.6049692293147536,1,0,0,0
2017-10-16,NVDA,197.93,False,False,182.8105,172.082,1,0,0,0.6195744894450413,1,0,0,0
2017-10-17,AAPL,160.47,False,True,155.038,157.45466666666667,0,1,1,0.5967460890234729,1,0,0,1
2017-10-17,AMZN,1009.13,False,True,974.2334999999999,978.5026666666666,0,1,1,0.5547353866917634,1,0,0,1
2017-10-17,BAC,26.2,True,False,25.5935,24.579333333333334,1,0,1,0.5967460890234729,1,0,1,0
2017-10-17,FB,176.11,True,False,170.6625,170.17666666666668,1,0,1,0.6007980385672866,1,0,1,0
2017-10-17,GOOG,992.18,False,False,960.1809999999999,937.4878333333334,1,0,0,0.5967460890234729,1,0,0,0
2017-10-17,GOOGL,1011.0,False,False,975.664,953.1043333333332,1,0,0,0.5683289718606312,1,0,0,0
2017-10-17,MSFT,77.59,False,False,75.33349999999999,74.05333333333334,1,0,0,0.549743176816433,0,0,0,0
2017-10-17,NVDA,197.75,False,False,183.33049999999997,172.60866666666666,1,0,0,0.5967460890234729,1,0,0,0
2017-10-18,AAPL,159.76,False,True,155.2225,157.5716666666667,0,1,1,0.5877813494789174,1,0,0,1
2017-10-18,AMZN,997.0,False,True,975.423,977.7881666666667,0,1,1,0.5838693285330754,1,0,0,1
2017-10-18,BAC,26.48,True,False,25.664499999999997,24.612666666666666,1,0,1,0.6235278047217955,1,0,1,0
2017-10-18,FB,176.03,True,False,170.85549999999998,170.35583333333335,1,0,1,0.5967460890234729,1,0,1,0
2017-10-18,GOOG,992.81,False,False,963.2425,938.1896666666667,1,0,0,0.582819979114513,1,0,0,0
2017-10-18,GOOGL,1012.74,False,False,978.924,953.8328333333334,1,0,0,0.5751836071330357,1,0,0,0
2017-10-18,MSFT,77.61,False,False,75.46700000000001,74.11033333333333,1,0,0,0.6019100752786013,1,0,0,0
2017-10-18,NVDA,197.58,False,False,183.91750000000002,173.14583333333334,1,0,0,0.6018258952848283,1,0,0,0
2017-10-19,AAPL,155.98,False,True,155.352,157.61366666666666,0,1,1,0.6672765893434573,1,0,0,1
2017-10-19,AMZN,986.61,False,True,976.521,976.685,0,1,1,0.5967460890234729,1,0,0,1
2017-10-19,BAC,26.58,True,False,25.735499999999995,24.65216666666667,1,0,1,0.6006273261133325,1,0,1,0
2017-10-19,FB,174.56,True,False,171.02800000000002,170.505,1,0,1,0.558914920973507,1,0,1,0
2017-10-19,GOOG,984.45,True,False,965.8425000000001,938.8005,1,0,1,0.5668079527813817,1,0,1,0
2017-10-19,GOOGL,1001.84,True,False,981.6385,954.4416666666667,1,0,1,0.5626337669370494,1,0,1,0
2017-10-19,MSFT,77.91,False,False,75.652,74.17466666666665,1,0,0,0.6126322105959553,1,0,0,0
2017-10-19,NVDA,197.8,False,False,184.7695,173.65483333333333,1,0,0,0.6133892212676705,1,0,0,0
2017-10-20,AAPL,156.25,False,True,155.57,157.70850000000002,0,1,1,0.5943416444128885,1,0,0,1
2017-10-20,AMZN,982.91,True,False,977.9114999999999,975.6335,1,0,1,0.5838487664862928,1,0,1,0
2017-10-20,BAC,27.17,False,False,25.843,24.703166666666668,1,0,0,0.576882706560332,1,0,0,0
2017-10-20,FB,174.98,True,False,171.25000000000003,170.58066666666667,1,0,1,0.5967460890234729,1,0,1,0
2017-10-20,GOOG,988.2,True,False,968.826,939.7023333333333,1,0,1,0.5975513342102461,1,0,1,0
2017-10-20,GOOGL,1005.07,True,False,984.729,955.3176666666666,1,0,1,0.5881815091254468,1,0,1,0
2017-10-20,MSFT,78.81,False,False,75.872,74.26883333333333,1,0,0,0.5866611299626903,1,0,0,0
2017-10-20,NVDA,196.9,False,False,185.6645,174.2408333333333,1,0,0,0.5943818656109925,1,0,0,0
2017-10-23,AAPL,156.17,False,True,155.851,157.81966666666668,0,1,1,0.588795966208051,1,0,0,1
2017-10-23,AMZN,966.3,True,False,979.2369999999999,974.7378333333332,1,0,1,0.7031807182654193,1,0,1,0
2017-10-23,BAC,27.16,False,False,25.963,24.755333333333333,1,0,0,0.5162354482426502,0,0,0,0
2017-10-23,FB,171.27,True,False,171.67000000000002,170.561,1,0,1,0.5932470830201404,1,0,1,0
2017-10-23,GOOG,968.45,True,False,971.2,940.151,1,0,1,0.5817842762010155,1,0,1,0
2017-10-23,GOOGL,985.54,True,False,987.292,955.7711666666667,1,0,1,0.5717001931410437,1,0,1,0
2017-10-23,MSFT,78.83,False,False,76.1505,74.36533333333334,1,0,0,0.5488266377906693,0,0,0,0
2017-10-23,NVDA,196.62,False,False,186.94549999999998,174.778,1,0,0,0.5815971698865907,1,0,0,0
2017-10-24,AAPL,157.1,False,True,156.049,157.95916666666668,0,1,1,0.563034148677359,1,0,0,1
2017-10-24,AMZN,975.9,True,False,981.1020000000001,974.5398333333334,1,0,1,0.5930380177189719,1,0,1,0
2017-10-24,BAC,27.68,False,False,26.1065,24.814666666666668,1,0,0,0.5594602913442971,1,0,0,0
2017-10-24,FB,171.8,True,False,172.0495,170.60350000000003,1,0,1,0.5547227191021183,1,0,1,0
2017-10-24,GOOG,970.54,True,False,973.484,940.8183333333333,1,0,1,0.569459271677857,1,0,1,0
2017-10-24,GOOGL,988.49,True,False,989.8449999999999,956.4876666666665,1,0,1,0.5780300514540274,1,0,1,0
2017-10-24,MSFT,78.86,False,False,76.4305,74.468,1,0,0,0.5577334675925287,1,0,0,0
2017-10-24,NVDA,198.68,False,False,188.2815,175.38083333333333,1,0,0,0.6097075320589049,1,0,0,0
2017-10-25,AAPL,156.41,False,True,156.15800000000002,157.92283333333336,0,1,1,0.5960666645065118,1,0,0,1
2017-10-25,AMZN,972.91,True,False,982.204,974.2171666666668,1,0,1,0.6246787466999402,1,0,1,0
2017-10-25,BAC,27.635,False,False,26.217750000000002,24.85925,1,0,0,0.4942031404469009,0,0,0,0
2017-10-25,FB,170.6,True,False,172.19549999999998,170.6158333333333,1,0,1,0.7041248409541924,1,0,1,0
2017-10-25,GOOG,973.33,True,False,974.926,941.5266666666666,1,0,1,0.565365017297398,1,0,1,0
2017-10-25,GOOGL,991.46,True,False,991.423,957.236,1,0,1,0.5754533119666587,1,0,1,0
2017-10-25,MSFT,78.63,False,False,76.6695,74.56883333333333,1,0,0,0.5376099413564025,0,0,0,0
2017-10-25,NVDA,193.66,True,False,189.178,175.86700000000002,1,0,1,0.5836093058500229,1,0,1,0
2017-10-26,AAPL,157.41,False,True,156.3645,157.92733333333337,0,1,1,0.5967460890234729,1,0,0,1
2017-10-26,AMZN,972.43,True,False,983.0055,973.8261666666668,1,0,1,0.7544437687139004,1,0,1,0
2017-10-26,BAC,27.74,False,False,26.33225,24.911749999999998,1,0,0,0.620726952232303,1,0,0,0
2017-10-26,FB,170.63,True,False,172.2905,170.638,1,0,1,0.5809010892084544,1,0,1,0
2017-10-26,GOOG,972.56,True,False,976.079,942.2294999999999,1,0,1,0.6609835058044401,1,0,1,0
2017-10-26,GOOGL,991.42,True,False,992.7535,957.9656666666667,1,0,1,0.6248862006018387,1,0,1,0
2017-10-26,MSFT,78.76,False,False,76.914,74.67716666666666,1,0,0,0.563618239757206,1,0,0,0
2017-10-26,NVDA,195.69,True,False,190.1785,176.3886666666667,1,0,1,0.5964987066399854,1,0,1,0
2017-10-27,AAPL,163.05,False,True,156.811,158.052,0,1,1,0.6318353831074545,1,0,0,1
2017-10-27,AMZN,1100.95,False,True,989.9855,975.7266666666667,1,0,0,0.29390559672060546,0,1,0,1
2017-10-27,BAC,27.8,False,False,26.45525,24.968916666666665,1,0,0,0.5933966714286191,1,0,0,0
2017-10-27,FB,177.88,True,False,172.64100000000002,170.79283333333333,1,0,1,0.6760277278897017,1,0,1,0
2017-10-27,GOOG,1019.27,False,False,979.0869999999999,943.8231666666667,1,0,0,0.6728331507926087,1,0,0,0
2017-10-27,GOOGL,1033.67,False,False,995.7509999999999,959.5218333333333,1,0,0,0.6720313965976403,1,0,0,0
2017-10-27,MSFT,83.81,False,False,77.38,74.8715,1,0,0,0.6370529445237609,1,0,0,0
2017-10-27,NVDA,201.86,False,False,191.33300000000003,176.97833333333332,1,0,0,0.6126505688507193,1,0,0,0
2017-10-30,AAPL,166.72,False,True,157.4565,158.22416666666666,0,1,0,0.5673818515529926,1,0,0,1
2017-10-30,AMZN,1110.85,False,False,997.5685,977.7811666666668,1,0,0,0.567963551098131,1,0,0,0
2017-10-30,BAC,27.6,False,False,26.554250000000003,25.012749999999997,1,0,0,0.578561740106091,1,0,0,0
2017-10-30,FB,179.87,True,False,173.161,170.96366666666665,1,0,1,0.5500641875245246,1,0,1,0
2017-10-30,GOOG,1017.11,False,False,982.2789999999999,945.309,1,0,0,0.5453953258916224,0,0,0,0
2017-10-30,GOOGL,1033.13,False,False,999.034,960.9774999999998,1,0,0,0.5290459919770614,0,0,0,0
2017-10-30,MSFT,83.89,False,False,77.84400000000001,75.05833333333334,1,0,0,0.49615824634367356,0,0,0,0
2017-10-30,NVDA,203.84,False,False,192.575,177.58883333333333,1,0,0,0.5916031132656084,1,0,0,0
2017-10-31,AAPL,169.04,False,True,158.1845,158.39466666666667,0,1,0,0.5275617025815726,0,0,0,1
2017-10-31,AMZN,1105.28,False,False,1004.9775000000002,979.6646666666667,1,0,0,0.4818160721256061,0,0,0,0
2017-10-31,BAC,27.39,True,False,26.63075,25.05325,1,0,1,0.5747684327843648,1,0,1,0
2017-10-31,FB,180.06,False,False,173.666,171.09833333333333,1,0,1,0.5006534044288747,0,0,0,0
2017-10-31,GOOG,1016.64,True,False,985.2215,946.7636666666666,1,0,1,0.5967460890234729,1,0,1,0
2017-10-31,GOOGL,1033.04,False,False,1002.082,962.4323333333333,1,0,0,0.5967460890234729,1,0,0,0
2017-10-31,MSFT,83.18,False,False,78.29,75.23800000000001,1,0,0,0.491313968391048,0,0,0,0
2017-10-31,NVDA,206.81,False,False,193.947,178.16316666666668,1,0,0,0.6253768308351312,1,0,0,0
2017-11-01,AAPL,166.89,False,False,158.855,158.50816666666665,1,0,1,0.5111133916665163,0,0,0,0
2017-11-01,AMZN,1103.68,False,False,1011.8889999999999,981.562,1,0,0,0.4650548436662278,0,0,0,0
2017-11-01,BAC,27.53,True,False,26.721750000000004,25.097083333333334,1,0,1,0.5994468860530093,1,0,1,0
2017-11-01,FB,182.66,False,False,174.37800000000001,171.28883333333334,1,0,0,0.5534143289477051,1,0,0,0
2017-11-01,GOOG,1025.5,False,False,988.9125,948.4088333333333,1,0,0,0.618799196030293,1,0,0,0
2017-11-01,GOOGL,1042.6,False,False,1005.8729999999999,964.0725,1,0,0,0.6290677280729468,1,0,0,0
2017-11-01,MSFT,83.18,False,False,78.7145,75.41116666666667,1,0,0,0.5431046775205037,0,0,0,0
2017-11-01,NVDA,207.2,False,False,195.2635,178.77816666666666,1,0,0,0.5718708850516308,1,0,0,0
2017-11-02,AAPL,168.11,False,False,159.491,158.62566666666666,1,0,1,0.5172407370354412,0,0,0,0
2017-11-02,AMZN,1094.22,False,False,1017.5574999999999,983.4321666666667,1,0,0,0.48424677673209915,0,0,0,0
2017-11-02,BAC,27.87,False,False,26.808750000000003,25.149250000000002,1,0,0,0.6465376579638562,1,0,0,0
2017-11-02,FB,178.92,True,False,174.762,171.41783333333333,1,0,1,0.5623415359495101,1,0,1,0
2017-11-02,GOOG,1025.58,False,False,991.6935000000001,950.1201666666668,1,0,0,0.5967460890234729,1,0,0,0
2017-11-02,GOOGL,1042.97,False,False,1008.7620000000001,965.7873333333333,1,0,0,0.5967460890234729,1,0,0,0
2017-11-02,MSFT,84.05,False,False,79.1185,75.60416666666667,1,0,0,0.5513948497036449,1,0,0,0
2017-11-02,NVDA,205.94,False,False,196.522,179.342,1,0,0,0.5847743280781,1,0,0,0
2017-11-03,AAPL,172.5,False,False,160.351,158.91199999999998,1,0,0,0.59390925637533,1,0,0,0
2017-11-03,AMZN,1111.6,False,True,1023.6585000000001,986.0101666666667,1,0,0,0.37134345808028985,0,1,0,1
2017-11-03,BAC,27.82,False,False,26.889249999999997,25.210916666666666,1,0,0,0.5967460890234729,1,0,0,0
2017-11-03,FB,178.92,True,False,175.0965,171.60983333333334,1,0,1,0.5771506938358604,1,0,1,0
2017-11-03,GOOG,1032.48,False,False,994.3729999999999,952.2075,1,0,0,0.5818035686718329,1,0,0,0
2017-11-03,GOOGL,1049.99,False,False,1011.5795,967.8940000000001,1,0,0,0.5869437384094144,1,0,0,0
2017-11-03,MSFT,84.14,False,False,79.5255,75.81633333333335,1,0,0,0.6222021525219916,1,0,0,0
2017-11-03,NVDA,208.69,False,False,197.8915,180.07450000000003,1,0,0,0.6256683537618337,1,0,0,0
2017-11-06,AAPL,174.25,False,False,161.2715,159.1915,1,0,0,0.594537006663055,1,0,0,0
2017-11-06,AMZN,1120.66,False,True,1030.142,988.5546666666667,1,0,0,0.39328714300549183,0,1,0,1
2017-11-06,BAC,27.75,True,False,26.984250000000003,25.275750000000002,1,0,1,0.5967460890234729,1,0,1,0
2017-11-06,FB,180.17,True,False,175.48,171.81133333333335,1,0,1,0.6026610293670523,1,0,1,0
2017-11-06,GOOG,1025.9,True,False,996.818,954.066,1,0,1,0.5967460890234729,1,0,1,0
2017-11-06,GOOGL,1042.68,True,False,1014.098,969.7705,1,0,1,0.5967460890234729,1,0,1,0
2017-11-06,MSFT,84.47,False,False,79.9345,76.01583333333335,1,0,0,0.6509417269670282,1,0,0,0
2017-11-06,NVDA,209.63,False,False,199.1035,180.969,1,0,0,0.6173187161785152,1,0,0,0
2017-11-07,AAPL,174.81,False,False,162.21699999999998,159.4408333333333,1,0,0,0.6143007206534421,1,0,0,0
2017-11-07,AMZN,1123.17,False,True,1036.9405000000002,990.8858333333334,1,0,0,0.4267191544154972,0,1,0,1
2017-11-07,BAC,27.18,False,False,27.046749999999996,25.32175,1,0,1,0.5221655016597475,0,0,0,0
2017-11-07,FB,180.25,True,False,175.913,171.96966666666668,1,0,1,0.5967460890234729,1,0,1,0
2017-11-07,GOOG,1033.33,False,False,999.8545,955.9103333333334,1,0,0,0.5931931398345093,1,0,0,0
2017-11-07,GOOGL,1052.39,False,False,1017.3275000000001,971.6615,1,0,0,0.5955615748342566,1,0,0,0
2017-11-07,MSFT,84.27,False,False,80.3335,76.19383333333333,1,0,0,0.5709049075769855,1,0,0,0
2017-11-07,NVDA,212.03,False,False,200.2585,181.69616666666667,1,0,0,0.6255160054777431,1,0,0,0
2017-11-08,AAPL,176.24,False,False,163.2015,159.6848333333333,1,0,0,0.6307785021314625,1,0,0,0
2017-11-08,AMZN,1132.88,False,True,1043.8345000000002,993.3881666666667,1,0,0,0.44570703647717674,0,1,0,1
2017-11-08,BAC,26.79,True,False,27.094749999999998,25.360416666666666,1,0,1,0.640494903856179,1,0,1,0
2017-11-08,FB,179.56,True,False,176.254,172.11233333333334,1,0,1,0.592888478657594,1,0,1,0
2017-11-08,GOOG,1039.85,False,False,1002.3844999999999,957.8708333333333,1,0,0,0.5926886756644207,1,0,0,0
2017-11-08,GOOGL,1058.29,False,False,1019.9594999999999,973.6649999999998,1,0,0,0.5893170633310882,1,0,0,0
2017-11-08,MSFT,84.56,False,False,80.7405,76.38283333333334,1,0,0,0.6263014480375685,1,0,0,0
2017-11-08,NVDA,209.16,False,False,201.1695,182.39916666666667,1,0,0,0.4795317547991065,0,0,0,0
2017-11-09,AAPL,175.88,False,False,164.19549999999998,159.93366666666668,1,0,0,0.5928112621613664,1,0,0,0
2017-11-09,AMZN,1129.13,False,False,1050.2445000000002,995.9040000000001,1,0,0,0.5268443844135101,0,0,0,0
2017-11-09,BAC,26.49,True,False,27.146749999999997,25.39875,1,0,1,0.7302386910543915,1,0,1,0
2017-11-09,FB,179.3,True,False,176.5915,172.26733333333334,1,0,1,0.5952199886968343,1,0,1,0
2017-11-09,GOOG,1031.26,True,False,1004.5559999999999,959.6091666666667,1,0,1,0.5909158463205287,1,0,1,0
2017-11-09,GOOGL,1047.72,True,False,1022.0629999999999,975.3891666666666,1,0,1,0.5738222766650617,1,0,1,0
2017-11-09,MSFT,84.09,False,False,81.08900000000001,76.55683333333334,1,0,0,0.5436613176347755,0,0,0,0
2017-11-09,NVDA,205.32,True,False,201.88400000000001,183.06866666666667,1,0,1,0.6329531932777224,1,0,1,0
2017-11-10,AAPL,174.67,False,False,165.0795,160.21383333333333,1,0,0,0.586873370440683,1,0,0,0
2017-11-10,AMZN,1125.35,False,False,1056.365,998.6503333333334,1,0,0,0.5380120115325089,0,0,0,0
2017-11-10,BAC,26.51,True,False,27.18075,25.446583333333333,1,0,1,0.6245149507720594,1,0,1,0
2017-11-10,FB,178.46,True,False,176.82750000000001,172.45983333333334,1,0,1,0.5890525560951907,1,0,1,0
2017-11-10,GOOG,1028.07,True,False,1006.4755000000001,961.5606666666666,1,0,1,0.5967460890234729,1,0,1,0
2017-11-10,GOOGL,1044.15,True,False,1023.8770000000001,977.3306666666666,1,0,1,0.5967460890234729,1,0,1,0
2017-11-10,MSFT,83.87,False,False,81.408,76.748,1,0,0,0.5595907842784402,1,0,0,0
2017-11-10,NVDA,216.14,False,False,202.9615,183.97983333333332,1,0,0,0.6430132138882991,1,0,0,0
2017-11-13,AAPL,173.97,False,False,165.78400000000002,160.48833333333332,1,0,0,0.5967460890234729,1,0,0,0
2017-11-13,AMZN,1129.17,False,False,1062.5065,1001.4953333333334,1,0,0,0.5547995275982153,1,0,0,0
2017-11-13,BAC,26.4,True,False,27.188750000000006,25.492916666666662,1,0,1,0.6229263876325042,1,0,1,0
2017-11-13,FB,178.77,True,False,177.04000000000002,172.64916666666667,1,0,1,0.5967460890234729,1,0,1,0
2017-11-13,GOOG,1025.75,True,False,1008.1630000000001,963.4786666666666,1,0,1,0.5821404245313953,1,0,1,0
2017-11-13,GOOGL,1041.2,True,False,1025.4695000000002,979.2476666666666,1,0,1,0.5858147859107306,1,0,1,0
2017-11-13,MSFT,83.93,False,False,81.72200000000001,76.93866666666666,1,0,0,0.584614990621358,1,0,0,0
2017-11-13,NVDA,212.63,False,False,203.69650000000001,184.832,1,0,1,0.4767879864414473,0,0,0,0
2017-11-14,AAPL,171.34,False,False,166.3275,160.72383333333335,1,0,1,0.5436654037055161,0,0,0,0
2017-11-14,AMZN,1136.84,False,False,1068.892,1004.5545000000001,1,0,0,0.5804214456345101,1,0,0,0
2017-11-14,BAC,26.24,True,False,27.190749999999998,25.540583333333334,1,0,1,0.6237248591699847,1,0,1,0
2017-11-14,FB,178.07,True,False,177.13799999999998,172.82066666666665,1,0,1,0.5919269742193852,1,0,1,0
2017-11-14,GOOG,1026.0,True,False,1009.854,965.4676666666668,1,0,1,0.559554680900654,1,0,1,0
2017-11-14,GOOGL,1041.64,True,False,1027.0015,981.2605000000001,1,0,1,0.5593269171506922,1,0,1,0
2017-11-14,MSFT,84.05,False,False,82.045,77.137,1,0,0,0.6044851007463984,1,0,0,0
2017-11-14,NVDA,214.18,True,False,204.518,185.74916666666664,1,0,1,0.6161171202791567,1,0,1,0
2017-11-15,AAPL,169.08,True,False,166.7935,160.87883333333332,1,0,1,0.5825818911266243,1,0,1,0
2017-11-15,AMZN,1126.69,False,False,1075.3765,1007.2176666666667,1,0,0,0.5774547984697673,1,0,0,0
2017-11-15,BAC,26.79,True,False,27.20625,25.589916666666667,1,0,1,0.6375256401490841,1,0,1,0
2017-11-15,FB,177.95,True,False,177.23399999999998,172.95916666666668,1,0,1,0.5950553193378303,1,0,1,0
2017-11-15,GOOG,1020.91,False,False,1011.259,967.0713333333333,1,0,1,0.5170713122338647,0,0,0,0
2017-11-15,GOOGL,1036.41,False,False,1028.185,982.8606666666667,1,0,1,0.5223608959283127,0,0,0,0
2017-11-15,MSFT,82.98,False,False,82.3135,77.30066666666667,1,0,1,0.510275918602993,0,0,0,0
2017-11-15,NVDA,209.98,False,False,205.138,186.53966666666668,1,0,1,0.5000174766734081,0,0,0,0
2017-11-16,AAPL,171.1,True,False,167.54950000000002,161.06416666666667,1,0,1,0.5689960706268002,1,0,1,0
2017-11-16,AMZN,1137.29,False,False,1082.9105000000002,1010.2058333333333,1,0,0,0.6069446457352717,1,0,0,0
2017-11-16,BAC,26.76,True,False,27.215250000000005,25.639916666666668,1,0,1,0.592553811456662,1,0,1,0
2017-11-16,FB,179.59,True,False,177.4855,173.1405,1,0,1,0.6101184566170781,1,0,1,0
2017-11-16,GOOG,1032.5,True,False,1013.6614999999999,968.8296666666666,1,0,1,0.6049679705871714,1,0,1,0
2017-11-16,GOOGL,1048.47,True,False,1030.5165000000002,984.6255,1,0,1,0.605177602038327,1,0,1,0
2017-11-16,MSFT,83.2,True,False,82.578,77.47533333333334,1,0,1,0.5875784415519526,1,0,1,0
2017-11-16,NVDA,211.61,True,False,205.8285,187.30316666666664,1,0,1,0.6057905266946071,1,0,1,0
2017-11-17,AAPL,170.15,True,False,168.24450000000002,161.2455,1,0,1,0.5627059861824798,1,0,1,0
2017-11-17,AMZN,1129.88,False,False,1090.259,1013.1630000000001,1,0,1,0.5468083539667034,0,0,0,0
2017-11-17,BAC,26.62,True,False,27.18775,25.686249999999998,1,0,1,0.58878310702926,1,0,1,0
2017-11-17,FB,179.0,True,False,177.68649999999997,173.32816666666668,1,0,1,0.5739512975665444,1,0,1,0
2017-11-17,GOOG,1019.09,False,False,1015.2059999999999,970.4598333333334,1,0,1,0.4916901003230212,0,0,0,0
2017-11-17,GOOGL,1035.89,False,False,1032.0575000000001,986.2755,1,0,1,0.46488907293563586,0,0,0,0
2017-11-17,MSFT,82.4,False,False,82.7575,77.63716666666666,1,0,1,0.523586956821565,0,0,0,0
2017-11-17,NVDA,211.36,True,False,206.55149999999998,188.07266666666666,1,0,1,0.5751582903455943,1,0,1,0
2017-11-20,AAPL,169.98,True,False,168.935,161.41416666666663,1,0,1,0.5967460890234729,1,0,1,0
2017-11-20,AMZN,1126.31,False,False,1098.2595,1016.1805,1,0,1,0.5308921374834776,0,0,0,0
2017-11-20,BAC,26.74,True,False,27.16675,25.73575,1,0,1,0.5967460890234729,1,0,1,0
2017-11-20,FB,178.74,True,False,178.06,173.53516666666667,1,0,1,0.5967460890234729,1,0,1,0
2017-11-20,GOOG,1018.38,False,False,1017.7025000000001,972.168,1,0,1,0.49907379411739117,0,0,0,0
2017-11-20,GOOGL,1034.66,False,False,1034.5135,988.0115000000001,1,0,1,0.5008205815902638,0,0,0,0
2017-11-20,MSFT,82.53,True,False,82.9425,77.799,1,0,1,0.5786477000799779,1,0,1,0
2017-11-20,NVDA,214.08,True,False,207.4245,188.91049999999998,1,0,1,0.6197023152633913,1,0,1,0
2017-11-21,AAPL,173.14,True,False,169.73700000000002,161.60866666666666,1,0,1,0.6044830996911649,1,0,1,0
2017-11-21,AMZN,1139.49,False,False,1106.4389999999999,1019.405,1,0,0,0.6074036302315858,1,0,0,0
2017-11-21,BAC,26.73,True,False,27.11925,25.785916666666665,1,0,1,0.5778610434602471,1,0,1,0
2017-11-21,FB,181.86,True,False,178.56300000000002,173.77883333333332,1,0,1,0.6008140006502294,1,0,1,0
2017-11-21,GOOG,1034.49,True,False,1020.9,974.1793333333333,1,0,1,0.5782128678371119,1,0,1,0
2017-11-21,GOOGL,1050.3,True,False,1037.604,990.0476666666667,1,0,1,0.5749635326725299,1,0,1,0
2017-11-21,MSFT,83.72,True,False,83.1855,77.98049999999999,1,0,1,0.6397044591694913,1,0,1,0
2017-11-21,NVDA,216.05,True,False,208.29299999999998,189.76183333333336,1,0,1,0.6185610408947497,1,0,1,0
2017-11-22,AAPL,174.96,True,False,170.6645,161.80949999999999,1,0,1,0.6074211481119346,1,0,1,0
2017-11-22,AMZN,1156.16,False,False,1115.6015000000002,1022.7733333333333,1,0,0,0.5887446707159094,1,0,0,0
2017-11-22,BAC,26.66,True,False,27.0705,25.83725,1,0,1,0.593635591365859,1,0,1,0
2017-11-22,FB,180.87,True,False,179.0765,173.99249999999998,1,0,1,0.5826988780840228,1,0,1,0
2017-11-22,GOOG,1035.96,False,False,1024.0314999999998,976.0905,1,0,1,0.5445403787727868,0,0,0,0
2017-11-22,GOOGL,1051.92,True,False,1040.627,991.9838333333333,1,0,1,0.560652126314315,1,0,1,0
2017-11-22,MSFT,83.11,False,False,83.40950000000001,78.14816666666667,1,0,1,0.5337390557333892,0,0,0,0
2017-11-22,NVDA,214.93,True,False,209.3565,190.599,1,0,1,0.5735713361145379,1,0,1,0
2017-11-24,AAPL,174.97,True,False,171.5425,162.0031666666667,1,0,1,0.5967460890234729,1,0,1,0
2017-11-24,AMZN,1186.0,False,False,1126.2800000000002,1026.4135,1,0,0,0.601068248440874,1,0,0,0
2017-11-24,BAC,26.59,True,False,27.013000000000005,25.882583333333333,1,0,1,0.5798372868474798,1,0,1,0
2017-11-24,FB,182.78,True,False,179.68400000000003,174.20683333333332,1,0,1,0.6195251629495506,1,0,1,0
2017-11-24,GOOG,1040.61,True,False,1027.434,977.9411666666666,1,0,1,0.5938067703053199,1,0,1,0
2017-11-24,GOOGL,1056.52,True,False,1043.882,993.8653333333333,1,0,1,0.570052428222095,1,0,1,0
2017-11-24,MSFT,83.26,True,False,83.6345,78.30233333333332,1,0,1,0.5967460890234729,1,0,1,0
2017-11-24,NVDA,216.96,True,False,210.42,191.4536666666667,1,0,1,0.6209442226864692,1,0,1,0
2017-11-27,AAPL,174.09,True,False,172.0945,162.1713333333333,1,0,1,0.5818925492767102,1,0,1,0
2017-11-27,AMZN,1195.83,False,False,1131.024,1030.0006666666666,1,0,0,0.5409200504100136,0,0,0,0
2017-11-27,BAC,26.59,True,False,26.952499999999997,25.927583333333335,1,0,1,0.5928137300382849,1,0,1,0
2017-11-27,FB,183.03,True,False,179.9415,174.39116666666666,1,0,1,0.5948333501968038,1,0,1,0
2017-11-27,GOOG,1054.21,True,False,1029.181,979.8558333333333,1,0,1,0.5699935319322849,1,0,1,0
2017-11-27,GOOGL,1072.01,True,False,1045.7990000000002,995.8115,1,0,1,0.5704731401913697,1,0,1,0
2017-11-27,MSFT,83.87,True,False,83.6375,78.454,1,0,1,0.61196142075247,1,0,1,0
2017-11-27,NVDA,214.14,False,False,211.03400000000002,192.19866666666667,1,0,1,0.5118142380135955,0,0,0,0
2017-11-28,AAPL,173.07,False,False,172.41199999999998,162.3216666666667,1,0,1,0.5337914927585142,0,0,0,0
2017-11-28,AMZN,1193.6,False,False,1135.1615,1033.5898333333332,1,0,0,0.5519805344839886,1,0,0,0
2017-11-28,BAC,27.64,True,False,26.954500000000003,25.986749999999997,1,0,1,0.6199920977471908,1,0,1,0
2017-11-28,FB,182.42,True,False,180.06900000000002,174.56449999999998,1,0,1,0.5602983729550327,1,0,1,0
2017-11-28,GOOG,1047.41,False,False,1030.696,981.6903333333333,1,0,1,0.49411061175507504,0,0,0,0
2017-11-28,GOOGL,1063.29,False,False,1047.307,997.6665,1,0,1,0.4885344995663353,0,0,0,0
2017-11-28,MSFT,84.88,True,False,83.687,78.63633333333333,1,0,1,0.5731747567397192,1,0,1,0
2017-11-28,NVDA,210.71,False,False,211.3775,192.8695,1,0,1,0.5233725529482695,0,0,0,0
2017-11-29,AAPL,169.48,True,False,172.434,162.44500000000002,1,0,1,0.6365133893447734,1,0,1,0
2017-11-29,AMZN,1161.27,True,False,1137.9609999999998,1036.8565,1,0,1,0.6411049839254088,1,0,1,0
2017-11-29,BAC,28.28,False,False,26.999000000000002,26.069583333333334,1,0,0,0.5704415943743019,1,0,0,0
2017-11-29,FB,175.13,True,False,179.82250000000002,174.638,1,0,1,0.7634837741840386,1,0,1,0
2017-11-29,GOOG,1021.66,True,False,1030.9470000000001,983.2438333333334,1,0,1,0.7699892733994197,1,0,1,0
2017-11-29,GOOGL,1037.38,True,False,1047.524,999.2648333333333,1,0,1,0.7491014173314742,1,0,1,0
2017-11-29,MSFT,83.34,True,False,83.695,78.7985,1,0,1,0.6325901329106158,1,0,1,0
2017-11-29,NVDA,196.42,True,False,210.858,193.37800000000001,1,0,1,0.8335508729071596,1,0,1,0
2017-11-30,AAPL,171.85,True,False,172.68200000000002,162.61066666666667,1,0,1,0.6361538748318495,1,0,1,0
2017-11-30,AMZN,1176.75,True,False,1141.6145000000001,1040.339,1,0,1,0.5921028563202693,1,0,1,0
2017-11-30,BAC,28.17,False,False,27.031,26.14891666666667,1,0,1,0.5012083842878222,0,0,0,0
2017-11-30,FB,177.18,True,False,179.5485,174.72283333333334,1,0,1,0.6253561250082702,1,0,1,0
2017-11-30,GOOG,1021.41,True,False,1030.7425,984.8038333333334,1,0,1,0.6129541430293651,1,0,1,0
2017-11-30,GOOGL,1036.17,True,False,1047.2025,1000.8340000000001,1,0,1,0.6449326825719105,1,0,1,0
2017-11-30,MSFT,84.17,True,False,83.7445,78.97800000000001,1,0,1,0.5862786517405442,1,0,1,0
2017-11-30,NVDA,200.71,True,False,210.5335,193.95966666666666,1,0,1,0.6570904088456967,1,0,1,0
2017-12-01,AAPL,171.05,True,False,172.829,162.77383333333333,1,0,1,0.6111342670091942,1,0,1,0
2017-12-01,AMZN,1162.35,False,False,1145.0210000000002,1043.387,1,0,1,0.48766338168124235,0,0,0,0
2017-12-01,BAC,28.1,False,False,27.0425,26.234416666666668,1,0,1,0.5075614310410487,0,0,0,0
2017-12-01,FB,175.1,True,False,179.35750000000002,174.75433333333334,1,0,1,0.6977928752082688,1,0,1,0
2017-12-01,GOOG,1010.17,True,False,1029.972,986.0408333333332,1,0,1,0.7229686785845917,1,0,1,0
2017-12-01,GOOGL,1025.07,True,False,1046.3075000000001,1002.087,1,0,1,0.6933532969067238,1,0,1,0
2017-12-01,MSFT,84.26,False,False,83.75500000000001,79.14333333333335,1,0,1,0.5397782485760106,0,0,0,0
2017-12-01,NVDA,197.68,True,False,210.1205,194.478,1,0,1,0.7713028545000716,1,0,1,0
2017-12-04,AAPL,169.8,True,False,172.69400000000002,162.95999999999998,1,0,1,0.6170486856078173,1,0,1,0
2017-12-04,AMZN,1133.95,True,False,1146.1384999999998,1046.1878333333334,1,0,1,0.6922042767513371,1,0,1,0
2017-12-04,BAC,29.06,False,False,27.104499999999994,26.337249999999997,1,0,0,0.5734023292132987,1,0,0,0
2017-12-04,FB,171.47,True,False,178.985,174.763,1,0,1,0.7599433919173566,1,0,1,0
2017-12-04,GOOG,998.68,True,False,1028.282,987.2438333333333,1,0,1,0.7655545585963873,1,0,1,0
2017-12-04,GOOGL,1011.87,True,False,1044.4015,1003.2613333333334,1,0,1,0.7558918337603915,1,0,1,0
2017-12-04,MSFT,81.08,True,False,83.602,79.26166666666667,1,0,1,0.7729532522027264,1,0,1,0
2017-12-04,NVDA,186.66,True,False,209.019,194.86083333333332,1,0,1,0.8380991895916381,1,0,1,0
2017-12-05,AAPL,169.64,True,False,172.4635,163.09566666666666,1,0,1,0.579494569475812,1,0,1,0
2017-12-05,AMZN,1141.57,False,False,1147.184,1048.9146666666668,1,0,1,0.5130761883550354,0,0,0,0
2017-12-05,BAC,28.93,False,False,27.1635,26.430083333333336,1,0,0,0.5037645735601063,0,0,0,0
2017-12-05,FB,172.83,True,False,178.618,174.75166666666667,1,0,1,0.6968037809474373,1,0,1,0
2017-12-05,GOOG,1005.15,True,False,1027.2445,988.5116666666667,1,0,1,0.6659723673316382,1,0,1,0
2017-12-05,GOOGL,1019.6,True,False,1043.2475,1004.5331666666666,1,0,1,0.5952468794190683,1,0,1,0
2017-12-05,MSFT,81.59,True,False,83.458,79.37550000000002,1,0,1,0.6609060989377795,1,0,1,0
2017-12-05,NVDA,187.74,True,False,207.9245,195.17316666666665,1,0,1,0.8180889034997518,1,0,1,0
2017-12-06,AAPL,169.01,True,False,172.17350000000002,163.2315,1,0,1,0.5629652683317675,1,0,1,0
2017-12-06,AMZN,1152.35,False,True,1148.643,1051.7441666666666,1,0,1,0.43376496442381135,0,1,0,1
2017-12-06,BAC,28.64,False,False,27.2365,26.50825,1,0,1,0.5243396431936052,0,0,0,0
2017-12-06,FB,176.06,True,False,178.4085,174.80333333333334,1,0,1,0.5916734584700202,1,0,1,0
2017-12-06,GOOG,1018.38,False,False,1026.4969999999998,989.9501666666666,1,0,1,0.4982118603589189,0,0,0,0
2017-12-06,GOOGL,1032.72,False,False,1042.264,1005.9676666666668,1,0,1,0.49429551947157463,0,0,0,0
2017-12-06,MSFT,82.78,True,False,83.3835,79.51050000000001,1,0,1,0.6197024957296392,1,0,1,0
2017-12-06,NVDA,189.26,True,False,206.786,195.5006666666667,1,0,1,0.5807492419554801,1,0,1,0
2017-12-07,AAPL,169.32,True,False,171.8275,163.39266666666666,1,0,1,0.5554583102458307,1,0,1,0
2017-12-07,AMZN,1159.79,False,True,1149.9885,1054.414,1,0,1,0.43966659007955955,0,1,0,1
2017-12-07,BAC,28.78,True,False,27.336000000000002,26.58241666666667,1,0,1,0.5786128631872433,1,0,1,0
2017-12-07,FB,180.14,True,False,178.4375,174.92149999999998,1,0,1,0.594555622652251,1,0,1,0
2017-12-07,GOOG,1030.93,False,False,1026.051,991.5475,1,0,1,0.5378851073242061,0,0,0,0
2017-12-07,GOOGL,1044.57,False,False,1041.578,1007.5365,1,0,1,0.5228545848882511,0,0,0,0
2017-12-07,MSFT,82.49,True,False,83.28,79.63183333333333,1,0,1,0.5827301853688207,1,0,1,0
2017-12-07,NVDA,191.99,True,False,205.9275,195.861,1,0,1,0.5530824882099308,1,0,1,0
2017-12-08,AAPL,169.37,True,False,171.502,163.5775,1,0,1,0.5726752612416425,1,0,1,0
2017-12-08,AMZN,1162.0,False,True,1151.632,1057.2438333333334,1,0,1,0.4391028955969277,0,1,0,1
2017-12-08,BAC,29.05,False,False,27.464000000000006,26.662583333333334,1,0,0,0.6222657577461207,1,0,0,0
2017-12-08,FB,179.0,False,False,178.42249999999999,175.0555,1,0,1,0.5207106271692536,0,0,0,0
2017-12-08,GOOG,1037.05,False,False,1026.3404999999998,993.4131666666667,1,0,1,0.5092234776956543,0,0,0,0
2017-12-08,GOOGL,1049.38,False,False,1041.661,1009.3573333333334,1,0,1,0.5131328130501822,0,0,0,0
2017-12-08,MSFT,84.16,True,False,83.28349999999999,79.78833333333333,1,0,1,0.5941381553580938,1,0,1,0
2017-12-08,NVDA,191.49,True,False,205.23600000000002,196.22916666666666,1,0,1,0.600306506159824,1,0,1,0
2017-12-11,AAPL,172.67,True,False,171.402,163.79066666666665,1,0,1,0.6047550472881259,1,0,1,0
2017-12-11,AMZN,1168.92,False,True,1153.8105,1060.2793333333334,1,0,1,0.4215896282056375,0,1,0,1
2017-12-11,BAC,28.94,True,False,27.585500000000003,26.738583333333334,1,0,1,0.575783265729304,1,0,1,0
2017-12-11,FB,179.04,True,False,178.45149999999998,175.17883333333333,1,0,1,0.5838621256417194,1,0,1,0
2017-12-11,GOOG,1041.1,True,False,1026.992,995.4266666666666,1,0,1,0.564297879656978,1,0,1,0
2017-12-11,GOOGL,1051.97,True,False,1042.0520000000001,1011.302,1,0,1,0.5791916462730464,1,0,1,0
2017-12-11,MSFT,85.23,True,False,83.3515,79.95366666666668,1,0,1,0.5677884456439267,1,0,1,0
2017-12-11,NVDA,194.66,True,False,204.162,196.47166666666666,1,0,1,0.5815773099795758,1,0,1,0
2017-12-12,AAPL,171.7,True,False,171.2885,164.0078333333333,1,0,1,0.5848137482445255,1,0,1,0
2017-12-12,AMZN,1165.08,False,True,1155.6060000000002,1063.4608333333333,1,0,1,0.42807933545797267,0,1,0,1
2017-12-12,BAC,29.32,False,False,27.7315,26.815583333333333,1,0,0,0.637233839495743,1,0,0,0
2017-12-12,FB,176.96,False,False,178.361,175.29466666666667,1,0,1,0.544504720701113,0,0,0,0
2017-12-12,GOOG,1040.48,True,False,1027.7285,997.518,1,0,1,0.5747269433852612,1,0,1,0
2017-12-12,GOOGL,1048.77,False,False,1042.4305,1013.2856666666668,1,0,1,0.4954200927976633,0,0,0,0
2017-12-12,MSFT,85.58,True,False,83.434,80.12733333333334,1,0,1,0.5567567953109896,1,0,1,0
2017-12-12,NVDA,190.84,True,False,203.0725,196.5265,1,0,1,0.6096985456213243,1,0,1,0
2017-12-13,AAPL,172.27,True,False,171.335,164.2335,1,0,1,0.5962310938712072,1,0,1,0
2017-12-13,AMZN,1164.13,False,True,1156.9705,1066.6986666666667,1,0,1,0.4405273577586588,0,1,0,1
2017-12-13,BAC,28.84,False,False,27.8615,26.881916666666665,1,0,1,0.4907872620597563,0,0,0,0
2017-12-13,FB,178.3,True,False,178.3725,175.39100000000002,1,0,1,0.5967460890234729,1,0,1,0
2017-12-13,GOOG,1040.61,True,False,1028.459,999.498,1,0,1,0.5921083041477421,1,0,1,0
2017-12-13,GOOGL,1051.39,True,False,1042.9180000000001,1015.1945000000001,1,0,1,0.586385207044831,1,0,1,0
2017-12-13,MSFT,85.35,True,False,83.499,80.2925,1,0,1,0.571688196303555,1,0,1,0
2017-12-13,NVDA,186.18,True,False,201.6725,196.507,1,0,1,0.665927131591942,1,0,1,0
2017-12-14,AAPL,172.22,True,False,171.492,164.50266666666667,1,0,1,0.5967460890234729,1,0,1,0
2017-12-14,AMZN,1174.26,False,False,1159.349,1070.0495,1,0,1,0.49781039707145897,0,0,0,0
2017-12-14,BAC,28.73,True,False,27.958499999999997,26.943083333333334,1,0,1,0.5738417211830994,1,0,1,0
2017-12-14,FB,178.39,True,False,178.3945,175.49466666666666,1,0,1,0.5854930853332657,1,0,1,0
2017-12-14,GOOG,1049.15,True,False,1029.8709999999999,1001.4575,1,0,1,0.6127324156359922,1,0,1,0
2017-12-14,GOOGL,1057.47,True,False,1043.971,1017.0266666666666,1,0,1,0.5923251394033393,1,0,1,0
2017-12-14,MSFT,84.69,True,False,83.5845,80.455,1,0,1,0.557502882121071,1,0,1,0
2017-12-14,NVDA,186.47,True,False,200.497,196.51749999999998,1,0,1,0.5970202601732095,1,0,1,0
2017-12-15,AAPL,173.97,True,False,171.6355,164.84566666666666,1,0,1,0.5523581376636822,1,0,1,0
2017-12-15,AMZN,1179.14,False,False,1161.4415,1073.6243333333334,1,0,1,0.5245555762984978,0,0,0,0
2017-12-15,BAC,29.04,True,False,28.0725,27.007749999999998,1,0,1,0.6078501900415338,1,0,1,0
2017-12-15,FB,180.18,True,False,178.42400000000004,175.64583333333334,1,0,1,0.5889461597088799,1,0,1,0
2017-12-15,GOOG,1064.19,True,False,1031.4555,1003.6531666666667,1,0,1,0.6074512793623907,1,0,1,0
2017-12-15,GOOGL,1072.0,True,False,1045.1474999999998,1019.1008333333333,1,0,1,0.6033634105692656,1,0,1,0
2017-12-15,MSFT,86.85,True,False,83.767,80.66566666666668,1,0,1,0.6142233491673363,1,0,1,0
2017-12-15,NVDA,191.56,False,False,199.4945,196.69750000000002,1,0,1,0.5441014979202624,0,0,0,0
2017-12-18,AAPL,176.42,True,False,171.949,165.25449999999998,1,0,1,0.6114718550746056,1,0,1,0
2017-12-18,AMZN,1190.58,True,False,1164.4765000000002,1077.549,1,0,1,0.5570235811880243,1,0,1,0
2017-12-18,BAC,29.48,True,False,28.2155,27.082083333333333,1,0,1,0.6160988257400923,1,0,1,0
2017-12-18,FB,180.82,True,False,178.51500000000001,175.81716666666668,1,0,1,0.5914711810404325,1,0,1,0
2017-12-18,GOOG,1077.14,False,False,1034.358,1006.1299999999999,1,0,0,0.601855801243423,1,0,0,0
2017-12-18,GOOGL,1085.09,True,False,1047.6074999999998,1021.4646666666667,1,0,1,0.6004712324587784,1,0,1,0
2017-12-18,MSFT,86.38,True,False,83.96600000000001,80.86516666666668,1,0,1,0.5676499995915549,1,0,1,0
2017-12-18,NVDA,197.9,False,False,198.8215,197.0125,1,0,1,0.4911408347016366,0,0,0,0
2017-12-19,AAPL,174.54,False,False,172.177,165.65433333333334,1,0,1,0.5357153452123008,0,0,0,0
2017-12-19,AMZN,1187.38,False,False,1167.53,1081.6755,1,0,1,0.5493030294702677,0,0,0,0
2017-12-19,BAC,29.45,True,False,28.351,27.16025,1,0,1,0.5739825929940375,1,0,1,0
2017-12-19,FB,179.51,True,False,178.5535,176.0945,1,0,1,0.5651996567561712,1,0,1,0
2017-12-19,GOOG,1070.68,True,False,1036.973,1008.6251666666667,1,0,1,0.5967460890234729,1,0,1,0
2017-12-19,GOOGL,1079.78,True,False,1049.8635,1023.8896666666666,1,0,1,0.5967460890234729,1,0,1,0
2017-12-19,MSFT,85.83,True,False,84.131,81.07466666666667,1,0,1,0.5548688748002281,1,0,1,0
2017-12-19,NVDA,196.11,True,False,197.923,197.431,1,0,1,0.5583273129513668,1,0,1,0
2017-12-20,AAPL,174.35,True,False,172.2375,166.00783333333337,1,0,1,0.5967460890234729,1,0,1,0
2017-12-20,AMZN,1177.62,False,False,1169.4365000000003,1085.6591666666668,1,0,1,0.5307571578726428,0,0,0,0
2017-12-20,BAC,29.48,True,False,28.4885,27.238083333333336,1,0,1,0.5609762463794363,1,0,1,0
2017-12-20,FB,177.89,True,False,178.355,176.32250000000002,1,0,1,0.5808834314665041,1,0,1,0
2017-12-20,GOOG,1064.95,True,False,1038.496,1010.9600000000002,1,0,1,0.5961768797323199,1,0,1,0
2017-12-20,GOOGL,1073.56,True,False,1051.0265,1026.1585,1,0,1,0.5907325623615843,1,0,1,0
2017-12-20,MSFT,85.52,True,False,84.221,81.279,1,0,1,0.5652583238676125,1,0,1,0
2017-12-20,NVDA,196.8,False,True,196.9605,197.845,0,1,1,0.5967460890234729,1,0,0,1
2017-12-21,AAPL,175.01,True,False,172.23999999999998,166.35416666666666,1,0,1,0.5967460890234729,1,0,1,0
2017-12-21,AMZN,1174.76,False,False,1170.3664999999999,1089.3906666666667,1,0,1,0.5404892344874858,0,0,0,0
2017-12-21,BAC,29.82,False,False,28.646499999999996,27.31158333333333,1,0,0,0.6110631233250926,1,0,0,0
2017-12-21,FB,177.45,True,False,178.184,176.48533333333336,1,0,1,0.5938343392643005,1,0,1,0
2017-12-21,GOOG,1063.63,True,False,1039.8795,1012.9456666666666,1,0,1,0.5956708897693007,1,0,1,0
2017-12-21,GOOGL,1070.85,True,False,1051.9730000000002,1028.0076666666669,1,0,1,0.5967460890234729,1,0,1,0
2017-12-21,MSFT,85.5,True,False,84.34049999999999,81.47316666666667,1,0,1,0.5967460890234729,1,0,1,0
2017-12-21,NVDA,195.89,False,True,196.0085,198.18099999999998,0,1,1,0.5573574218089293,1,0,0,1
2017-12-22,AAPL,175.01,True,False,172.24200000000002,166.71633333333332,1,0,1,0.5967460890234729,1,0,1,0
2017-12-22,AMZN,1168.36,False,False,1169.4845,1092.9233333333332,1,0,1,0.5183772310008298,0,0,0,0
2017-12-22,BAC,29.88,False,False,28.810999999999996,27.385416666666668,1,0,0,0.5983425165140843,1,0,0,0
2017-12-22,FB,177.2,True,False,177.905,176.6265,1,0,1,0.5943845131648704,1,0,1,0
2017-12-22,GOOG,1060.12,True,False,1040.855,1014.7893333333334,1,0,1,0.5806458449046443,1,0,1,0
2017-12-22,GOOGL,1068.86,True,False,1052.5900000000001,1029.7418333333333,1,0,1,0.5762379480609683,1,0,1,0
2017-12-22,MSFT,85.51,True,False,84.453,81.66716666666666,1,0,1,0.5967460890234729,1,0,1,0
2017-12-22,NVDA,195.27,False,True,194.924,198.50750000000002,0,1,1,0.5778306183185578,1,0,0,1
2017-12-26,AAPL,170.57,True,False,172.06599999999997,166.9905,1,0,1,0.6282788928398685,1,0,1,0
2017-12-26,AMZN,1176.76,False,False,1168.531,1096.5135,1,0,1,0.549020580430808,0,0,0,0
2017-12-26,BAC,29.78,True,False,28.970500000000005,27.459416666666666,1,0,1,0.5967460890234729,1,0,1,0
2017-12-26,FB,175.99,True,False,177.553,176.71183333333335,1,0,1,0.5926654143119138,1,0,1,0
2017-12-26,GOOG,1056.74,True,False,1040.9815,1016.4164999999999,1,0,1,0.5877217950750667,1,0,1,0
2017-12-26,GOOGL,1065.85,True,False,1052.282,1031.2773333333332,1,0,1,0.5872822446201063,1,0,1,0
2017-12-26,MSFT,85.4,True,False,84.52950000000001,81.84899999999999,1,0,1,0.5954813732799366,1,0,1,0
2017-12-26,NVDA,197.44,False,True,194.089,198.81866666666667,0,1,1,0.5905788295248516,1,0,0,1
2017-12-27,AAPL,170.6,True,False,171.9425,167.27033333333333,1,0,1,0.5900179104817467,1,0,1,0
2017-12-27,AMZN,1182.26,False,False,1167.9640000000002,1100.2313333333334,1,0,1,0.5365290506131364,0,0,0,0
2017-12-27,BAC,29.73,True,False,29.075,27.527916666666666,1,0,1,0.5967460890234729,1,0,1,0
2017-12-27,FB,177.62,True,False,177.313,176.84766666666667,1,0,1,0.5967460890234729,1,0,1,0
2017-12-27,GOOG,1049.37,True,False,1041.0795,1018.0181666666666,1,0,1,0.5593850417038557,1,0,1,0
2017-12-27,GOOGL,1060.2,True,False,1052.1275,1032.8228333333334,1,0,1,0.5868790594930056,1,0,1,0
2017-12-27,MSFT,85.71,True,False,84.571,82.034,1,0,1,0.5967460890234729,1,0,1,0
2017-12-27,NVDA,197.17,False,True,193.41199999999998,199.12150000000003,0,1,1,0.584567067593595,1,0,0,1
2017-12-28,AAPL,171.08,True,False,172.0225,167.547,1,0,1,0.5967460890234729,1,0,1,0
2017-12-28,AMZN,1186.1,True,False,1169.2055,1104.048,1,0,1,0.5772243752659164,1,0,1,0
2017-12-28,BAC,29.8,True,False,29.151,27.593583333333335,1,0,1,0.5991741435910224,1,0,1,0
2017-12-28,FB,177.92,True,False,177.4525,176.98033333333333,1,0,1,0.5967460890234729,1,0,1,0
2017-12-28,GOOG,1048.14,True,False,1042.4035,1019.524,1,0,1,0.5967460890234729,1,0,1,0
2017-12-28,GOOGL,1055.95,True,False,1053.056,1034.2206666666668,1,0,1,0.5967460890234729,1,0,1,0
2017-12-28,MSFT,85.72,True,False,84.69,82.225,1,0,1,0.5967460890234729,1,0,1,0
2017-12-28,NVDA,197.4,False,True,193.46099999999998,199.422,0,1,1,0.5885119839220492,1,0,0,1
2017-12-29,AAPL,169.23,True,False,171.8915,167.80949999999999,1,0,1,0.6421121541005955,1,0,1,0
2017-12-29,AMZN,1169.47,False,False,1168.8415,1107.4483333333333,1,0,1,0.4990466954282245,0,0,0,0
2017-12-29,BAC,29.52,True,False,29.2185,27.657083333333333,1,0,1,0.5811172097460988,1,0,1,0
2017-12-29,FB,176.46,True,False,177.41649999999998,177.11433333333335,1,0,1,0.5895130537183025,1,0,1,0
2017-12-29,GOOG,1046.4,True,False,1043.6529999999998,1021.1026666666666,1,0,1,0.569304700998751,1,0,1,0
2017-12-29,GOOGL,1053.4,False,False,1053.9175,1035.6643333333334,1,0,1,0.545572529160025,0,0,0,0
2017-12-29,MSFT,85.54,True,False,84.7585,82.40583333333333,1,0,1,0.5823773157189795,1,0,1,0
2017-12-29,NVDA,193.5,False,True,193.10049999999998,199.63250000000002,0,1,1,0.6112126758600177,1,0,0,1
