date,ticker,close,ret_1d,entry_signal,exit_signal,position,sma_fast_col,sma_slow_col,trend_up,trend_down,rsi_not_hot,nn_prob,nn_bullish,nn_bearish,entry_long,exit_long
2016-01-04,AAPL,105.35,,False,False,0.0,,,False,False,True,,False,False,False,False
2016-01-04,AMZN,636.99,,False,False,0.0,,,False,False,True,,False,False,False,False
2016-01-04,BAC,16.43,,False,False,0.0,,,False,False,True,,False,False,False,False
2016-01-04,FB,102.22,,False,False,0.0,,,False,False,True,,False,False,False,False
2016-01-04,GOOG,741.84,,False,False,0.0,,,False,False,True,,False,False,False,False
2016-01-04,GOOGL,759.44,,False,False,0.0,,,False,False,True,,False,False,False,False
2016-01-04,MSFT,54.8,,False,False,0.0,,,False,False,True,,False,False,False,False
2016-01-04,NVDA,32.37,,False,False,0.0,,,False,False,True,,False,False,False,False
2016-01-05,AAPL,102.71,-0.025059326056003806,False,False,0.0,,,False,False,True,,False,False,False,False
2016-01-05,AMZN,633.79,-0.0050236267445329386,False,False,0.0,,,False,False,True,,False,False,False,False
2016-01-05,BAC,16.43,0.0,False,False,0.0,,,False,False,True,,False,False,False,False
2016-01-05,FB,102.73,0.004989238896497827,False,False,0.0,,,False,False,True,,False,False,False,False
2016-01-05,GOOG,742.58,0.000997519680793646,False,False,0.0,,,False,False,True,,False,False,False,False
2016-01-05,GOOGL,761.53,0.0027520278099650852,False,False,0.0,,,False,False,True,,False,False,False,False
2016-01-05,MSFT,55.05,0.0045620437956204185,False,False,0.0,,,False,False,True,,False,False,False,False
2016-01-05,NVDA,32.89,0.01606425702811265,False,False,0.0,,,False,False,True,,False,False,False,False
2016-01-06,AAPL,100.7,-0.019569662155583645,False,False,0.0,,,False,False,True,,False,False,False,False
2016-01-06,AMZN,632.65,-0.0017987030404392756,False,False,0.0,,,False,False,True,,False,False,False,False
2016-01-06,BAC,16.08,-0.02130249543517959,False,False,0.0,,,False,False,True,,False,False,False,False
2016-01-06,FB,102.97,0.002336221162269947,False,False,0.0,,,False,False,True,,False,False,False,False
2016-01-06,GOOG,743.62,0.0014005225026259005,False,False,0.0,,,False,False,True,,False,False,False,False
2016-01-06,GOOGL,759.33,-0.002888920988010857,False,False,0.0,,,False,False,False,,False,False,False,False
2016-01-06,MSFT,54.05,-0.01816530426884655,False,False,0.0,,,False,False,False,,False,False,False,False
2016-01-06,NVDA,31.53,-0.041349954393432586,False,False,0.0,,,False,False,False,,False,False,False,False
2016-01-07,AAPL,96.45,-0.04220456802383321,False,False,0.0,,,False,False,True,,False,False,False,False
2016-01-07,AMZN,607.94,-0.03905793092547205,False,False,0.0,,,False,False,True,,False,False,False,False
2016-01-07,BAC,15.5,-0.036069651741293396,False,False,0.0,,,False,False,True,,False,False,False,False
2016-01-07,FB,97.92,-0.04904341070214624,False,False,0.0,,,False,False,True,,False,False,False,False
2016-01-07,GOOG,726.39,-0.023170436513272885,False,False,0.0,,,False,False,True,,False,False,False,False
2016-01-07,GOOGL,741.0,-0.02413970210580385,False,False,0.0,,,False,False,True,,False,False,False,False
2016-01-07,MSFT,52.17,-0.034782608695652084,False,False,0.0,,,False,False,True,,False,False,False,False
2016-01-07,NVDA,30.28,-0.03964478274659056,False,False,0.0,,,False,False,False,,False,False,False,False
2016-01-08,AAPL,96.96,0.005287713841368502,False,False,0.0,,,False,False,True,,False,False,False,False
2016-01-08,AMZN,607.05,-0.00146396025923623,False,False,0.0,,,False,False,True,,False,False,False,False
2016-01-08,BAC,15.2,-0.01935483870967747,False,False,0.0,,,False,False,True,,False,False,False,False
2016-01-08,FB,97.33,-0.006025326797385655,False,False,0.0,,,False,False,True,,False,False,False,False
2016-01-08,GOOG,714.47,-0.016409917537410945,False,False,0.0,,,False,False,True,,False,False,False,False
2016-01-08,GOOGL,730.91,-0.01361673414304998,False,False,0.0,,,False,False,True,,False,False,False,False
2016-01-08,MSFT,52.33,0.003066896683917797,False,False,0.0,,,False,False,True,,False,False,False,False
2016-01-08,NVDA,29.63,-0.02146631439894331,False,False,0.0,,,False,False,True,,False,False,False,False
2016-01-11,AAPL,98.53,0.016192244224422447,False,False,0.0,,,False,False,True,,False,False,False,False
2016-01-11,AMZN,617.74,0.017609752079730034,False,False,0.0,,,False,False,True,,False,False,False,False
2016-01-11,BAC,15.31,0.007236842105263319,False,False,0.0,,,False,False,True,,False,False,False,False
2016-01-11,FB,97.51,0.0018493784033699612,False,False,0.0,,,False,False,True,,False,False,False,False
2016-01-11,GOOG,716.03,0.0021834366733382016,False,False,0.0,,,False,False,True,,False,False,False,False
2016-01-11,GOOGL,733.07,0.002955220204950093,False,False,0.0,,,False,False,True,,False,False,False,False
2016-01-11,MSFT,52.3,-0.000573284922606554,False,False,0.0,,,False,False,True,,False,False,False,False
2016-01-11,NVDA,29.68,0.001687478906513773,False,False,0.0,,,False,False,True,,False,False,False,False
2016-01-12,AAPL,99.96,0.014513346188977927,False,False,0.0,,,False,False,True,,False,False,False,False
2016-01-12,AMZN,617.89,0.00024282060413760576,False,False,0.0,,,False,False,True,,False,False,False,False
2016-01-12,BAC,15.31,0.0,False,False,0.0,,,False,False,True,,False,False,False,False
2016-01-12,FB,99.37,0.019074966670085125,False,False,0.0,,,False,False,True,,False,False,False,False
2016-01-12,GOOG,726.07,0.01402175886485213,False,False,0.0,,,False,False,True,,False,False,False,False
2016-01-12,GOOGL,745.34,0.016737828583900605,False,False,0.0,,,False,False,True,,False,False,False,False
2016-01-12,MSFT,52.78,0.009177820267686432,False,False,0.0,,,False,False,True,,False,False,False,False
2016-01-12,NVDA,30.18,0.016846361185983927,False,False,0.0,,,False,False,True,,False,False,False,False
2016-01-13,AAPL,97.39,-0.0257102841136454,False,False,0.0,,,False,False,True,,False,False,False,False
2016-01-13,AMZN,581.81,-0.05839227046885376,False,False,0.0,,,False,False,True,,False,False,False,False
2016-01-13,BAC,14.9,-0.026779882429784463,False,False,0.0,,,False,False,True,,False,False,False,False
2016-01-13,FB,95.44,-0.039549159706148806,False,False,0.0,,,False,False,True,,False,False,False,False
2016-01-13,GOOG,700.56,-0.03513435343699656,False,False,0.0,,,False,False,True,,False,False,False,False
2016-01-13,GOOGL,719.57,-0.034574824912120605,False,False,0.0,,,False,False,True,,False,False,False,False
2016-01-13,MSFT,51.64,-0.021599090564607848,False,False,0.0,,,False,False,True,,False,False,False,False
2016-01-13,NVDA,29.26,-0.03048376408217357,False,False,0.0,,,False,False,True,,False,False,False,False
2016-01-14,AAPL,99.52,0.02187082862716916,False,False,0.0,,,False,False,True,,False,False,False,False
2016-01-14,AMZN,593.0,0.019233082965229187,False,False,0.0,,,False,False,True,,False,False,False,False
2016-01-14,BAC,14.99,0.006040268456375841,False,False,0.0,,,False,False,True,,False,False,False,False
2016-01-14,FB,98.37,0.03069991617770329,False,False,0.0,,,False,False,True,,False,False,False,False
2016-01-14,GOOG,714.72,0.020212401507365696,False,False,0.0,,,False,False,True,,False,False,False,False
2016-01-14,GOOGL,731.39,0.016426476923718347,False,False,0.0,,,False,False,True,,False,False,False,False
2016-01-14,MSFT,53.11,0.02846630518977533,False,False,0.0,,,False,False,True,,False,False,False,False
2016-01-14,NVDA,28.67,-0.02016404647983594,False,False,0.0,,,False,False,True,,False,False,False,False
2016-01-15,AAPL,97.13,-0.024015273311897123,False,False,0.0,,,False,False,True,,False,False,False,False
2016-01-15,AMZN,570.18,-0.038482293423271585,False,False,0.0,,,False,False,True,,False,False,False,False
2016-01-15,BAC,14.46,-0.03535690460306862,False,False,0.0,,,False,False,True,,False,False,False,False
2016-01-15,FB,94.97,-0.03456338314526797,False,False,0.0,,,False,False,True,,False,False,False,False
2016-01-15,GOOG,694.45,-0.028360756659950748,False,False,0.0,,,False,False,True,,False,False,False,False
2016-01-15,GOOGL,710.49,-0.02857572567303346,False,False,0.0,,,False,False,True,,False,False,False,False
2016-01-15,MSFT,50.99,-0.03991715307851629,False,False,0.0,,,False,False,True,,False,False,False,False
2016-01-15,NVDA,27.11,-0.05441227764213474,False,False,0.0,,,False,False,True,,False,False,False,False
2016-01-19,AAPL,96.66,-0.004838875733552905,False,False,0.0,,,False,False,True,,False,False,False,False
2016-01-19,AMZN,574.48,0.007541478129713619,False,False,0.0,,,False,False,True,,False,False,False,False
2016-01-19,BAC,14.24,-0.015214384508990375,False,False,0.0,,,False,False,True,,False,False,False,False
2016-01-19,FB,95.26,0.0030535958723807433,False,False,0.0,,,False,False,True,,False,False,False,False
2016-01-19,GOOG,701.79,0.010569515443876298,False,False,0.0,,,False,False,True,,False,False,False,False
2016-01-19,GOOGL,719.08,0.01209024757561683,False,False,0.0,,,False,False,True,,False,False,False,False
2016-01-19,MSFT,50.56,-0.008433026083545792,False,False,0.0,,,False,False,True,,False,False,False,False
2016-01-19,NVDA,27.33,0.00811508668388039,False,False,0.0,,,False,False,True,,False,False,False,False
2016-01-20,AAPL,96.79,0.001344920339333866,False,False,0.0,,,False,False,True,,False,False,False,False
2016-01-20,AMZN,571.77,-0.004717309566912742,False,False,0.0,,,False,False,True,,False,False,False,False
2016-01-20,BAC,13.69,-0.038623595505618,False,False,0.0,,,False,False,True,,False,False,False,False
2016-01-20,FB,94.35,-0.009552802855343434,False,False,0.0,,,False,False,True,,False,False,False,False
2016-01-20,GOOG,698.45,-0.004759258467632699,False,False,0.0,,,False,False,True,,False,False,False,False
2016-01-20,GOOGL,718.56,-0.00072314624242098,False,False,0.0,,,False,False,True,,False,False,False,False
2016-01-20,MSFT,50.79,0.004549050632911333,False,False,0.0,,,False,False,True,,False,False,False,False
2016-01-20,NVDA,27.48,0.005488474204171423,False,False,0.0,,,False,False,True,,False,False,False,False
2016-01-21,AAPL,96.3,-0.0050625064572787926,False,False,0.0,,,False,False,True,,False,False,False,False
2016-01-21,AMZN,575.02,0.005684103748010649,False,False,0.0,,,False,False,True,,False,False,False,False
2016-01-21,BAC,13.36,-0.024105186267348477,False,False,0.0,,,False,False,True,,False,False,False,False
2016-01-21,FB,94.16,-0.0020137784843666795,False,False,0.0,,,False,False,True,,False,False,False,False
2016-01-21,GOOG,706.59,0.011654377550289974,False,False,0.0,,,False,False,True,,False,False,False,False
2016-01-21,GOOGL,726.67,0.011286461812513915,False,False,0.0,,,False,False,True,,False,False,False,False
2016-01-21,MSFT,50.48,-0.006103563693640512,False,False,0.0,,,False,False,True,,False,False,False,False
2016-01-21,NVDA,27.8,0.011644832605531397,False,False,0.0,,,False,False,True,,False,False,False,False
2016-01-22,AAPL,101.42,0.05316718587746627,False,False,0.0,,,False,False,True,,False,False,False,False
2016-01-22,AMZN,596.38,0.0371465340335988,False,False,0.0,,,False,False,True,,False,False,False,False
2016-01-22,BAC,13.56,0.014970059880239583,False,False,0.0,,,False,False,True,,False,False,False,False
2016-01-22,FB,97.94,0.040144435004248136,False,False,0.0,,,False,False,True,,False,False,False,False
2016-01-22,GOOG,725.25,0.026408525453233134,False,False,0.0,,,False,False,True,,False,False,False,False
2016-01-22,GOOGL,745.46,0.025857679551928747,False,False,0.0,,,False,False,True,,False,False,False,False
2016-01-22,MSFT,52.29,0.03585578446909676,False,False,0.0,,,False,False,True,,False,False,False,False
2016-01-22,NVDA,28.45,0.02338129496402863,False,False,0.0,,,False,False,True,,False,False,False,False
2016-01-25,AAPL,99.44,-0.0195227765726681,False,False,0.0,,,False,False,True,,False,False,False,False
2016-01-25,AMZN,596.53,0.0002515174888493288,False,False,0.0,,,False,False,True,,False,False,False,False
2016-01-25,BAC,12.96,-0.04424778761061943,False,False,0.0,,,False,False,True,,False,False,False,False
2016-01-25,FB,97.01,-0.009495609556871454,False,False,0.0,,,False,False,True,,False,False,False,False
2016-01-25,GOOG,711.67,-0.018724577731816683,False,False,0.0,,,False,False,True,,False,False,False,False
2016-01-25,GOOGL,733.62,-0.015882810613580878,False,False,0.0,,,False,False,True,,False,False,False,False
2016-01-25,MSFT,51.79,-0.009562057754828879,False,False,0.0,,,False,False,True,,False,False,False,False
2016-01-25,NVDA,28.42,-0.0010544815465728385,False,False,0.0,,,False,False,True,,False,False,False,False
2016-01-26,AAPL,99.99,0.005530973451327359,False,False,0.0,,,False,False,True,,False,False,False,False
2016-01-26,AMZN,601.25,0.007912426868724065,False,False,0.0,,,False,False,True,,False,False,False,False
2016-01-26,BAC,13.31,0.027006172839506126,False,False,0.0,,,False,False,True,,False,False,False,False
2016-01-26,FB,97.34,0.003401711163797616,False,False,0.0,,,False,False,True,,False,False,False,False
2016-01-26,GOOG,713.04,0.0019250495313838378,False,False,0.0,,,False,False,True,,False,False,False,False
2016-01-26,GOOGL,733.79,0.00023172759739376048,False,False,0.0,,,False,False,True,,False,False,False,False
2016-01-26,MSFT,52.17,0.007337323807685037,False,False,0.0,,,False,False,True,,False,False,False,False
2016-01-26,NVDA,28.7,0.009852216748768461,False,False,0.0,,,False,False,True,,False,False,False,False
2016-01-27,AAPL,93.42,-0.06570657065706564,False,False,0.0,,,False,False,True,,False,False,False,False
2016-01-27,AMZN,583.35,-0.029771309771309706,False,False,0.0,,,False,False,True,,False,False,False,False
2016-01-27,BAC,13.36,0.0037565740045077956,False,False,0.0,,,False,False,True,,False,False,False,False
2016-01-27,FB,94.45,-0.029689747277583778,False,False,0.0,,,False,False,True,,False,False,False,False
2016-01-27,GOOG,699.99,-0.018301918545944096,False,False,0.0,,,False,False,True,,False,False,False,False
2016-01-27,GOOGL,717.58,-0.022090788917810134,False,False,0.0,,,False,False,True,,False,False,False,False
2016-01-27,MSFT,51.22,-0.018209699060762974,False,False,0.0,,,False,False,True,,False,False,False,False
2016-01-27,NVDA,28.36,-0.01184668989547033,False,False,0.0,,,False,False,True,,False,False,False,False
2016-01-28,AAPL,94.09,0.0071719117961892564,False,False,0.0,,,False,False,True,,False,False,False,False
2016-01-28,AMZN,635.35,0.08914031027684932,False,False,0.0,,,False,False,True,,False,False,False,False
2016-01-28,BAC,13.53,0.01272455089820368,False,False,0.0,,,False,False,True,,False,False,False,False
2016-01-28,FB,109.11,0.15521439915299107,False,False,0.0,,,False,False,True,,False,False,False,False
2016-01-28,GOOG,730.96,0.04424348919270282,False,False,0.0,,,False,False,True,,False,False,False,False
2016-01-28,GOOGL,748.3,0.04281055770785125,False,False,0.0,,,False,False,True,,False,False,False,False
2016-01-28,MSFT,52.055,0.0163022256930887,False,False,0.0,,,False,False,True,,False,False,False,False
2016-01-28,NVDA,28.05,-0.01093088857545832,False,False,0.0,,,False,False,True,,False,False,False,False
2016-01-29,AAPL,97.34,0.03454139653523214,False,False,0.0,,,False,False,True,,False,False,False,False
2016-01-29,AMZN,587.0,-0.07609978751869051,False,False,0.0,,,False,False,True,,False,False,False,False
2016-01-29,BAC,14.14,0.04508499630450857,False,False,0.0,,,False,False,True,,False,False,False,False
2016-01-29,FB,112.21,0.028411694620108063,False,False,0.0,,,False,False,False,,False,False,False,False
2016-01-29,GOOG,742.95,0.01640308635219445,False,False,0.0,,,False,False,True,,False,False,False,False
2016-01-29,GOOGL,761.35,0.017439529600427717,False,False,0.0,,,False,False,True,,False,False,False,False
2016-01-29,MSFT,55.09,0.05830371722216898,False,False,0.0,,,False,False,True,,False,False,False,False
2016-01-29,NVDA,29.29,0.04420677361853831,False,False,0.0,,,False,False,True,,False,False,False,False
2016-02-01,AAPL,96.43,-0.00934867474830492,False,False,0.0,98.329,,False,False,True,,False,False,False,False
2016-02-01,AMZN,574.81,-0.02076660988074963,False,False,0.0,599.749,,False,False,True,,False,False,False,False
2016-02-01,BAC,13.96,-0.012729844413012725,False,False,0.0,14.536000000000001,,False,False,True,,False,False,False,False
2016-02-01,FB,115.09,0.025666161661171083,False,False,0.0,99.7875,,False,False,False,,False,False,False,False
2016-02-01,GOOG,752.0,0.012181169661484637,False,False,0.0,720.171,,False,False,True,,False,False,False,False
2016-02-01,GOOGL,770.77,0.012372758915085047,False,False,0.0,738.3625,,False,False,True,,False,False,False,False
2016-02-01,MSFT,54.71,-0.006897803594118734,False,False,0.0,52.51875,,False,False,True,,False,False,False,False
2016-02-01,NVDA,29.3,0.00034141345169014237,False,False,0.0,29.238999999999997,,False,False,True,,False,False,False,False
2016-02-02,AAPL,94.48,-0.02022192263818312,False,False,0.0,97.7855,,False,False,True,,False,False,False,False
2016-02-02,AMZN,552.1,-0.039508707224996,False,False,0.0,595.5045,,False,False,True,,False,False,False,False
2016-02-02,BAC,13.23,-0.05229226361031525,False,False,0.0,14.376,,False,False,True,,False,False,False,False
2016-02-02,FB,114.61,-0.004170649057259612,False,False,0.0,100.407,,False,False,False,,False,False,False,False
2016-02-02,GOOG,764.65,0.016821808510638192,False,False,0.0,721.3115,,False,False,True,,False,False,False,False
2016-02-02,GOOGL,780.91,0.013155675493337737,False,False,0.0,739.4359999999999,,False,False,True,,False,False,False,False
2016-02-02,MSFT,53.0,-0.03125571193566079,False,False,0.0,52.42875,,False,False,True,,False,False,False,False
2016-02-02,NVDA,28.06,-0.04232081911262808,False,False,0.0,29.023500000000002,,False,False,True,,False,False,False,False
2016-02-03,AAPL,96.35,0.019792548687552758,False,False,0.0,97.4675,,False,False,True,,False,False,False,False
2016-02-03,AMZN,531.07,-0.03809092555696425,False,False,0.0,590.3684999999999,,False,False,True,,False,False,False,False
2016-02-03,BAC,13.03,-0.01511715797430091,False,False,0.0,14.206,,False,False,True,,False,False,False,False
2016-02-03,FB,112.69,-0.01675246488090043,False,False,0.0,100.905,,False,False,True,,False,False,False,False
2016-02-03,GOOG,726.95,-0.049303602955600545,False,False,0.0,720.53,,False,False,True,,False,False,False,False
2016-02-03,GOOGL,749.38,-0.040375971622850226,False,False,0.0,738.8285000000001,,False,False,True,,False,False,False,False
2016-02-03,MSFT,52.16,-0.01584905660377367,False,False,0.0,52.28425,,False,False,True,,False,False,False,False
2016-02-03,NVDA,28.2,0.0049893086243764095,False,False,0.0,28.788999999999998,,False,False,True,,False,False,False,False
2016-02-04,AAPL,96.6,0.002594706798131785,False,False,0.0,97.2625,,False,False,True,,False,False,False,False
2016-02-04,AMZN,536.26,0.00977272299320231,False,False,0.0,585.549,,False,False,True,,False,False,False,False
2016-02-04,BAC,13.25,0.016884113584036964,False,False,0.0,14.0645,,False,False,True,,False,False,False,False
2016-02-04,FB,110.49,-0.019522584080220118,False,False,0.0,101.28099999999999,,False,False,True,,False,False,False,False
2016-02-04,GOOG,708.01,-0.026054061489786173,False,False,0.0,718.7495,,False,False,True,,False,False,False,False
2016-02-04,GOOGL,730.03,-0.025821345645733795,False,False,0.0,737.3635,,False,False,True,,False,False,False,False
2016-02-04,MSFT,52.0,-0.0030674846625766694,False,False,0.0,52.18175,,False,False,True,,False,False,False,False
2016-02-04,NVDA,28.21,0.00035460992907809796,False,False,0.0,28.623,,False,False,True,,False,False,False,False
2016-02-05,AAPL,94.02,-0.026708074534161463,False,False,0.0,97.14099999999999,,False,False,True,,False,False,False,False
2016-02-05,AMZN,502.13,-0.0636445008018498,False,False,0.0,580.2584999999999,,False,False,True,,False,False,False,False
2016-02-05,BAC,12.95,-0.02264150943396237,False,False,0.0,13.937000000000001,,False,False,True,,False,False,False,False
2016-02-05,FB,104.07,-0.05810480586478417,False,False,0.0,101.5885,,False,False,True,,False,False,False,False
2016-02-05,GOOG,683.57,-0.034519286450756304,False,False,0.0,716.6085,,False,False,True,,False,False,False,False
2016-02-05,GOOGL,703.76,-0.03598482254153934,False,False,0.0,735.5015000000001,,False,False,True,,False,False,False,False
2016-02-05,MSFT,50.16,-0.03538461538461546,False,False,0.0,52.08125,,False,False,True,,False,False,False,False
2016-02-05,NVDA,26.43,-0.0630981921304502,False,False,0.0,28.430499999999995,,False,False,True,,False,False,False,False
2016-02-08,AAPL,95.01,0.010529674537332667,False,False,0.0,97.0435,,False,False,True,,False,False,False,False
2016-02-08,AMZN,488.1,-0.027940971461573594,False,False,0.0,574.3109999999999,,False,False,True,,False,False,False,False
2016-02-08,BAC,12.27,-0.05250965250965245,False,False,0.0,13.7905,,False,False,True,,False,False,False,False
2016-02-08,FB,99.75,-0.04151052176419712,False,False,0.0,101.70949999999999,,False,False,True,,False,False,False,False
2016-02-08,GOOG,682.74,-0.0012142136138215687,False,False,0.0,715.022,,False,False,True,,False,False,False,False
2016-02-08,GOOGL,704.16,0.0005683755825849346,False,False,0.0,734.164,,False,False,True,,False,False,False,False
2016-02-08,MSFT,49.41,-0.014952153110047828,False,False,0.0,51.935249999999996,,False,False,True,,False,False,False,False
2016-02-08,NVDA,25.22,-0.04578130911842604,False,False,0.0,28.209999999999997,,False,False,True,,False,False,False,False
2016-02-09,AAPL,94.99,-0.0002105041574572697,False,False,0.0,96.8665,,False,False,True,,False,False,False,False
2016-02-09,AMZN,482.07,-0.012354025814382386,False,False,0.0,567.5274999999999,,False,False,True,,False,False,False,False
2016-02-09,BAC,12.2,-0.005704971475142595,False,False,0.0,13.635,,False,False,True,,False,False,False,False
2016-02-09,FB,99.54,-0.002105263157894721,False,False,0.0,101.811,,False,False,True,,False,False,False,False
2016-02-09,GOOG,678.11,-0.006781498081260828,False,False,0.0,713.126,,False,False,True,,False,False,False,False
2016-02-09,GOOGL,701.02,-0.004459213815041996,False,False,0.0,732.5615,,False,False,True,,False,False,False,False
2016-02-09,MSFT,49.28,-0.002631046346893262,False,False,0.0,51.78425,,False,False,True,,False,False,False,False
2016-02-09,NVDA,25.49,0.010705789056304482,False,False,0.0,28.0005,,False,False,True,,False,False,False,False
2016-02-10,AAPL,94.27,-0.00757974523634064,False,False,0.0,96.582,,False,False,True,,False,False,False,False
2016-02-10,AMZN,490.48,0.017445599186840077,False,False,0.0,561.157,,False,False,True,,False,False,False,False
2016-02-10,BAC,11.98,-0.01803278688524579,False,False,0.0,13.4685,,False,False,True,,False,False,False,False
2016-02-10,FB,101.0,0.014667470363672885,False,False,0.0,101.89250000000001,,False,False,True,,False,False,False,False
2016-02-10,GOOG,684.12,0.008862868856085226,False,False,0.0,711.0285,,False,False,True,,False,False,False,False
2016-02-10,GOOGL,706.85,0.0083164531682407,False,False,0.0,730.637,,False,False,True,,False,False,False,False
2016-02-10,MSFT,49.71,0.008725649350649345,False,False,0.0,51.63075,,False,False,True,,False,False,False,False
2016-02-10,NVDA,25.43,-0.0023538642604942206,False,False,0.0,27.763000000000005,,False,False,True,,False,False,False,False
2016-02-11,AAPL,93.7,-0.006046462289169385,False,False,0.0,96.39750000000001,,False,False,True,,False,False,False,False
2016-02-11,AMZN,503.82,0.027197847007013554,False,False,0.0,557.2574999999999,,False,False,True,,False,False,False,False
2016-02-11,BAC,11.16,-0.06844741235392326,False,False,0.0,13.2815,,False,False,True,,False,False,False,False
2016-02-11,FB,101.91,0.009009900990099018,False,False,0.0,102.216,,False,False,True,,False,False,False,False
2016-02-11,GOOG,683.11,-0.0014763491785066973,False,False,0.0,710.1560000000001,,False,False,True,,False,False,False,False
2016-02-11,GOOGL,706.36,-0.0006932163825422721,False,False,0.0,729.9765,,False,False,True,,False,False,False,False
2016-02-11,MSFT,49.69,-0.0004023335345001433,False,False,0.0,51.533249999999995,,False,False,True,,False,False,False,False
2016-02-11,NVDA,25.3,-0.0051120723554856085,False,False,0.0,27.564999999999998,,False,False,True,,False,False,False,False
2016-02-12,AAPL,93.99,0.003094983991462019,False,False,0.0,96.12100000000001,,False,False,True,,False,False,False,False
2016-02-12,AMZN,507.08,0.006470564884283991,False,False,0.0,552.9615,,False,False,True,,False,False,False,False
2016-02-12,BAC,11.95,0.07078853046594968,False,False,0.0,13.129499999999998,,False,False,True,,False,False,False,False
2016-02-12,FB,102.01,0.0009812579727210835,False,False,0.0,102.398,,False,False,True,,False,False,False,False
2016-02-12,GOOG,682.4,-0.001039364084847283,False,False,0.0,708.54,,False,False,True,,False,False,False,False
2016-02-12,GOOGL,706.89,0.0007503256130019231,False,False,0.0,728.7515000000001,,False,False,True,,False,False,False,False
2016-02-12,MSFT,50.5,0.01630106661300057,False,False,0.0,51.402750000000005,,False,False,True,,False,False,False,False
2016-02-12,NVDA,25.73,0.01699604743082994,False,False,0.0,27.418,,False,False,True,,False,False,False,False
2016-02-16,AAPL,96.64,0.02819448877540176,False,False,0.0,96.09649999999999,,False,False,True,,False,False,False,False
2016-02-16,AMZN,521.1,0.02764849727853602,False,False,0.0,550.5075,,False,False,True,,False,False,False,False
2016-02-16,BAC,12.25,0.025104602510460206,False,False,0.0,13.019,,False,False,True,,False,False,False,False
2016-02-16,FB,101.61,-0.0039211841976277695,False,False,0.0,102.72999999999999,,False,False,True,,False,False,False,False
2016-02-16,GOOG,691.0,0.012602579132473757,False,False,0.0,708.3675000000001,,False,False,True,,False,False,False,False
2016-02-16,GOOGL,717.64,0.015207458020342735,False,False,0.0,729.109,,False,False,True,,False,False,False,False
2016-02-16,MSFT,51.09,0.011683168316831694,False,False,0.0,51.40775,,False,False,True,,False,False,False,False
2016-02-16,NVDA,26.99,0.048970073843762174,False,False,0.0,27.412,,False,False,True,,False,False,False,False
2016-02-17,AAPL,98.12,0.01531456953642385,False,False,0.0,96.1695,,False,False,True,,False,False,False,False
2016-02-17,AMZN,534.1,0.024947227019765927,False,False,0.0,548.4884999999999,,False,False,True,,False,False,False,False
2016-02-17,BAC,12.56,0.025306122448979673,False,False,0.0,12.934999999999999,,False,False,True,,False,False,False,False
2016-02-17,FB,105.2,0.03533116819210713,False,False,0.0,103.227,,False,False,True,,False,False,False,False
2016-02-17,GOOG,708.4,0.025180897250361767,False,False,0.0,708.698,,False,False,True,,False,False,False,False
2016-02-17,GOOGL,731.97,0.019968229195697074,False,False,0.0,729.7535,,False,False,True,,False,False,False,False
2016-02-17,MSFT,52.42,0.02603249168134658,False,False,0.0,51.500750000000004,,False,False,True,,False,False,False,False
2016-02-17,NVDA,27.66,0.02482400889218228,False,False,0.0,27.428500000000003,,False,False,True,,False,False,False,False
2016-02-18,AAPL,96.26,-0.018956379942926982,False,False,0.0,96.143,,False,False,True,,False,False,False,False
2016-02-18,AMZN,525.0,-0.017038007863696025,False,False,0.0,546.15,,False,False,True,,False,False,False,False
2016-02-18,BAC,12.24,-0.02547770700636942,False,False,0.0,12.8625,,False,False,True,,False,False,False,False
2016-02-18,FB,103.47,-0.016444866920152124,False,False,0.0,103.68299999999999,,False,False,True,,False,False,False,False
2016-02-18,GOOG,697.35,-0.015598531902879631,False,False,0.0,708.643,,False,False,True,,False,False,False,False
2016-02-18,GOOGL,717.51,-0.019754907988032366,False,False,0.0,729.7009999999999,,False,False,True,,False,False,False,False
2016-02-18,MSFT,52.19,-0.004387638305990205,False,False,0.0,51.57075,,False,False,True,,False,False,False,False
2016-02-18,NVDA,30.04,0.08604483007953712,False,False,0.0,27.5565,,False,False,True,,False,False,False,False
2016-02-19,AAPL,96.04,-0.002285476833575717,False,False,0.0,96.13,,False,False,True,,False,False,False,False
2016-02-19,AMZN,534.9,0.018857142857142906,False,False,0.0,544.144,,False,False,True,,False,False,False,False
2016-02-19,BAC,12.13,-0.008986928104575131,False,False,0.0,12.800999999999998,,False,False,True,,False,False,False,False
2016-02-19,FB,104.57,0.010631100802164895,False,False,0.0,104.2035,,False,False,True,,False,False,False,False
2016-02-19,GOOG,700.91,0.0051050405105039776,False,False,0.0,708.359,,False,False,True,,False,False,False,False
2016-02-19,GOOGL,722.11,0.0064110604730247545,False,False,0.0,729.473,,False,False,True,,False,False,False,False
2016-02-19,MSFT,51.82,-0.007089480743437404,False,False,0.0,51.637750000000004,,False,False,True,,False,False,False,False
2016-02-19,NVDA,30.44,0.013315579227696439,False,False,0.0,27.688499999999998,,False,False,True,,False,False,False,False
2016-02-22,AAPL,96.88,0.008746355685131046,False,False,0.0,95.903,,False,False,True,,False,False,False,False
2016-02-22,AMZN,559.5,0.0459899046550758,False,False,0.0,542.3,,False,False,True,,False,False,False,False
2016-02-22,BAC,12.54,0.03380049464138479,False,False,0.0,12.75,,False,False,True,,False,False,False,False
2016-02-22,FB,107.16,0.02476809792483503,False,False,0.0,104.6645,,False,False,True,,False,False,False,False
2016-02-22,GOOG,706.46,0.007918277667603668,False,False,0.0,707.4195000000001,,False,False,True,,False,False,False,False
2016-02-22,GOOGL,729.05,0.00961072412790287,False,False,0.0,728.6524999999999,,False,False,True,,False,False,False,False
2016-02-22,MSFT,52.65,0.01601698186028555,False,False,0.0,51.65575,,False,False,True,,False,False,False,False
2016-02-22,NVDA,31.52,0.035479632063074806,False,False,0.0,27.842000000000002,,False,False,True,,False,False,False,False
2016-02-23,AAPL,94.69,-0.02260528488852187,False,False,0.0,95.6655,,False,False,True,,False,False,False,False
2016-02-23,AMZN,552.94,-0.011724754244861413,False,False,0.0,540.1205,,False,False,True,,False,False,False,False
2016-02-23,BAC,12.16,-0.030303030303030276,False,False,0.0,12.71,,False,False,True,,False,False,False,False
2016-02-23,FB,105.46,-0.015864128406121725,False,False,0.0,105.08700000000002,,False,False,True,,False,False,False,False
2016-02-23,GOOG,695.85,-0.015018543158848319,False,False,0.0,706.6285,,False,False,True,,False,False,False,False
2016-02-23,GOOGL,717.29,-0.016130580892942836,False,False,0.0,727.836,,False,False,True,,False,False,False,False
2016-02-23,MSFT,51.18,-0.027920227920227858,False,False,0.0,51.625249999999994,,False,False,True,,False,False,False,False
2016-02-23,NVDA,31.6,0.002538071065989911,False,False,0.0,28.000999999999998,,False,False,True,,False,False,False,False
2016-02-24,AAPL,96.1,0.014890695955222188,False,False,0.0,95.471,,False,False,True,,False,False,False,False
2016-02-24,AMZN,554.04,0.001989365934820908,False,False,0.0,537.76,,False,False,True,,False,False,False,False
2016-02-24,BAC,12.13,-0.002467105263157854,False,False,0.0,12.651,,False,False,True,,False,False,False,False
2016-02-24,FB,106.88,0.013464820785131781,False,False,0.0,105.564,,False,False,True,,False,False,False,False
2016-02-24,GOOG,699.56,0.00533160882374073,False,False,0.0,705.9545,,False,False,True,,False,False,False,False
2016-02-24,GOOGL,720.9,0.005032831908990731,False,False,0.0,727.1915,,False,False,True,,False,False,False,False
2016-02-24,MSFT,51.36,0.003516998827667095,False,False,0.0,51.58475,,False,False,True,,False,False,False,False
2016-02-24,NVDA,31.82,0.006962025316455733,False,False,0.0,28.157,,False,False,False,,False,False,False,False
2016-02-25,AAPL,96.76,0.006867845993756561,False,False,0.0,95.638,,False,False,True,,False,False,False,False
2016-02-25,AMZN,555.15,0.0020034654537579577,False,False,0.0,536.35,,False,False,True,,False,False,False,False
2016-02-25,BAC,12.32,0.015663643858202736,False,False,0.0,12.599,,False,False,True,,False,False,False,False
2016-02-25,FB,108.07,0.011133982035928192,False,False,0.0,106.245,,False,False,True,,False,False,False,False
2016-02-25,GOOG,705.75,0.008848419006232566,False,False,0.0,706.2425000000001,,False,False,True,,False,False,False,False
2016-02-25,GOOGL,729.12,0.011402413649604703,False,False,0.0,727.7685,,False,False,True,,False,False,False,False
2016-02-25,MSFT,52.1,0.014408099688473452,False,False,0.0,51.628750000000004,,False,False,True,,False,False,False,False
2016-02-25,NVDA,31.89,0.0021998742928974746,False,False,0.0,28.333499999999997,,False,False,False,,False,False,False,False
2016-02-26,AAPL,96.91,0.0015502273666803124,False,False,0.0,95.779,,False,False,True,,False,False,False,False
2016-02-26,AMZN,555.23,0.00014410519679364242,False,False,0.0,532.3439999999999,,False,False,True,,False,False,False,False
2016-02-26,BAC,12.7,0.030844155844155674,False,False,0.0,12.557500000000001,,False,False,True,,False,False,False,False
2016-02-26,FB,107.92,-0.0013879892662163051,False,False,0.0,106.1855,,False,False,True,,False,False,False,False
2016-02-26,GOOG,705.07,-0.0009635139922068436,False,False,0.0,704.9480000000001,,False,False,True,,False,False,False,False
2016-02-26,GOOGL,724.86,-0.005842659644502923,False,False,0.0,726.5964999999999,,False,False,True,,False,False,False,False
2016-02-26,MSFT,51.3,-0.015355086372360938,False,False,0.0,51.590999999999994,,False,False,True,,False,False,False,False
2016-02-26,NVDA,31.68,-0.006585136406397019,False,False,0.0,28.514999999999997,,False,False,True,,False,False,False,False
2016-02-29,AAPL,96.69,-0.002270147559591318,False,False,0.0,95.7465,,False,False,True,,False,False,False,False
2016-02-29,AMZN,552.52,-0.00488086018406797,False,False,0.0,530.62,,False,False,True,,False,False,False,False
2016-02-29,BAC,12.52,-0.014173228346456623,False,False,0.0,12.4765,,False,False,True,,False,False,False,False
2016-02-29,FB,106.92,-0.009266123054114117,False,False,0.0,105.921,,False,False,True,,False,False,False,False
2016-02-29,GOOG,697.77,-0.010353581913852605,False,False,0.0,702.6890000000001,,False,False,True,,False,False,False,False
2016-02-29,GOOGL,717.22,-0.010539966338327433,False,False,0.0,724.3900000000001,,False,False,True,,False,False,False,False
2016-02-29,MSFT,50.88,-0.008187134502923854,False,False,0.0,51.380500000000005,,False,False,True,,False,False,False,False
2016-02-29,NVDA,31.36,-0.010101010101010055,False,False,0.0,28.6185,,False,False,True,,False,False,False,False
2016-03-01,AAPL,100.53,0.0397145516599442,False,False,0.0,95.9515,,False,False,True,,False,False,False,False
2016-03-01,AMZN,579.04,0.047998262506334655,False,False,0.0,530.8315,,False,False,True,,False,False,False,False
2016-03-01,BAC,13.19,0.05351437699680517,False,False,0.0,12.437999999999999,,False,False,True,,False,False,False,False
2016-03-01,FB,109.82,0.027123082678638166,False,False,0.0,105.6575,,False,False,True,,False,False,False,False
2016-03-01,GOOG,718.81,0.03015320234461205,False,False,0.0,701.0295,,False,False,True,,False,False,False,False
2016-03-01,GOOGL,742.17,0.03478709461532015,False,False,0.0,722.96,,False,False,True,,False,False,False,False
2016-03-01,MSFT,52.58,0.033411949685534514,False,False,0.0,51.274,,False,False,True,,False,False,False,False
2016-03-01,NVDA,32.75,0.04432397959183665,False,False,0.0,28.791000000000004,,False,False,False,,False,False,False,False
2016-03-02,AAPL,100.75,0.0021884014721973433,False,False,0.0,96.265,,False,False,True,,False,False,False,False
2016-03-02,AMZN,580.21,0.002020585797181562,False,False,0.0,532.237,,False,False,True,,False,False,False,False
2016-03-02,BAC,13.41,0.01667930250189542,False,False,0.0,12.447,,False,False,True,,False,False,False,False
2016-03-02,FB,109.95,0.0011837552358404668,False,False,0.0,105.4245,,False,False,True,,False,False,False,False
2016-03-02,GOOG,718.85,5.564752855424793e-05,False,False,0.0,698.7395,,False,False,True,,False,False,False,False
2016-03-02,GOOGL,739.48,-0.003624506514679826,False,False,0.0,720.8885,,False,False,True,,False,False,False,False
2016-03-02,MSFT,52.95,0.007036896158235217,False,False,0.0,51.2715,,False,False,True,,False,False,False,False
2016-03-02,NVDA,32.94,0.005801526717557293,False,False,0.0,29.034999999999997,,False,False,False,,False,False,False,False
2016-03-03,AAPL,101.5,0.007444168734491274,False,False,0.0,96.5225,,False,False,True,,False,False,False,False
2016-03-03,AMZN,577.49,-0.004687957808379717,False,False,0.0,534.558,,False,False,True,,False,False,False,False
2016-03-03,BAC,13.5,0.006711409395973034,False,False,0.0,12.4705,,False,False,True,,False,False,False,False
2016-03-03,FB,109.58,-0.0033651659845385096,False,False,0.0,105.269,,False,False,True,,False,False,False,False
2016-03-03,GOOG,712.42,-0.008944842456701796,False,False,0.0,698.013,,False,False,True,,False,False,False,False
2016-03-03,GOOGL,731.59,-0.010669659760913053,False,False,0.0,719.999,,False,False,True,,False,False,False,False
2016-03-03,MSFT,52.35,-0.011331444759206777,False,False,0.0,51.281000000000006,,False,False,True,,False,False,False,False
2016-03-03,NVDA,32.65,-0.008803885853066129,False,False,0.0,29.2575,,False,False,True,,False,False,False,False
2016-03-04,AAPL,103.01,0.014876847290640427,False,False,0.0,96.84299999999999,,False,False,True,,False,False,False,False
2016-03-04,AMZN,575.14,-0.004069334533931324,False,False,0.0,536.5020000000001,,False,False,True,,False,False,False,False
2016-03-04,BAC,13.54,0.002962962962962834,False,False,0.0,12.485000000000001,,False,False,True,,False,False,False,False
2016-03-04,FB,108.39,-0.010859645920788474,False,False,0.0,105.16400000000002,,False,False,True,,False,False,False,False
2016-03-04,GOOG,710.89,-0.002147609556160668,False,False,0.0,698.1569999999999,,False,False,True,,False,False,False,False
2016-03-04,GOOGL,730.22,-0.0018726335789172044,False,False,0.0,720.0085,,False,False,True,,False,False,False,False
2016-03-04,MSFT,52.03,-0.006112702960840544,False,False,0.0,51.282500000000006,,False,False,True,,False,False,False,False
2016-03-04,NVDA,32.55,-0.003062787136294043,False,False,0.0,29.4745,,False,False,True,,False,False,False,False
2016-03-07,AAPL,101.87,-0.011066886710028201,False,False,0.0,97.2355,,False,False,True,,False,False,False,False
2016-03-07,AMZN,562.8,-0.02145564558194535,False,False,0.0,539.5355000000001,,False,False,True,,False,False,False,False
2016-03-07,BAC,13.53,-0.0007385524372229835,False,False,0.0,12.514,,False,False,True,,False,False,False,False
2016-03-07,FB,105.73,-0.0245410093182028,False,False,0.0,105.247,,False,False,True,,False,False,False,False
2016-03-07,GOOG,695.16,-0.022127192673972118,False,False,0.0,698.7365,,False,False,True,,False,False,False,False
2016-03-07,GOOGL,712.8,-0.023855824272137283,False,False,0.0,720.4604999999999,,False,False,True,,False,False,False,False
2016-03-07,MSFT,51.03,-0.01921968095329618,False,False,0.0,51.326,,False,False,True,,False,False,False,False
2016-03-07,NVDA,32.34,-0.006451612903225601,False,False,0.0,29.770000000000003,,False,False,True,,False,False,False,False
2016-03-08,AAPL,101.03,-0.008245803475017244,False,False,0.0,97.5365,,False,False,True,,False,False,False,False
2016-03-08,AMZN,560.26,-0.0045131485429992235,False,False,0.0,543.1435,,False,False,True,,False,False,False,False
2016-03-08,BAC,13.06,-0.0347376201034737,False,False,0.0,12.553500000000001,,False,False,True,,False,False,False,False
2016-03-08,FB,105.93,0.0018916107065165555,False,False,0.0,105.556,,False,False,True,,False,False,False,False
2016-03-08,GOOG,693.97,-0.0017118361240576752,False,False,0.0,699.298,,False,False,True,,False,False,False,False
2016-03-08,GOOGL,713.53,0.0010241301907969458,False,False,0.0,720.929,,False,False,True,,False,False,False,False
2016-03-08,MSFT,51.65,0.012149715853419396,False,False,0.0,51.438,,False,False,True,,False,False,False,False
2016-03-08,NVDA,31.75,-0.01824366110080411,False,False,0.0,30.096500000000002,,False,False,True,,False,False,False,False
2016-03-09,AAPL,101.12,0.0008908245075720522,False,False,0.0,97.843,,False,False,True,,False,False,False,False
2016-03-09,AMZN,559.47,-0.0014100596151785938,False,False,0.0,547.0135,,False,False,True,,False,False,False,False
2016-03-09,BAC,13.14,0.006125574272588086,False,False,0.0,12.6005,,False,False,True,,False,False,False,False
2016-03-09,FB,107.51,0.014915510242613061,False,False,0.0,105.95449999999998,,False,False,True,,False,False,False,False
2016-03-09,GOOG,705.24,0.016239895096329837,False,False,0.0,700.6545,,False,False,True,,False,False,False,False
2016-03-09,GOOGL,725.41,0.016649615292980036,False,False,0.0,722.1485,,False,False,True,,False,False,False,False
2016-03-09,MSFT,52.84,0.02303969022265262,False,False,0.0,51.616,,False,False,True,,False,False,False,False
2016-03-09,NVDA,31.73,-0.0006299212598425141,False,False,0.0,30.408499999999997,,False,False,True,,False,False,False,False
2016-03-10,AAPL,101.17,0.0004944620253164445,False,False,0.0,98.188,,False,False,True,,False,False,False,False
2016-03-10,AMZN,558.93,-0.0009651992063919312,False,False,0.0,550.4359999999999,,False,False,True,,False,False,False,False
2016-03-10,BAC,13.27,0.009893455098934467,False,False,0.0,12.665000000000001,,False,False,True,,False,False,False,False
2016-03-10,FB,107.32,-0.0017672774625617782,False,False,0.0,106.2705,,False,False,True,,False,False,False,False
2016-03-10,GOOG,712.82,0.01074811411718013,False,False,0.0,702.0895,,False,False,True,,False,False,False,False
2016-03-10,GOOGL,732.17,0.009318867950538268,False,False,0.0,723.4145,,False,False,True,,False,False,False,False
2016-03-10,MSFT,52.05,-0.014950794852384708,False,False,0.0,51.73299999999999,,False,False,True,,False,False,False,False
2016-03-10,NVDA,31.68,-0.0015757957768673947,False,False,0.0,30.720999999999997,,False,False,True,,False,False,False,False
2016-03-11,AAPL,102.26,0.010773944845309913,False,False,0.0,98.616,,False,False,True,,False,False,False,False
2016-03-11,AMZN,569.61,0.01910793838226632,False,False,0.0,553.7255,,False,False,True,,False,False,False,False
2016-03-11,BAC,13.79,0.03918613413715133,False,False,0.0,12.7965,,False,False,True,,False,False,False,False
2016-03-11,FB,109.41,0.01947446887812143,False,False,0.0,106.6455,,False,False,True,,False,False,False,False
2016-03-11,GOOG,726.82,0.019640301899497725,False,False,0.0,704.275,,False,False,True,,False,False,False,False
2016-03-11,GOOGL,744.87,0.01734569840337641,False,False,0.0,725.34,,False,False,True,,False,False,False,False
2016-03-11,MSFT,53.07,0.019596541786743638,False,False,0.0,51.902,,False,False,True,,False,False,False,False
2016-03-11,NVDA,32.22,0.017045454545454586,False,False,0.0,31.067,,False,False,True,,False,False,False,False
2016-03-14,AAPL,102.52,0.002542538627029023,False,False,0.0,99.04249999999999,,False,False,True,,False,False,False,False
2016-03-14,AMZN,573.37,0.00660100770702754,False,False,0.0,557.04,,False,False,True,,False,False,False,False
2016-03-14,BAC,13.64,-0.01087744742567065,False,False,0.0,12.881,,False,False,True,,False,False,False,False
2016-03-14,FB,109.89,0.004387167534960268,False,False,0.0,107.0395,,False,False,True,,False,False,False,False
2016-03-14,GOOG,730.49,0.005049393247296363,False,False,0.0,706.6795,,False,False,True,,False,False,False,False
2016-03-14,GOOGL,750.24,0.0072093116919731415,False,False,0.0,727.5074999999999,,False,False,True,,False,False,False,False
2016-03-14,MSFT,53.17,0.0018843037497644488,False,False,0.0,52.0355,,False,False,True,,False,False,False,False
2016-03-14,NVDA,32.3,0.0024829298572315306,False,False,0.0,31.3955,,False,False,True,,False,False,False,False
2016-03-15,AAPL,104.58,0.020093640265314017,False,False,0.0,99.43950000000001,,False,False,True,,False,False,False,False
2016-03-15,AMZN,577.02,0.006365871950049673,False,False,0.0,559.836,,False,False,True,,False,False,False,False
2016-03-15,BAC,13.57,-0.00513196480938416,False,False,0.0,12.947,,False,False,True,,False,False,False,False
2016-03-15,FB,110.67,0.00709800709800712,False,False,0.0,107.49249999999999,,False,False,True,,False,False,False,False
2016-03-15,GOOG,728.33,-0.002956919328122143,False,False,0.0,708.546,,False,False,True,,False,False,False,False
2016-03-15,GOOGL,750.57,0.00043985924504164053,False,False,0.0,729.154,,False,False,True,,False,False,False,False
2016-03-15,MSFT,53.59,0.00789919127327443,False,False,0.0,52.1605,,False,False,True,,False,False,False,False
2016-03-15,NVDA,32.14,-0.004953560371516952,False,False,0.0,31.653,,False,False,True,,False,False,False,False
2016-03-16,AAPL,105.97,0.013291260279212125,False,False,0.0,99.832,,False,False,True,,False,False,False,False
2016-03-16,AMZN,574.27,-0.004765866001178454,False,False,0.0,561.8445,,False,False,True,,False,False,False,False
2016-03-16,BAC,13.31,-0.01915991156963892,False,False,0.0,12.9845,,False,False,True,,False,False,False,False
2016-03-16,FB,112.18,0.01364416734435725,False,False,0.0,107.8415,,False,False,True,,False,False,False,False
2016-03-16,GOOG,736.09,0.010654511004626999,False,False,0.0,709.9305,,False,False,True,,False,False,False,False
2016-03-16,GOOGL,757.36,0.009046458025234072,False,False,0.0,730.4235000000001,,False,False,True,,False,False,False,False
2016-03-16,MSFT,54.35,0.014181750326553333,False,False,0.0,52.257000000000005,,False,False,True,,False,False,False,False
2016-03-16,NVDA,33.1,0.02986932171748613,False,False,0.0,31.925,,False,False,True,,False,False,False,False
2016-03-17,AAPL,105.8,-0.0016042276115881826,False,False,0.0,100.309,,False,False,True,,False,False,False,False
2016-03-17,AMZN,559.44,-0.02582408971389749,False,False,0.0,563.5665,,False,False,True,,False,False,False,False
2016-03-17,BAC,13.4,0.0067618332081142984,False,False,0.0,13.0425,,False,False,True,,False,False,False,False
2016-03-17,FB,111.02,-0.010340524157603892,False,False,0.0,108.21900000000001,,False,False,True,,False,False,False,False
2016-03-17,GOOG,737.78,0.0022959149017103275,False,False,0.0,711.952,,False,False,True,,False,False,False,False
2016-03-17,GOOGL,758.48,0.0014788211682688068,False,False,0.0,732.472,,False,False,True,,False,False,False,False
2016-03-17,MSFT,54.66,0.00570377184912596,False,False,0.0,52.3805,,False,False,True,,False,False,False,False
2016-03-17,NVDA,32.82,-0.008459214501510659,False,False,0.0,32.064,,False,False,True,,False,False,False,False
2016-03-18,AAPL,105.92,0.0011342155009452792,False,False,0.0,100.803,,False,False,True,,False,False,False,False
2016-03-18,AMZN,552.08,-0.013156013156013224,False,False,0.0,564.4254999999999,,False,False,True,,False,False,False,False
2016-03-18,BAC,13.79,0.029104477611940238,False,False,0.0,13.125499999999999,,False,False,True,,False,False,False,False
2016-03-18,FB,111.45,0.0038731760043235752,False,False,0.0,108.56299999999999,,False,False,True,,False,False,False,False
2016-03-18,GOOG,737.6,-0.00024397516874941072,False,False,0.0,713.7865,,False,False,True,,False,False,False,False
2016-03-18,GOOGL,755.41,-0.004047568821854308,False,False,0.0,734.137,,False,False,True,,False,False,False,False
2016-03-18,MSFT,53.49,-0.02140504939626775,False,False,0.0,52.464,,False,False,True,,False,False,False,False
2016-03-18,NVDA,33.81,0.030164533820840944,False,False,0.0,32.2325,,False,False,False,,False,False,False,False
2016-03-21,AAPL,105.91,-9.44108761329332e-05,False,False,0.0,101.2545,,False,False,True,,False,False,False,False
2016-03-21,AMZN,553.98,0.0034415302130126335,False,False,0.0,564.1495,,False,False,True,,False,False,False,False
2016-03-21,BAC,13.84,0.0036258158085569203,False,False,0.0,13.1905,,False,False,True,,False,False,False,False
2016-03-21,FB,111.85,0.0035890533871689723,False,False,0.0,108.79750000000001,,False,False,True,,False,False,False,False
2016-03-21,GOOG,742.09,0.00608731019522768,False,False,0.0,715.568,,False,False,True,,False,False,False,False
2016-03-21,GOOGL,762.16,0.008935544935862572,False,False,0.0,735.7925,,False,False,True,,False,False,False,False
2016-03-21,MSFT,53.86,0.006917180781454535,False,False,0.0,52.5245,,False,False,True,,False,False,False,False
2016-03-21,NVDA,33.91,0.0029577048210587265,False,False,0.0,32.352,,False,False,False,,False,False,False,False
2016-03-22,AAPL,106.72,0.007648003021433425,False,False,0.0,101.85600000000001,,False,False,True,,False,False,False,False
2016-03-22,AMZN,560.48,0.0117332755695152,False,False,0.0,564.5265,,False,False,True,,False,False,False,False
2016-03-22,BAC,13.76,-0.005780346820809301,False,False,0.0,13.270499999999998,,False,False,True,,False,False,False,False
2016-03-22,FB,112.25,0.0035762181493070866,False,False,0.0,109.13700000000001,,False,False,True,,False,False,False,False
2016-03-22,GOOG,740.75,-0.0018057108976000658,False,False,0.0,717.8129999999999,,False,False,True,,False,False,False,False
2016-03-22,GOOGL,760.05,-0.002768447570064003,False,False,0.0,737.9304999999999,,False,False,True,,False,False,False,False
2016-03-22,MSFT,54.07,0.003898997400668458,False,False,0.0,52.669000000000004,,False,False,True,,False,False,False,False
2016-03-22,NVDA,33.85,-0.0017693895606014642,False,False,0.0,32.4645,,False,False,True,,False,False,False,False
2016-03-23,AAPL,106.13,-0.005528485757121504,False,False,0.0,102.35749999999999,,False,False,True,,False,False,False,False
2016-03-23,AMZN,569.63,0.016325292606337305,False,False,0.0,565.3059999999999,,False,False,True,,False,False,False,False
2016-03-23,BAC,13.62,-0.01017441860465118,False,False,0.0,13.344999999999999,,False,False,True,,False,False,False,False
2016-03-23,FB,112.54,0.002583518930957762,False,False,0.0,109.42,,False,False,True,,False,False,False,False
2016-03-23,GOOG,738.06,-0.0036314546068174636,False,False,0.0,719.738,,False,False,True,,False,False,False,False
2016-03-23,GOOGL,757.56,-0.003276100256562109,False,False,0.0,739.7635,,False,False,True,,False,False,False,False
2016-03-23,MSFT,53.97,-0.0018494544109487476,False,False,0.0,52.7995,,False,False,True,,False,False,False,False
2016-03-23,NVDA,34.43,0.017134416543574504,False,False,0.0,32.595000000000006,,False,False,False,,False,False,False,False
2016-03-24,AAPL,105.67,-0.0043343069820031,False,False,0.0,102.803,,False,False,True,,False,False,False,False
2016-03-24,AMZN,582.95,0.02338359988062444,False,False,0.0,566.696,,False,False,True,,False,False,False,False
2016-03-24,BAC,13.68,0.004405286343612369,False,False,0.0,13.413,,False,False,True,,False,False,False,False
2016-03-24,FB,113.05,0.004531722054380571,False,False,0.0,109.66900000000001,,False,False,True,,False,False,False,False
2016-03-24,GOOG,735.3,-0.0037395333712706424,False,False,0.0,721.2155,,False,False,True,,False,False,False,False
2016-03-24,GOOGL,754.84,-0.0035904746818732347,False,False,0.0,741.0495,,False,False,True,,False,False,False,False
2016-03-24,MSFT,54.21,0.004446914952751513,False,False,0.0,52.904999999999994,,False,False,True,,False,False,False,False
2016-03-24,NVDA,34.48,0.001452221899506112,False,False,0.0,32.7245,,False,False,False,,False,False,False,False
2016-03-28,AAPL,105.19,-0.004542443456042489,False,False,0.0,103.21700000000001,,False,False,True,,False,False,False,False
2016-03-28,AMZN,579.87,-0.005283471995883082,False,False,0.0,567.9280000000001,,False,False,True,,False,False,False,False
2016-03-28,BAC,13.62,-0.004385964912280715,False,False,0.0,13.459,,False,False,True,,False,False,False,False
2016-03-28,FB,113.69,0.005661211853162262,False,False,0.0,109.95750000000001,,False,False,True,,False,False,False,False
2016-03-28,GOOG,733.53,-0.0024071807425540825,False,False,0.0,722.6385,,False,False,True,,False,False,False,False
2016-03-28,GOOGL,753.28,-0.002066663133909241,False,False,0.0,742.4705,,False,False,True,,False,False,False,False
2016-03-28,MSFT,53.54,-0.012359343294595093,False,False,0.0,53.016999999999996,,False,False,True,,False,False,False,False
2016-03-28,NVDA,34.83,0.010150812064965153,False,False,0.0,32.882,,False,False,False,,False,False,False,False
2016-03-29,AAPL,107.68,0.023671451658902942,False,False,0.0,103.7665,,False,False,True,,False,False,False,False
2016-03-29,AMZN,593.86,0.02412609722868919,False,False,0.0,569.995,,False,False,True,,False,False,False,False
2016-03-29,BAC,13.42,-0.014684287812041119,False,False,0.0,13.504,,False,False,True,,False,False,False,False
2016-03-29,FB,116.14,0.02154982848095699,False,False,0.0,110.4185,,False,False,False,,False,False,False,False
2016-03-29,GOOG,744.77,0.015323163333469614,False,False,0.0,724.9885,,False,False,True,,False,False,False,False
2016-03-29,GOOGL,765.89,0.01674012319456253,False,False,0.0,744.904,,False,False,True,,False,False,False,False
2016-03-29,MSFT,54.71,0.02185282032125513,False,False,0.0,53.2085,,False,False,True,,False,False,False,False
2016-03-29,NVDA,35.39,0.016078093597473586,False,False,0.0,33.0835,,False,False,False,,False,False,False,False
2016-03-30,AAPL,109.56,0.017459138187221335,False,False,0.0,104.218,99.4995,True,False,False,,False,False,False,False
2016-03-30,AMZN,598.69,0.008133230054221618,False,False,0.0,570.9775,567.186,True,False,True,,False,False,False,False
2016-03-30,BAC,13.48,0.0044709388971684305,False,False,0.0,13.5185,13.4975,True,False,True,,False,False,False,False
2016-03-30,FB,114.7,-0.012398828999483413,False,False,0.0,110.6625,105.36916666666666,True,False,True,,False,False,False,False
2016-03-30,GOOG,750.53,0.007733931280798023,False,False,0.0,726.5745,715.925,True,False,True,,False,False,False,False
2016-03-30,GOOGL,768.34,0.003198892791393071,False,False,0.0,746.2125,735.8449999999999,True,False,True,,False,False,False,False
2016-03-30,MSFT,55.05,0.006214585998903344,False,False,0.0,53.331999999999994,52.374916666666664,True,False,True,,False,False,False,False
2016-03-30,NVDA,35.76,0.010454930771404358,False,False,0.0,33.233999999999995,30.421333333333333,True,False,False,,False,False,False,False
2016-03-31,AAPL,108.99,-0.005202628696604705,False,False,0.0,104.63,99.56016666666666,True,False,True,,False,False,False,False
2016-03-31,AMZN,593.64,-0.008435083265128984,False,False,0.0,571.649,566.4635000000001,True,False,True,,False,False,False,False
2016-03-31,BAC,13.52,0.0029673590504450953,False,False,0.0,13.523999999999997,13.449000000000002,True,False,True,,False,False,False,False
2016-03-31,FB,114.1,-0.005231037489102031,False,False,0.0,110.87,105.56716666666667,True,False,True,,False,False,False,False
2016-03-31,GOOG,744.95,-0.0074347461127468595,False,False,0.0,727.8795,715.9768333333334,True,False,True,,False,False,False,False
2016-03-31,GOOGL,762.9,-0.007080198870291876,False,False,0.0,747.3835,735.9026666666666,True,False,True,,False,False,False,False
2016-03-31,MSFT,55.23,0.003269754768392419,False,False,0.0,53.446000000000005,52.38208333333333,True,False,True,,False,False,False,False
2016-03-31,NVDA,35.63,-0.003635346756151958,False,False,0.0,33.3685,30.47566666666667,True,False,False,,False,False,False,False
2016-04-01,AAPL,109.99,0.009175153683824266,False,False,0.0,105.0545,99.68149999999999,True,False,False,,False,False,False,False
2016-04-01,AMZN,598.5,0.00818677986658578,False,False,0.0,572.6995,565.8753333333334,True,False,True,,False,False,False,False
2016-04-01,BAC,13.56,0.002958579881656931,False,False,0.0,13.526999999999997,13.401166666666665,True,False,True,,False,False,False,False
2016-04-01,FB,116.06,0.01717791411042957,False,False,0.0,111.194,105.78933333333335,True,False,True,,False,False,False,False
2016-04-01,GOOG,749.91,0.006658164977515257,False,False,0.0,729.754,716.099,True,False,True,,False,False,False,False
2016-04-01,GOOGL,769.67,0.008874033294009598,False,False,0.0,749.2875,736.0383333333333,True,False,True,,False,False,False,False
2016-04-01,MSFT,55.57,0.006156074597139405,False,False,0.0,53.607000000000006,52.390750000000004,True,False,True,,False,False,False,False
2016-04-01,NVDA,36.15,0.014594442885208947,False,False,0.0,33.5435,30.529999999999998,True,False,False,,False,False,False,False
2016-04-04,AAPL,111.12,0.010273661241931187,False,False,0.0,105.46000000000001,99.85516666666666,True,False,False,,False,False,False,False
2016-04-04,AMZN,593.19,-0.008872180451127698,False,False,0.0,573.602,565.2176666666667,True,False,True,,False,False,False,False
2016-04-04,BAC,13.51,-0.0036873156342183133,False,False,0.0,13.5255,13.358333333333333,True,False,True,,False,False,False,False
2016-04-04,FB,112.55,-0.030242977770118973,False,False,0.0,111.402,105.949,True,False,True,,False,False,False,False
2016-04-04,GOOG,745.29,-0.006160739288714634,False,False,0.0,731.4739999999999,716.1268333333334,True,False,True,,False,False,False,False
2016-04-04,GOOGL,765.12,-0.005911624462431875,False,False,0.0,751.0325,736.1348333333333,True,False,True,,False,False,False,False
2016-04-04,MSFT,55.43,-0.002519344970307702,False,False,0.0,53.777,52.41375,True,False,True,,False,False,False,False
2016-04-04,NVDA,35.8,-0.009681881051175734,False,False,0.0,33.706,30.601166666666664,True,False,False,,False,False,False,False
2016-04-05,AAPL,109.81,-0.011789056875449955,False,False,0.0,105.857,100.07783333333333,True,False,True,,False,False,False,False
2016-04-05,AMZN,586.14,-0.011884893541698416,False,False,0.0,574.769,564.8543333333332,True,False,True,,False,False,False,False
2016-04-05,BAC,13.19,-0.023686158401184376,False,False,0.0,13.508499999999998,13.319833333333333,True,False,True,,False,False,False,False
2016-04-05,FB,112.22,-0.002932030208796066,False,False,0.0,111.72649999999999,106.18733333333333,True,False,True,,False,False,False,False
2016-04-05,GOOG,737.8,-0.01004977928054851,False,False,0.0,733.606,716.3169999999999,True,False,True,,False,False,False,False
2016-04-05,GOOGL,758.57,-0.008560748640736082,False,False,0.0,753.3209999999999,736.4276666666666,True,False,True,,False,False,False,False
2016-04-05,MSFT,54.56,-0.01569547176619157,False,False,0.0,53.953500000000005,52.45358333333333,True,False,True,,False,False,False,False
2016-04-05,NVDA,35.75,-0.0013966480446926388,False,False,0.0,33.8765,30.692333333333334,True,False,False,,False,False,False,False
2016-04-06,AAPL,110.96,0.010472634550587223,False,False,0.0,106.35350000000001,100.31116666666667,True,False,True,,False,False,False,False
2016-04-06,AMZN,602.08,0.027194868120244298,False,False,0.0,576.86,564.7715000000001,True,False,True,,False,False,False,False
2016-04-06,BAC,13.27,0.006065200909780133,False,False,0.0,13.519,13.287666666666667,True,False,True,,False,False,False,False
2016-04-06,FB,113.71,0.01327749064337902,False,False,0.0,112.1155,106.46033333333334,True,False,True,,False,False,False,False
2016-04-06,GOOG,745.69,0.010693955001355615,False,False,0.0,736.192,716.8373333333333,True,False,True,,False,False,False,False
2016-04-06,GOOGL,768.07,0.01252356407450872,False,False,0.0,756.048,737.047,True,False,True,,False,False,False,False
2016-04-06,MSFT,55.12,0.01026392961876832,False,False,0.0,54.126999999999995,52.500083333333336,True,False,True,,False,False,False,False
2016-04-06,NVDA,35.8,0.0013986013986013734,False,False,0.0,34.07899999999999,30.795166666666667,True,False,False,,False,False,False,False
2016-04-07,AAPL,108.54,-0.021809661139149172,False,False,0.0,106.7245,100.47800000000001,True,False,True,,False,False,False,False
2016-04-07,AMZN,591.43,-0.017688679245283168,False,False,0.0,578.458,564.333,True,False,True,,False,False,False,False
2016-04-07,BAC,12.85,-0.03165033911077619,False,False,0.0,13.504499999999998,13.246666666666666,True,False,True,,False,False,False,False
2016-04-07,FB,113.64,-0.0006156010904933007,False,False,0.0,112.422,106.72916666666667,True,False,True,,False,False,False,False
2016-04-07,GOOG,740.28,-0.007255025546809124,False,False,0.0,737.944,717.2415,True,False,True,,False,False,False,False
2016-04-07,GOOGL,760.12,-0.010350619084198098,False,False,0.0,757.7835,737.4978333333333,True,False,True,,False,False,False,False
2016-04-07,MSFT,54.46,-0.011973875181422344,False,False,0.0,54.208000000000006,52.53608333333333,True,False,True,,False,False,False,False
2016-04-07,NVDA,35.43,-0.010335195530726149,False,False,0.0,34.264,30.891,True,False,True,,False,False,False,False
2016-04-08,AAPL,108.66,0.001105583195135429,False,False,0.0,107.099,100.623,True,False,True,,False,False,False,False
2016-04-08,AMZN,594.6,0.005359890435047365,False,False,0.0,580.2415,563.9448333333332,True,False,True,,False,False,False,False
2016-04-08,BAC,12.88,0.0023346303501945442,False,False,0.0,13.485000000000003,13.206166666666666,True,False,True,,False,False,False,False
2016-04-08,FB,110.63,-0.026487152411122872,False,False,0.0,112.5875,106.91683333333334,True,False,True,,False,False,False,False
2016-04-08,GOOG,739.15,-0.0015264494515588867,False,False,0.0,739.2605,717.4595,True,False,True,,False,False,False,False
2016-04-08,GOOGL,759.47,-0.0008551281376624198,False,False,0.0,759.1485,737.7333333333333,True,False,True,,False,False,False,False
2016-04-08,MSFT,54.42,-0.0007344840249724482,False,False,0.0,54.32650000000001,52.56341666666666,True,False,True,,False,False,False,False
2016-04-08,NVDA,35.66,0.006491673722833768,False,False,0.0,34.463,30.982333333333333,True,False,True,,False,False,False,False
2016-04-11,AAPL,109.02,0.00331308669243513,False,False,0.0,107.43700000000001,100.81683333333334,True,False,True,,False,False,False,False
2016-04-11,AMZN,595.93,0.002236797847292138,False,False,0.0,581.5575,564.1801666666667,True,False,True,,False,False,False,False
2016-04-11,BAC,12.97,0.006987577639751441,False,False,0.0,13.443999999999999,13.174000000000001,True,False,True,,False,False,False,False
2016-04-11,FB,108.99,-0.014824188737232236,False,False,0.0,112.56650000000002,107.14266666666667,True,False,True,,False,False,False,False
2016-04-11,GOOG,736.1,-0.0041263613610227345,False,False,0.0,739.7245,718.0518333333333,True,False,True,,False,False,False,False
2016-04-11,GOOGL,757.54,-0.0025412458688296446,False,False,0.0,759.7819999999999,738.3661666666667,True,False,True,,False,False,False,False
2016-04-11,MSFT,54.31,-0.002021315692759984,False,False,0.0,54.3885,52.60791666666667,True,False,True,,False,False,False,False
2016-04-11,NVDA,35.88,0.006169377453729918,False,False,0.0,34.646,31.092666666666666,True,False,False,,False,False,False,False
2016-04-12,AAPL,110.44,0.013025133003118805,False,False,0.0,107.833,100.99883333333334,True,False,True,,False,False,False,False
2016-04-12,AMZN,603.17,0.012149077911835393,False,False,0.0,583.0475,564.3496666666666,True,False,True,,False,False,False,False
2016-04-12,BAC,13.27,0.02313030069390898,False,False,0.0,13.4255,13.145333333333333,True,False,True,,False,False,False,False
2016-04-12,FB,110.61,0.014863748967795187,False,False,0.0,112.60249999999999,107.34666666666666,True,False,True,,False,False,False,False
2016-04-12,GOOG,743.09,0.009495992392338115,False,False,0.0,740.3545,718.5246666666667,True,False,True,,False,False,False,False
2016-04-12,GOOGL,764.32,0.008950022441059247,False,False,0.0,760.486,738.9150000000001,True,False,True,,False,False,False,False
2016-04-12,MSFT,54.65,0.006260357208617062,False,False,0.0,54.4625,52.633583333333334,True,False,True,,False,False,False,False
2016-04-12,NVDA,35.84,-0.0011148272017836858,False,False,0.0,34.823,31.21216666666667,True,False,False,,False,False,False,False
2016-04-13,AAPL,112.04,0.014487504527345152,False,False,0.0,108.20600000000002,101.24733333333333,True,False,True,,False,False,False,False
2016-04-13,AMZN,614.82,0.01931462108526638,False,False,0.0,584.9375,565.0936666666668,True,False,True,,False,False,False,False
2016-04-13,BAC,13.79,0.03918613413715133,False,False,0.0,13.436499999999999,13.134166666666665,True,False,True,,False,False,False,False
2016-04-13,FB,110.51,-0.0009040773890244269,False,False,0.0,112.5945,107.60566666666666,True,False,True,,False,False,False,False
2016-04-13,GOOG,751.72,0.011613667254303017,False,False,0.0,741.524,719.4791666666666,True,False,True,,False,False,False,False
2016-04-13,GOOGL,771.91,0.009930395645802781,False,False,0.0,761.553,739.9386666666667,True,False,True,,False,False,False,False
2016-04-13,MSFT,55.35,0.012808783165599413,False,False,0.0,54.5505,52.70625,True,False,True,,False,False,False,False
2016-04-13,NVDA,36.74,0.025111607142857206,False,False,0.0,35.053000000000004,31.372666666666667,True,False,False,,False,False,False,False
2016-04-14,AAPL,112.1,0.000535523027490159,False,False,0.0,108.5125,101.50466666666668,True,False,True,,False,False,False,False
2016-04-14,AMZN,620.75,0.009645099378679856,False,False,0.0,587.2615,565.8648333333334,True,False,True,,False,False,False,False
2016-04-14,BAC,14.14,0.025380710659898664,False,False,0.0,13.478,13.132499999999999,True,False,True,,False,False,False,False
2016-04-14,FB,110.84,0.002986155099085952,False,False,0.0,112.52749999999999,107.86533333333334,True,False,True,,False,False,False,False
2016-04-14,GOOG,753.2,0.001968818176980802,False,False,0.0,742.3795,720.336,True,False,True,,False,False,False,False
2016-04-14,GOOGL,775.39,0.004508297599461031,False,False,0.0,762.4545,740.8771666666667,True,False,True,,False,False,False,False
2016-04-14,MSFT,55.36,0.00018066847335140857,False,False,0.0,54.601,52.786249999999995,True,False,True,,False,False,False,False
2016-04-14,NVDA,36.84,0.0027218290691344293,False,False,0.0,35.239999999999995,31.531166666666664,True,False,False,,False,False,False,False
2016-04-15,AAPL,109.85,-0.020071364852810025,False,False,0.0,108.715,101.72233333333334,True,False,True,,False,False,False,False
2016-04-15,AMZN,625.89,0.008280306081353217,False,False,0.0,590.5840000000001,566.7668333333334,True,False,True,,False,False,False,False
2016-04-15,BAC,14.0,-0.00990099009900991,False,False,0.0,13.508000000000001,13.137666666666666,True,False,True,,False,False,False,False
2016-04-15,FB,109.64,-0.01082641645615301,False,False,0.0,112.4585,108.12016666666666,True,False,True,,False,False,False,False
2016-04-15,GOOG,759.0,0.007700477960701058,False,False,0.0,743.4404999999999,721.3451666666666,True,False,True,,False,False,False,False
2016-04-15,GOOGL,780.0,0.0059453952204697735,False,False,0.0,763.5305000000001,741.9011666666667,True,False,True,,False,False,False,False
2016-04-15,MSFT,55.65,0.005238439306358256,False,False,0.0,54.6505,52.86725,True,False,True,,False,False,False,False
2016-04-15,NVDA,37.13,0.007871878393050924,False,False,0.0,35.4555,31.692,True,False,False,,False,False,False,False
2016-04-18,AAPL,107.48,-0.02157487482931264,False,False,0.0,108.793,101.90866666666668,True,False,True,,False,False,False,False
2016-04-18,AMZN,635.35,0.01511447698477375,False,False,0.0,594.7475,567.7723333333334,True,False,False,,False,False,False,False
2016-04-18,BAC,14.17,0.012142857142857233,False,False,0.0,13.526999999999997,13.151166666666667,True,False,True,,False,False,False,False
2016-04-18,FB,110.45,0.007387814666180326,False,False,0.0,112.4085,108.39166666666667,True,False,True,,False,False,False,False
2016-04-18,GOOG,766.61,0.010026350461133093,False,False,0.0,744.891,722.3455,True,False,True,,False,False,False,False
2016-04-18,GOOGL,787.68,0.009846153846153838,False,False,0.0,765.144,742.918,True,False,True,,False,False,False,False
2016-04-18,MSFT,56.46,0.014555256064689992,False,False,0.0,54.799,52.96691666666666,True,False,True,,False,False,False,False
2016-04-18,NVDA,36.97,-0.004309183948289941,False,False,0.0,35.6135,31.844833333333334,True,False,False,,False,False,False,False
2016-04-19,AAPL,106.91,-0.005303312244138492,False,False,0.0,108.84299999999999,102.00016666666667,True,False,True,,False,False,False,False
2016-04-19,AMZN,627.9,-0.011725820413945098,False,False,0.0,598.4435,568.2976666666667,True,False,True,,False,False,False,False
2016-04-19,BAC,14.45,0.019760056457304165,False,False,0.0,13.557500000000001,13.165999999999999,True,False,True,,False,False,False,False
2016-04-19,FB,112.29,0.01665912177455864,False,False,0.0,112.43049999999998,108.63083333333334,True,False,True,,False,False,False,False
2016-04-19,GOOG,753.93,-0.016540352982611806,False,False,0.0,745.483,722.8235000000001,True,False,True,,False,False,False,False
2016-04-19,GOOGL,776.25,-0.014510968921389367,False,False,0.0,765.8485,743.4311666666666,True,False,True,,False,False,False,False
2016-04-19,MSFT,56.39,-0.0012398157987956182,False,False,0.0,54.9255,53.03525,True,False,True,,False,False,False,False
2016-04-19,NVDA,36.31,-0.017852312685961547,False,False,0.0,35.73350000000001,31.975833333333334,True,False,True,,False,False,False,False
2016-04-20,AAPL,107.13,0.002057805630904408,False,False,0.0,108.8635,102.12833333333333,True,False,True,,False,False,False,False
2016-04-20,AMZN,632.99,0.008106386367255913,False,False,0.0,602.0690000000001,568.9053333333334,True,False,True,,False,False,False,False
2016-04-20,BAC,14.93,0.03321799307958484,False,False,0.0,13.616000000000003,13.198833333333335,True,False,False,,False,False,False,False
2016-04-20,FB,112.42,0.0011577166265919203,False,False,0.0,112.439,108.88766666666668,True,False,True,,False,False,False,False
2016-04-20,GOOG,752.67,-0.0016712426883132014,False,False,0.0,746.079,723.5068333333332,True,False,True,,False,False,False,False
2016-04-20,GOOGL,774.92,-0.0017133655394525604,False,False,0.0,766.592,744.1195,True,False,True,,False,False,False,False
2016-04-20,MSFT,55.59,-0.01418691257315119,False,False,0.0,55.0015,53.09858333333333,True,False,True,,False,False,False,False
2016-04-20,NVDA,36.45,0.003855687138529351,False,False,0.0,35.8635,32.10966666666667,True,False,True,,False,False,False,False
2016-04-21,AAPL,105.97,-0.010827966022589397,False,False,0.0,108.85549999999998,102.228,True,False,True,,False,False,False,False
2016-04-21,AMZN,631.0,-0.003143809538855291,False,False,0.0,605.1375,569.4011666666667,True,False,True,,False,False,False,False
2016-04-21,BAC,14.9,-0.002009377093101117,False,False,0.0,13.680000000000001,13.225333333333333,True,False,False,,False,False,False,False
2016-04-21,FB,113.44,0.009073118662159763,False,False,0.0,112.484,109.15599999999999,True,False,True,,False,False,False,False
2016-04-21,GOOG,759.14,0.008596064676418713,False,False,0.0,747.133,724.2751666666667,True,False,True,,False,False,False,False
2016-04-21,GOOGL,780.0,0.006555515408042112,False,False,0.0,767.7139999999999,744.8896666666666,True,False,True,,False,False,False,False
2016-04-21,MSFT,55.78,0.0034178809138334376,False,False,0.0,55.092000000000006,53.15874999999999,True,False,True,,False,False,False,False
2016-04-21,NVDA,36.41,-0.0010973936899864034,False,False,0.0,35.9625,32.238166666666665,True,False,True,,False,False,False,False
2016-04-22,AAPL,105.68,-0.002736623572709207,False,False,0.0,108.856,102.43233333333333,True,False,True,,False,False,False,False
2016-04-22,AMZN,620.5,-0.016640253565768592,False,False,0.0,607.015,570.0203333333334,True,False,True,,False,False,False,False
2016-04-22,BAC,15.11,0.014093959731543482,False,False,0.0,13.751500000000002,13.2545,True,False,False,,False,False,False,False
2016-04-22,FB,110.56,-0.02538787023977429,False,False,0.0,112.3595,109.42450000000001,True,False,True,,False,False,False,False
2016-04-22,GOOG,718.77,-0.05317859683325865,False,False,0.0,746.3065,724.5881666666667,True,False,True,,False,False,False,False
2016-04-22,GOOGL,737.77,-0.05414102564102563,False,False,0.0,766.8605,745.2261666666667,True,False,True,,False,False,False,False
2016-04-22,MSFT,51.78,-0.0717102904266762,False,False,0.0,54.9705,53.168083333333335,True,False,True,,False,False,False,False
2016-04-22,NVDA,36.27,-0.0038450975006864008,False,False,0.0,36.05200000000001,32.37,True,False,True,,False,False,False,False
2016-04-25,AAPL,105.08,-0.005677517032551149,False,False,0.0,108.85050000000001,102.61549999999998,True,False,True,,False,False,False,False
2016-04-25,AMZN,626.2,0.009186140209508586,False,False,0.0,609.3315,569.8678333333334,True,False,True,,False,False,False,False
2016-04-25,BAC,14.96,-0.00992720052945062,False,False,0.0,13.8185,13.278333333333334,True,False,True,,False,False,False,False
2016-04-25,FB,110.1,-0.0041606367583213455,False,False,0.0,112.17999999999999,109.441,True,False,True,,False,False,False,False
2016-04-25,GOOG,723.15,0.006093743478442271,False,False,0.0,745.7875,724.458,True,False,True,,False,False,False,False
2016-04-25,GOOGL,742.21,0.006018135733358632,False,False,0.0,766.307,745.1246666666667,True,False,True,,False,False,False,False
2016-04-25,MSFT,52.11,0.006373117033603659,False,False,0.0,54.899,53.169000000000004,True,False,True,,False,False,False,False
2016-04-25,NVDA,36.45,0.00496277915632759,False,False,0.0,36.132999999999996,32.51,True,False,True,,False,False,False,False
2016-04-26,AAPL,104.35,-0.006947087933003471,False,False,0.0,108.684,102.73233333333334,True,False,True,,False,False,False,False
2016-04-26,AMZN,616.88,-0.014883423826253628,False,False,0.0,610.4825000000001,570.3658333333334,True,False,True,,False,False,False,False
2016-04-26,BAC,15.09,0.008689839572192382,False,False,0.0,13.901999999999997,13.294166666666666,True,False,False,,False,False,False,False
2016-04-26,FB,108.76,-0.012170753860127115,False,False,0.0,111.811,109.3835,True,False,True,,False,False,False,False
2016-04-26,GOOG,708.14,-0.02075641291571595,False,False,0.0,743.9559999999999,723.8778333333333,True,False,True,,False,False,False,False
2016-04-26,GOOGL,725.37,-0.022688996375688886,False,False,0.0,764.281,744.525,True,False,True,,False,False,False,False
2016-04-26,MSFT,51.44,-0.012857417002494764,False,False,0.0,54.7355,53.10816666666667,True,False,True,,False,False,False,False
2016-04-26,NVDA,36.48,0.0008230452674895528,False,False,0.0,36.1875,32.62983333333333,True,False,True,,False,False,False,False
2016-04-27,AAPL,97.82,-0.06257786296118828,False,False,0.0,108.09700000000001,102.7555,True,False,True,,False,False,False,False
2016-04-27,AMZN,606.57,-0.01671313707690303,False,False,0.0,610.8765000000001,570.8951666666667,True,False,True,,False,False,False,False
2016-04-27,BAC,15.02,-0.004638833664678654,False,False,0.0,13.979,13.311833333333333,True,False,True,,False,False,False,False
2016-04-27,FB,108.89,0.0011952923869069654,False,False,0.0,111.5205,109.28016666666667,True,False,True,,False,False,False,False
2016-04-27,GOOG,705.84,-0.003247945321546486,False,False,0.0,741.7215,723.1085,True,False,True,,False,False,False,False
2016-04-27,GOOGL,721.46,-0.005390352509753615,False,False,0.0,761.937,743.7031666666667,True,False,True,,False,False,False,False
2016-04-27,MSFT,50.94,-0.009720062208398161,False,False,0.0,54.53000000000001,53.04533333333333,True,False,True,,False,False,False,False
2016-04-27,NVDA,37.31,0.022752192982456343,False,False,0.0,36.265,32.763333333333335,True,False,False,,False,False,False,False
2016-04-28,AAPL,94.83,-0.030566346350439533,False,False,0.0,107.38900000000001,102.76133333333333,True,False,True,,False,False,False,False
2016-04-28,AMZN,602.0,-0.007534167532189273,False,False,0.0,611.2945000000001,571.7268333333334,True,False,True,,False,False,False,False
2016-04-28,BAC,14.79,-0.015312916111850927,False,False,0.0,14.042499999999999,13.337833333333332,True,False,True,,False,False,False,False
2016-04-28,FB,116.73,0.07199926531361922,False,False,0.0,111.652,109.3155,True,False,True,,False,False,False,False
2016-04-28,GOOG,691.02,-0.020996259775586612,False,False,0.0,739.025,721.8813333333333,True,False,True,,False,False,False,False
2016-04-28,GOOGL,705.06,-0.02273168297618733,False,False,0.0,759.045,742.439,True,False,True,,False,False,False,False
2016-04-28,MSFT,49.9,-0.020416175893207655,False,False,0.0,54.2635,52.99366666666666,True,False,True,,False,False,False,False
2016-04-28,NVDA,36.2,-0.029750737067810173,False,False,0.0,36.2935,32.899,True,False,True,,False,False,False,False
2016-04-29,AAPL,93.74,-0.011494252873563204,False,False,0.0,106.57649999999998,102.71783333333333,True,False,True,,False,False,False,False
2016-04-29,AMZN,659.59,0.09566445182724248,False,False,0.0,614.349,573.8688333333333,True,False,True,,False,False,False,False
2016-04-29,BAC,14.56,-0.015551048005408963,False,False,0.0,14.092499999999998,13.363333333333333,True,False,True,,False,False,False,False
2016-04-29,FB,117.58,0.007281761329563929,False,False,0.0,111.728,109.39699999999999,True,False,True,,False,False,False,False
2016-04-29,GOOG,693.01,0.0028798008740702485,False,False,0.0,736.1800000000001,721.3156666666667,True,False,True,,False,False,False,False
2016-04-29,GOOGL,707.88,0.003999659603438177,False,False,0.0,755.9554999999999,741.7473333333332,True,False,True,,False,False,False,False
2016-04-29,MSFT,49.87,-0.0006012024048096531,False,False,0.0,53.9785,52.9555,True,False,True,,False,False,False,False
2016-04-29,NVDA,35.53,-0.018508287292817727,False,False,0.0,36.2625,33.021166666666666,True,False,True,,False,False,False,False
2016-05-02,AAPL,93.64,-0.0010667804565819283,False,False,0.0,105.70250000000001,102.6685,True,False,True,,False,False,False,False
2016-05-02,AMZN,683.85,0.03678042420291394,False,False,0.0,618.882,576.3286666666665,True,False,False,,False,False,False,False
2016-05-02,BAC,14.77,0.014423076923076872,False,False,0.0,14.1555,13.388666666666666,True,False,True,,False,False,False,False
2016-05-02,FB,118.57,0.008419799285592777,False,False,0.0,112.029,109.53166666666667,True,False,True,,False,False,False,False
2016-05-02,GOOG,698.21,0.007503499228005417,False,False,0.0,733.826,721.1523333333333,True,False,True,,False,False,False,False
2016-05-02,GOOGL,714.41,0.00922472735491886,False,False,0.0,753.42,741.487,True,False,True,,False,False,False,False
2016-05-02,MSFT,50.61,0.014838580308802918,False,False,0.0,53.7375,52.93233333333333,True,False,True,,False,False,False,False
2016-05-02,NVDA,36.0,0.013228257810301125,False,False,0.0,36.2725,33.150999999999996,True,False,True,,False,False,False,False
2016-05-03,AAPL,95.18,0.016445963263562735,False,False,0.0,104.971,102.68783333333334,True,False,True,,False,False,False,False
2016-05-03,AMZN,671.32,-0.018322731593185648,False,False,0.0,623.1410000000001,579.1484999999999,True,False,True,,False,False,False,False
2016-05-03,BAC,14.36,-0.02775897088693302,False,False,0.0,14.213999999999999,13.412166666666668,True,False,True,,False,False,False,False
2016-05-03,FB,117.43,-0.009614573669562199,False,False,0.0,112.2895,109.75433333333334,True,False,True,,False,False,False,False
2016-05-03,GOOG,692.36,-0.008378568052591628,False,False,0.0,731.554,721.2988333333334,True,False,True,,False,False,False,False
2016-05-03,GOOGL,708.44,-0.00835654596100266,False,False,0.0,750.9135,741.565,True,False,True,,False,False,False,False
2016-05-03,MSFT,49.78,-0.01639992096423626,False,False,0.0,53.4985,52.926,True,False,True,,False,False,False,False
2016-05-03,NVDA,35.57,-0.011944444444444424,False,False,0.0,36.2635,33.303333333333335,True,False,True,,False,False,False,False
2016-05-04,AAPL,94.19,-0.010401344820340497,False,False,0.0,104.13250000000001,102.67416666666666,True,False,True,,False,False,False,False
2016-05-04,AMZN,670.9,-0.0006256330810940902,False,False,0.0,626.5820000000001,582.1951666666666,True,False,True,,False,False,False,False
2016-05-04,BAC,14.13,-0.016016713091921875,False,False,0.0,14.257000000000001,13.443166666666665,True,False,True,,False,False,False,False
2016-05-04,FB,118.06,0.005364898237247617,False,False,0.0,112.50699999999999,110.05950000000001,True,False,True,,False,False,False,False
2016-05-04,GOOG,695.7,0.004824079958403171,False,False,0.0,729.0545,721.5148333333333,True,False,True,,False,False,False,False
2016-05-04,GOOGL,711.37,0.004135847778216961,False,False,0.0,748.0785,741.6851666666666,True,False,True,,False,False,False,False
2016-05-04,MSFT,49.87,0.0018079550020086987,False,False,0.0,53.236000000000004,52.93366666666667,True,False,True,,False,False,False,False
2016-05-04,NVDA,34.76,-0.02277199887545689,False,False,0.0,36.2115,33.46233333333333,True,False,True,,False,False,False,False
2016-05-05,AAPL,93.24,-0.010085996390274965,False,False,0.0,103.36749999999999,102.645,True,False,True,,False,False,False,False
2016-05-05,AMZN,659.09,-0.01760321955582045,False,False,0.0,629.965,585.1455000000001,True,False,True,,False,False,False,False
2016-05-05,BAC,14.05,-0.005661712668082131,False,False,0.0,14.316999999999998,13.474,True,False,True,,False,False,False,False
2016-05-05,FB,117.81,-0.002117567338641324,False,False,0.0,112.71549999999999,110.364,True,False,True,,False,False,False,False
2016-05-05,GOOG,701.43,0.008236308753773125,False,False,0.0,727.112,721.9035000000001,True,False,True,,False,False,False,False
2016-05-05,GOOGL,714.71,0.004695165666249723,False,False,0.0,745.808,741.9133333333333,True,False,True,,False,False,False,False
2016-05-05,MSFT,49.94,0.0014036494886704443,False,False,0.0,53.010000000000005,52.94466666666667,True,False,True,,False,False,False,False
2016-05-05,NVDA,34.97,0.006041426927502869,False,False,0.0,36.1885,33.62033333333333,True,False,True,,False,False,False,False
2016-05-06,AAPL,92.72,-0.005577005577005578,False,True,0.0,102.5705,102.61916666666666,False,True,True,,False,False,False,True
2016-05-06,AMZN,673.95,0.022546237994811147,False,False,0.0,633.9325,588.2033333333333,True,False,True,,False,False,False,False
2016-05-06,BAC,14.11,0.004270462633451766,False,False,0.0,14.378499999999999,13.509500000000001,True,False,True,,False,False,False,False
2016-05-06,FB,119.49,0.01426024955436711,False,False,0.0,113.1585,110.67216666666667,True,False,True,,False,False,False,False
2016-05-06,GOOG,711.12,0.013814635815405651,False,False,0.0,725.7105,722.3534999999999,True,False,True,,False,False,False,False
2016-05-06,GOOGL,725.18,0.01464929831679962,False,False,0.0,744.0935,742.2188333333332,True,False,True,,False,False,False,False
2016-05-06,MSFT,50.39,0.009010812975570826,False,True,0.0,52.8085,52.956,False,True,True,,False,False,False,True
2016-05-06,NVDA,35.33,0.010294538175579016,False,False,0.0,36.172000000000004,33.785333333333334,True,False,True,,False,False,False,False
2016-05-09,AAPL,92.79,0.0007549611734254391,False,True,0.0,101.759,102.604,False,True,True,,False,False,False,True
2016-05-09,AMZN,679.75,0.00860597967208232,False,False,0.0,638.1234999999999,591.1355,True,False,True,,False,False,False,False
2016-05-09,BAC,13.99,-0.00850460666194186,False,False,0.0,14.429499999999999,13.556666666666667,True,False,True,,False,False,False,False
2016-05-09,FB,119.24,-0.002092225290819316,False,False,0.0,113.67099999999998,110.961,True,False,True,,False,False,False,False
2016-05-09,GOOG,712.9,0.002503093711328619,False,False,0.0,724.5505,722.85,True,False,True,,False,False,False,False
2016-05-09,GOOGL,729.13,0.00544692352243592,False,False,0.0,742.673,742.5983333333334,True,False,True,,False,False,False,False
2016-05-09,MSFT,50.07,-0.006350466362373464,False,True,0.0,52.596500000000006,52.96233333333334,False,True,True,,False,False,False,True
2016-05-09,NVDA,35.28,-0.00141522785168402,False,False,0.0,36.142,33.95166666666667,True,False,True,,False,False,False,False
2016-05-10,AAPL,93.42,0.006789524733268548,False,True,0.0,100.90799999999999,102.5945,False,True,True,,False,False,False,True
2016-05-10,AMZN,703.07,0.034306730415593956,False,False,0.0,643.1185,594.402,True,False,False,,False,False,False,False
2016-05-10,BAC,14.3,0.022158684774839177,False,False,0.0,14.481,13.595833333333333,True,False,True,,False,False,False,False
2016-05-10,FB,120.5,0.010566923851056842,False,False,0.0,114.1655,111.26916666666668,True,False,True,,False,False,False,False
2016-05-10,GOOG,723.18,0.014419974751016973,False,False,0.0,723.5550000000001,723.5296666666667,True,False,True,,False,False,False,False
2016-05-10,GOOGL,739.38,0.014057849766159647,False,True,0.0,741.426,743.1398333333333,False,True,True,,False,False,False,True
2016-05-10,MSFT,51.02,0.01897343718793687,False,True,0.0,52.415,52.971000000000004,False,True,True,,False,False,False,True
2016-05-10,NVDA,35.96,0.01927437641723362,False,False,0.0,36.147999999999996,34.12216666666667,True,False,True,,False,False,False,False
2016-05-11,AAPL,92.51,-0.00974095482766002,False,True,0.0,99.9315,102.52566666666667,False,True,True,,False,False,False,True
2016-05-11,AMZN,713.23,0.014450908159927112,False,False,0.0,648.039,597.6041666666666,True,False,False,,False,False,False,False
2016-05-11,BAC,14.2,-0.006993006993007089,False,False,0.0,14.501500000000002,13.628333333333332,True,False,True,,False,False,False,False
2016-05-11,FB,119.52,-0.008132780082987567,False,False,0.0,114.61599999999999,111.56766666666665,True,False,True,,False,False,False,False
2016-05-11,GOOG,715.29,-0.010910146851406233,False,True,0.0,721.7335,723.9345,False,True,True,,False,False,False,True
2016-05-11,GOOGL,730.55,-0.011942438259082033,False,True,0.0,739.358,743.355,False,True,True,,False,False,False,True
2016-05-11,MSFT,51.05,0.0005880047040374148,False,True,0.0,52.2,52.97033333333333,False,True,True,,False,False,False,True
2016-05-11,NVDA,36.06,0.002780867630700845,False,False,0.0,36.114,34.27333333333333,True,False,True,,False,False,False,False
2016-05-12,AAPL,90.34,-0.023456923575829625,False,True,0.0,98.8435,102.396,False,True,True,,False,False,False,True
2016-05-12,AMZN,717.93,0.006589739635180614,False,False,0.0,652.898,600.668,True,False,False,,False,False,False,False
2016-05-12,BAC,14.14,-0.00422535211267594,False,False,0.0,14.501499999999998,13.654666666666667,True,False,True,,False,False,False,False
2016-05-12,FB,120.28,0.006358768406961257,False,False,0.0,115.08800000000001,111.81899999999999,True,False,True,,False,False,False,False
2016-05-12,GOOG,713.31,-0.0027681080400956404,False,True,0.0,719.7389999999999,724.0163333333333,False,True,True,,False,False,False,True
2016-05-12,GOOGL,728.07,-0.003394702621312584,False,True,0.0,736.992,743.2900000000001,False,True,True,,False,False,False,True
2016-05-12,MSFT,51.51,0.009010773751224388,False,True,0.0,52.00749999999999,52.95516666666666,False,True,True,,False,False,False,True
2016-05-12,NVDA,35.57,-0.013588463671658446,False,False,0.0,36.0505,34.405166666666666,True,False,True,,False,False,False,False
2016-05-13,AAPL,90.52,0.0019924728802300784,False,True,0.0,97.877,102.30033333333333,False,True,True,,False,False,False,True
2016-05-13,AMZN,709.92,-0.011157076595211257,False,False,0.0,657.0995,603.75,True,False,False,,False,False,False,False
2016-05-13,BAC,13.88,-0.018387553041018356,False,False,0.0,14.495499999999998,13.682,True,False,True,,False,False,False,False
2016-05-13,FB,119.81,-0.0039075490522114675,False,False,0.0,115.59649999999999,112.09133333333332,True,False,True,,False,False,False,False
2016-05-13,GOOG,710.83,-0.0034767492394609523,False,True,0.0,717.3305,724.241,False,True,True,,False,False,False,True
2016-05-13,GOOGL,724.83,-0.004450121554246178,False,True,0.0,734.2334999999999,743.4119999999999,False,True,True,,False,False,False,True
2016-05-13,MSFT,51.08,-0.008347893612890678,False,True,0.0,51.778999999999996,52.93666666666666,False,True,True,,False,False,False,True
2016-05-13,NVDA,40.98,0.15209446162496487,False,False,0.0,36.243,34.5875,True,False,False,,False,False,False,False
2016-05-16,AAPL,93.88,0.03711886875828552,False,True,0.0,97.19699999999999,102.26433333333333,False,True,True,,False,False,False,True
2016-05-16,AMZN,710.66,0.00104237097137716,False,False,0.0,660.865,606.6793333333333,True,False,False,,False,False,False,False
2016-05-16,BAC,13.93,0.0036023054755043304,False,False,0.0,14.483500000000001,13.712,True,False,True,,False,False,False,False
2016-05-16,FB,118.67,-0.009515065520407262,False,False,0.0,116.00750000000001,112.32633333333334,True,False,True,,False,False,False,False
2016-05-16,GOOG,716.49,0.00796252268474884,False,True,0.0,714.8245,724.5006666666667,False,True,True,,False,False,False,True
2016-05-16,GOOGL,730.3,0.00754659713312078,False,True,0.0,731.3645,743.5485000000001,False,True,True,,False,False,False,True
2016-05-16,MSFT,51.83,0.014682850430696837,False,True,0.0,51.5475,52.93683333333333,False,True,True,,False,False,False,True
2016-05-16,NVDA,42.19,0.029526598340654076,False,False,0.0,36.504000000000005,34.78333333333333,True,False,False,,False,False,False,False
2016-05-17,AAPL,93.49,-0.004154239454622899,False,True,0.0,96.526,102.20783333333333,False,True,True,,False,False,False,True
2016-05-17,AMZN,695.27,-0.02165592547772488,False,False,0.0,664.2335,608.9421666666666,True,False,True,,False,False,False,False
2016-05-17,BAC,14.01,0.005743000717875146,False,False,0.0,14.461499999999997,13.7365,True,False,True,,False,False,False,False
2016-05-17,FB,117.35,-0.01112328305384691,False,False,0.0,116.26050000000001,112.49616666666667,True,False,True,,False,False,False,False
2016-05-17,GOOG,706.23,-0.014319809069212375,False,True,0.0,712.4395000000001,724.4968333333334,False,True,True,,False,False,False,True
2016-05-17,GOOGL,720.19,-0.013843625907161261,False,True,0.0,728.5615,743.4008333333334,False,True,True,,False,False,False,True
2016-05-17,MSFT,50.51,-0.025467875747636537,False,True,0.0,51.253499999999995,52.90116666666667,False,True,True,,False,False,False,True
2016-05-17,NVDA,42.28,0.002133206921071329,False,False,0.0,36.802499999999995,34.96266666666667,True,False,False,,False,False,False,False
2016-05-18,AAPL,94.56,0.011445074339501593,False,True,0.0,95.89750000000001,102.20566666666667,False,True,True,,False,False,False,True
2016-05-18,AMZN,697.45,0.0031354725502323877,False,False,0.0,667.4565,611.3506666666667,True,False,True,,False,False,False,False
2016-05-18,BAC,14.69,0.04853675945753033,False,False,0.0,14.449499999999997,13.778666666666668,True,False,True,,False,False,False,False
2016-05-18,FB,117.65,0.002556455048998929,False,False,0.0,116.522,112.69933333333333,True,False,True,,False,False,False,False
2016-05-18,GOOG,706.63,0.0005663877207142676,False,True,0.0,710.1375,724.6764999999999,False,True,True,,False,False,False,True
2016-05-18,GOOGL,721.78,0.0022077507324453904,False,True,0.0,725.9045,743.4756666666667,False,True,True,,False,False,False,True
2016-05-18,MSFT,50.81,0.005939417937042224,False,True,0.0,51.0145,52.895,False,True,True,,False,False,False,True
2016-05-18,NVDA,43.36,0.02554399243140959,False,False,0.0,37.148,35.15866666666667,True,False,False,,False,False,False,False
2016-05-19,AAPL,94.2,-0.0038071065989847552,False,True,0.0,95.309,102.17399999999999,False,True,True,,False,False,False,True
2016-05-19,AMZN,698.52,0.0015341601548497508,False,False,0.0,670.8325000000001,613.7586666666667,True,False,True,,False,False,False,False
2016-05-19,BAC,14.53,-0.010891763104152519,False,False,0.0,14.431000000000001,13.818666666666667,True,False,True,,False,False,False,False
2016-05-19,FB,116.81,-0.0071398215044624624,False,False,0.0,116.6905,112.86483333333334,True,False,True,,False,False,False,False
2016-05-19,GOOG,700.32,-0.008929708616956411,False,True,0.0,707.1965,724.6891666666667,False,True,True,,False,False,False,True
2016-05-19,GOOGL,715.31,-0.008963950234143425,False,True,0.0,722.6700000000001,743.3824999999999,False,True,True,,False,False,False,True
2016-05-19,MSFT,50.32,-0.009643770911238025,False,True,0.0,50.741499999999995,52.87766666666667,False,True,True,,False,False,False,True
2016-05-19,NVDA,43.55,0.004381918819188035,False,False,0.0,37.504999999999995,35.354166666666664,True,False,False,,False,False,False,False
2016-05-20,AAPL,95.22,0.010828025477706893,False,True,0.0,94.786,102.14833333333334,False,True,True,,False,False,False,True
2016-05-20,AMZN,702.8,0.0061272404512398015,False,False,0.0,674.9475,616.2194999999999,True,False,True,,False,False,False,False
2016-05-20,BAC,14.52,-0.0006882312456985007,False,False,0.0,14.401499999999999,13.855333333333332,True,False,True,,False,False,False,False
2016-05-20,FB,117.35,0.004622891875695423,False,False,0.0,117.03,113.01950000000001,True,False,True,,False,False,False,False
2016-05-20,GOOG,709.74,0.013450993831391367,False,True,0.0,706.745,724.7556666666666,False,True,True,,False,False,False,True
2016-05-20,GOOGL,721.71,0.008947169758566353,False,True,0.0,721.867,743.259,False,True,True,,False,False,False,True
2016-05-20,MSFT,50.62,0.0059618441971383,False,True,0.0,50.683499999999995,52.853,False,True,True,,False,False,False,True
2016-05-20,NVDA,44.33,0.017910447761193993,False,False,0.0,37.908,35.5615,True,False,False,,False,False,False,False
2016-05-23,AAPL,96.43,0.012707414408737794,False,True,0.0,94.3535,102.14033333333333,False,True,True,,False,False,False,True
2016-05-23,AMZN,696.75,-0.008608423449060876,False,False,0.0,678.475,618.5781666666666,True,False,True,,False,False,False,False
2016-05-23,BAC,14.47,-0.003443526170798794,False,False,0.0,14.377,13.884833333333335,True,False,True,,False,False,False,False
2016-05-23,FB,115.97,-0.011759693225394052,False,False,0.0,117.32350000000001,113.15366666666667,True,False,True,,False,False,False,False
2016-05-23,GOOG,704.24,-0.00774931665116807,False,True,0.0,705.7995,724.7418333333334,False,True,True,,False,False,False,True
2016-05-23,GOOGL,717.25,-0.006179767496639954,False,True,0.0,720.6189999999999,743.1321666666666,False,True,True,,False,False,False,True
2016-05-23,MSFT,50.03,-0.011655472145396972,False,True,0.0,50.579499999999996,52.83183333333333,False,True,True,,False,False,False,True
2016-05-23,NVDA,44.4,0.0015790660951950919,False,False,0.0,38.3055,35.773500000000006,True,False,False,,False,False,False,False
2016-05-24,AAPL,97.9,0.015244218604168802,False,True,0.0,94.031,102.1605,False,True,True,,False,False,False,True
2016-05-24,AMZN,704.2,0.010692500897022006,False,False,0.0,682.841,621.1061666666667,True,False,True,,False,False,False,False
2016-05-24,BAC,14.68,0.014512785072563927,False,False,0.0,14.356500000000002,13.920833333333333,True,False,True,,False,False,False,False
2016-05-24,FB,117.7,0.014917651116668207,False,False,0.0,117.7705,113.33333333333333,True,False,True,,False,False,False,False
2016-05-24,GOOG,720.09,0.022506531864137314,False,True,0.0,706.397,725.1138333333333,False,True,True,,False,False,False,True
2016-05-24,GOOGL,733.03,0.022000697107005918,False,True,0.0,721.0020000000001,743.3956666666667,False,True,True,,False,False,False,True
2016-05-24,MSFT,51.59,0.031181291225264918,False,True,0.0,50.587,52.843666666666664,False,True,True,,False,False,False,True
2016-05-24,NVDA,45.36,0.021621621621621623,False,False,0.0,38.7495,36.00683333333333,True,False,False,,False,False,False,False
2016-05-25,AAPL,99.62,0.01756894790602659,False,True,0.0,94.12100000000001,102.14533333333334,False,True,True,,False,False,False,True
2016-05-25,AMZN,708.35,0.0058932121556376504,False,False,0.0,687.9300000000001,623.2613333333334,True,False,True,,False,False,False,False
2016-05-25,BAC,14.92,0.016348773841961872,False,False,0.0,14.351499999999998,13.949666666666667,True,False,True,,False,False,False,False
2016-05-25,FB,117.89,0.0016142735768904792,False,False,0.0,118.22049999999999,113.46783333333335,True,False,True,,False,False,False,False
2016-05-25,GOOG,725.27,0.007193545251287903,False,True,0.0,707.3684999999999,725.2215,False,True,True,,False,False,False,True
2016-05-25,GOOGL,738.1,0.006916497278419698,False,True,0.0,721.834,743.3278333333334,False,True,True,,False,False,False,True
2016-05-25,MSFT,52.12,0.010273308780771373,False,True,0.0,50.646,52.836,False,True,True,,False,False,False,True
2016-05-25,NVDA,45.17,-0.004188712522045779,False,False,0.0,39.1425,36.21383333333333,True,False,False,,False,False,False,False
2016-05-26,AAPL,100.41,0.007930134511142217,False,True,0.0,94.4,102.13966666666667,False,True,True,,False,False,False,True
2016-05-26,AMZN,714.91,0.009260958565680655,False,False,0.0,693.5755,625.5063333333333,True,False,True,,False,False,False,False
2016-05-26,BAC,14.7,-0.014745308310991967,False,False,0.0,14.347,13.971166666666667,True,False,True,,False,False,False,False
2016-05-26,FB,119.47,0.013402324200525895,False,False,0.0,118.3575,113.6265,True,False,True,,False,False,False,False
2016-05-26,GOOG,724.12,-0.001585616391137079,False,True,0.0,709.0235,725.3093333333333,False,True,True,,False,False,False,True
2016-05-26,GOOGL,736.93,-0.0015851510635416233,False,True,0.0,723.4275,743.2853333333334,False,True,True,,False,False,False,True
2016-05-26,MSFT,51.89,-0.004412893323100464,False,True,0.0,50.7455,52.81833333333334,False,True,True,,False,False,False,True
2016-05-26,NVDA,45.65,0.010626522027894492,False,False,0.0,39.615,36.425666666666665,True,False,False,,False,False,False,False
2016-05-27,AAPL,100.35,-0.0005975500448163196,False,True,0.0,94.73049999999999,102.1205,False,True,True,,False,False,False,True
2016-05-27,AMZN,712.24,-0.0037347358408750253,False,False,0.0,696.208,627.7521666666668,True,False,True,,False,False,False,False
2016-05-27,BAC,14.88,0.01224489795918382,False,False,0.0,14.363000000000003,13.994166666666667,True,False,True,,False,False,False,False
2016-05-27,FB,119.38,-0.0007533271951117859,False,False,0.0,118.44750000000002,113.78983333333332,True,False,True,,False,False,False,False
2016-05-27,GOOG,732.66,0.011793625365961402,False,True,0.0,711.006,725.6466666666668,False,True,True,,False,False,False,True
2016-05-27,GOOGL,747.6,0.014478987149390221,False,True,0.0,725.4135,743.5521666666667,False,True,True,,False,False,False,True
2016-05-27,MSFT,52.32,0.00828676045480825,False,True,0.0,50.868,52.817833333333326,False,True,True,,False,False,False,True
2016-05-27,NVDA,45.9,0.005476451259583737,False,False,0.0,40.1335,36.646499999999996,True,False,False,,False,False,False,False
2016-05-31,AAPL,99.86,-0.004882909815645209,False,True,0.0,95.04150000000001,102.068,False,True,True,,False,False,False,True
2016-05-31,AMZN,722.79,0.01481242277883843,False,False,0.0,698.155,630.2130000000001,True,False,True,,False,False,False,False
2016-05-31,BAC,14.8,-0.005376344086021501,False,False,0.0,14.364499999999998,14.015166666666667,True,False,True,,False,False,False,False
2016-05-31,FB,118.81,-0.004774669123806308,False,False,0.0,118.4595,113.96350000000001,True,False,True,,False,False,False,False
2016-05-31,GOOG,735.72,0.004176562116124938,False,True,0.0,712.8815000000001,726.0605,False,True,True,,False,False,False,True
2016-05-31,GOOGL,748.85,0.0016720171214552604,False,True,0.0,727.1355000000001,743.8626666666667,False,True,True,,False,False,False,True
2016-05-31,MSFT,53.0,0.012996941896024516,False,True,0.0,50.9875,52.833999999999996,False,True,True,,False,False,False,True
2016-05-31,NVDA,46.72,0.017864923747276773,False,False,0.0,40.669500000000006,36.882666666666665,True,False,False,,False,False,False,False
2016-06-01,AAPL,98.46,-0.014019627478469965,False,True,0.0,95.2055,102.01116666666667,False,True,True,,False,False,False,True
2016-06-01,AMZN,719.44,-0.004634817858575668,False,False,0.0,700.5609999999999,632.8236666666667,True,False,True,,False,False,False,False
2016-06-01,BAC,14.86,0.004054054054053902,False,False,0.0,14.389500000000002,14.037333333333333,True,False,True,,False,False,False,False
2016-06-01,FB,118.78,-0.00025250399797993595,False,False,0.0,118.527,114.181,True,False,True,,False,False,False,False
2016-06-01,GOOG,734.15,-0.0021339640080466626,False,True,0.0,714.971,726.7103333333332,False,True,True,,False,False,False,True
2016-06-01,GOOGL,748.46,-0.0005207985577886376,False,True,0.0,729.1365,744.457,False,True,True,,False,False,False,True
2016-06-01,MSFT,52.85,-0.002830188679245227,False,True,0.0,51.141,52.86433333333333,False,True,True,,False,False,False,True
2016-06-01,NVDA,46.81,0.001926369863013866,False,False,0.0,41.2315,37.12383333333334,True,False,False,,False,False,False,False
2016-06-02,AAPL,97.72,-0.007515742433475525,False,True,0.0,95.38199999999999,101.95599999999999,False,True,True,,False,False,False,True
2016-06-02,AMZN,728.24,0.01223173579450676,False,False,0.0,703.428,635.6233333333333,True,False,True,,False,False,False,False
2016-06-02,BAC,14.94,0.0053835800807537915,False,False,0.0,14.429999999999998,14.068666666666667,True,False,True,,False,False,False,False
2016-06-02,FB,118.93,0.0012628388617612618,False,False,0.0,118.57050000000001,114.39766666666668,True,False,True,,False,False,False,False
2016-06-02,GOOG,730.4,-0.00510794796703673,False,True,0.0,716.706,727.3174999999999,False,True,True,,False,False,False,True
2016-06-02,GOOGL,744.27,-0.005598161558399983,False,True,0.0,730.7814999999999,744.9693333333333,False,True,True,,False,False,False,True
2016-06-02,MSFT,52.48,-0.007000946073793868,False,True,0.0,51.2715,52.878166666666665,False,True,True,,False,False,False,True
2016-06-02,NVDA,47.14,0.007049775688955373,False,False,0.0,41.8505,37.38033333333333,True,False,False,,False,False,False,False
2016-06-03,AAPL,97.92,0.002046663937781412,False,True,0.0,95.616,101.90266666666666,False,True,True,,False,False,False,True
2016-06-03,AMZN,725.54,-0.0037075689333186945,False,False,0.0,706.7505,638.3911666666665,True,False,True,,False,False,False,False
2016-06-03,BAC,14.42,-0.03480589022757696,False,False,0.0,14.448500000000001,14.09,True,False,True,,False,False,False,False
2016-06-03,FB,118.47,-0.003867821407550709,False,False,0.0,118.60350000000001,114.58033333333334,True,False,True,,False,False,False,False
2016-06-03,GOOG,722.34,-0.011035049288061316,False,True,0.0,717.7515000000001,727.6025000000001,False,True,True,,False,False,False,True
2016-06-03,GOOGL,735.86,-0.01129966275679517,False,True,0.0,731.839,745.1434999999999,False,True,True,,False,False,False,True
2016-06-03,MSFT,51.79,-0.013147865853658458,False,True,0.0,51.364,52.86066666666667,False,True,True,,False,False,False,True
2016-06-03,NVDA,46.48,-0.014000848536275035,False,False,0.0,42.426,37.62616666666667,True,False,False,,False,False,False,False
2016-06-06,AAPL,98.63,0.007250816993463971,False,True,0.0,95.9115,101.86033333333333,False,True,True,,False,False,False,True
2016-06-06,AMZN,726.73,0.0016401576756623903,False,False,0.0,709.3895,641.1878333333334,True,False,True,,False,False,False,False
2016-06-06,BAC,14.52,0.006934812760055475,False,False,0.0,14.469,14.110833333333336,True,False,True,,False,False,False,False
2016-06-06,FB,118.79,0.0027011057651726844,False,False,0.0,118.5685,114.7715,True,False,True,,False,False,False,False
2016-06-06,GOOG,716.55,-0.008015615914943264,False,True,0.0,718.0229999999999,727.6646666666667,False,True,True,,False,False,False,True
2016-06-06,GOOGL,730.06,-0.00788193406354476,False,True,0.0,732.083,745.1083333333333,False,True,True,,False,False,False,True
2016-06-06,MSFT,52.13,0.006564973933191887,False,True,0.0,51.451,52.861999999999995,False,True,True,,False,False,False,True
2016-06-06,NVDA,46.24,-0.005163511187607495,False,False,0.0,42.971500000000006,37.868833333333335,True,False,False,,False,False,False,False
2016-06-07,AAPL,99.03,0.004055561188279544,False,True,0.0,96.2235,101.8065,False,True,True,,False,False,False,True
2016-06-07,AMZN,723.74,-0.004114320311532471,False,False,0.0,711.589,643.7566666666667,True,False,True,,False,False,False,False
2016-06-07,BAC,14.35,-0.011707988980716233,False,False,0.0,14.487,14.120166666666666,True,False,True,,False,False,False,False
2016-06-07,FB,117.76,-0.00867076353228391,False,False,0.0,118.49450000000002,114.91066666666666,True,False,True,,False,False,False,False
2016-06-07,GOOG,716.65,0.0001395576024003642,False,True,0.0,718.2104999999999,727.4951666666667,False,True,True,,False,False,False,True
2016-06-07,GOOGL,731.09,0.0014108429444157355,False,True,0.0,732.181,744.8786666666667,False,True,True,,False,False,False,True
2016-06-07,MSFT,52.1,-0.0005754843660080722,False,True,0.0,51.552499999999995,52.84583333333333,False,True,True,,False,False,False,True
2016-06-07,NVDA,46.33,0.0019463667820067698,False,False,0.0,43.524,38.104,True,False,False,,False,False,False,False
2016-06-08,AAPL,98.94,-0.0009088155104514106,False,True,0.0,96.4995,101.74683333333333,False,True,True,,False,False,False,True
2016-06-08,AMZN,726.64,0.0040069638267885566,False,False,0.0,712.7674999999999,646.3111666666666,True,False,True,,False,False,False,False
2016-06-08,BAC,14.43,0.0055749128919859725,False,False,0.0,14.493500000000001,14.133333333333333,True,False,True,,False,False,False,False
2016-06-08,FB,118.39,0.005349864130434812,False,False,0.0,118.38900000000001,115.05233333333334,True,False,True,,False,False,False,False
2016-06-08,GOOG,728.28,0.016228284378706492,False,True,0.0,718.4655,727.4583333333334,False,True,True,,False,False,False,True
2016-06-08,GOOGL,742.93,0.016194996512057136,False,True,0.0,732.3585,744.7568333333332,False,True,True,,False,False,False,True
2016-06-08,MSFT,52.04,-0.001151631477927073,False,True,0.0,51.6035,52.827,False,True,True,,False,False,False,True
2016-06-08,NVDA,46.18,-0.003237642995898904,False,False,0.0,44.035000000000004,38.33533333333333,True,False,False,,False,False,False,False
2016-06-09,AAPL,99.65,0.007176066302809758,False,True,0.0,96.85650000000001,101.66466666666666,False,True,True,,False,False,False,True
2016-06-09,AMZN,727.65,0.0013899592645600922,False,False,0.0,713.4885,648.8216666666667,True,False,True,,False,False,False,False
2016-06-09,BAC,14.19,-0.016632016632016633,False,False,0.0,14.493,14.143666666666666,True,False,True,,False,False,False,False
2016-06-09,FB,118.56,0.0014359320888588378,False,False,0.0,118.34100000000001,115.18383333333334,True,False,True,,False,False,False,False
2016-06-09,GOOG,728.58,0.0004119294776734339,False,True,0.0,719.13,727.4625,False,True,True,,False,False,False,True
2016-06-09,GOOGL,742.52,-0.000551868951314316,False,True,0.0,732.9570000000001,744.6226666666666,False,True,True,,False,False,False,True
2016-06-09,MSFT,51.62,-0.008070714834742532,False,True,0.0,51.63199999999999,52.79416666666667,False,True,True,,False,False,False,True
2016-06-09,NVDA,47.38,0.02598527501082737,False,False,0.0,44.601,38.58933333333333,True,False,False,,False,False,False,False
2016-06-10,AAPL,98.83,-0.008228800802809855,False,True,0.0,97.28099999999999,101.54566666666666,False,True,True,,False,False,False,True
2016-06-10,AMZN,717.91,-0.013385556242699104,False,False,0.0,713.4875,651.2156666666667,True,False,True,,False,False,False,False
2016-06-10,BAC,13.83,-0.025369978858350906,False,False,0.0,14.477500000000001,14.152333333333333,True,False,True,,False,False,False,False
2016-06-10,FB,116.62,-0.01636302294197034,False,False,0.0,118.15799999999999,115.25783333333334,True,False,True,,False,False,False,False
2016-06-10,GOOG,719.41,-0.012586126437728273,False,True,0.0,719.4350000000001,727.1845,False,True,True,,False,False,False,True
2016-06-10,GOOGL,733.19,-0.012565318105909551,False,True,0.0,733.213,744.2198333333332,False,True,True,,False,False,False,True
2016-06-10,MSFT,51.48,-0.0027121270825262167,False,True,0.0,51.6305,52.74633333333334,False,True,True,,False,False,False,True
2016-06-10,NVDA,46.2,-0.024905023216547084,False,False,0.0,45.13250000000001,38.80766666666667,True,False,True,,False,False,False,False
2016-06-13,AAPL,97.34,-0.015076393807548216,False,True,0.0,97.622,101.40466666666667,False,True,True,,False,False,False,True
2016-06-13,AMZN,715.24,-0.0037191291387499437,False,False,0.0,713.7535,653.8123333333333,True,False,True,,False,False,False,False
2016-06-13,BAC,13.6,-0.016630513376717282,False,False,0.0,14.463500000000002,14.155666666666667,True,False,True,,False,False,False,False
2016-06-13,FB,113.95,-0.022894872234608177,False,False,0.0,117.86500000000001,115.30666666666667,True,False,True,,False,False,False,False
2016-06-13,GOOG,718.36,-0.001459529336539589,False,True,0.0,719.8115,726.8608333333333,False,True,True,,False,False,False,True
2016-06-13,GOOGL,731.88,-0.0017867128575131952,False,True,0.0,733.5655,743.7765,False,True,True,,False,False,False,True
2016-06-13,MSFT,50.14,-0.026029526029525907,False,True,0.0,51.5835,52.67100000000001,False,True,True,,False,False,False,True
2016-06-13,NVDA,46.79,0.012770562770562766,False,False,0.0,45.423,39.040499999999994,True,False,False,,False,False,False,False
2016-06-14,AAPL,97.46,0.0012327922745016817,False,True,0.0,97.801,101.26366666666668,False,True,True,,False,False,False,True
2016-06-14,AMZN,719.3,0.005676416307812682,False,False,0.0,714.1854999999999,656.5993333333334,True,False,True,,False,False,False,False
2016-06-14,BAC,13.26,-0.025000000000000022,False,False,0.0,14.430000000000001,14.146833333333335,True,False,True,,False,False,False,False
2016-06-14,FB,114.94,0.008688021061869167,False,False,0.0,117.67850000000001,115.36483333333332,True,False,True,,False,False,False,False
2016-06-14,GOOG,718.27,-0.00012528537223677194,False,True,0.0,719.9005,726.5386666666667,False,True,True,,False,False,False,True
2016-06-14,GOOGL,733.25,0.001871891566923578,False,True,0.0,733.713,743.4071666666666,False,True,True,,False,False,False,True
2016-06-14,MSFT,49.83,-0.006182688472277653,False,True,0.0,51.48350000000001,52.61,False,True,True,,False,False,False,True
2016-06-14,NVDA,46.88,0.0019234879247702619,False,False,0.0,45.6575,39.25833333333333,True,False,False,,False,False,False,False
2016-06-15,AAPL,97.14,-0.0032833983172583237,False,True,0.0,97.9835,101.11749999999999,False,True,True,,False,False,False,True
2016-06-15,AMZN,714.26,-0.007006812178506849,False,False,0.0,715.135,659.2706666666667,True,False,True,,False,False,False,False
2016-06-15,BAC,13.34,0.006033182503770718,False,False,0.0,14.3965,14.1385,True,False,True,,False,False,False,False
2016-06-15,FB,114.6,-0.002958065077431682,False,False,0.0,117.54100000000001,115.41066666666667,True,False,True,,False,False,False,False
2016-06-15,GOOG,718.92,0.0009049521767581226,False,True,0.0,720.5350000000001,726.1525,False,True,True,,False,False,False,True
2016-06-15,GOOGL,732.19,-0.00144561882032046,False,True,0.0,734.3129999999999,742.9076666666666,False,True,True,,False,False,False,True
2016-06-15,MSFT,49.69,-0.0028095524784266246,False,True,0.0,51.442499999999995,52.540499999999994,False,True,True,,False,False,False,True
2016-06-15,NVDA,47.36,0.010238907849829282,False,False,0.0,45.911500000000004,39.482499999999995,True,False,False,,False,False,False,False
2016-06-16,AAPL,97.55,0.0042207123738933205,False,True,0.0,98.133,100.96466666666667,False,True,True,,False,False,False,True
2016-06-16,AMZN,717.51,0.004550163805897123,False,False,0.0,716.138,661.8878333333333,True,False,True,,False,False,False,False
2016-06-16,BAC,13.31,-0.002248875562218866,False,False,0.0,14.3275,14.131,True,False,True,,False,False,False,False
2016-06-16,FB,114.39,-0.0018324607329842646,False,False,0.0,117.378,115.44633333333334,True,False,True,,False,False,False,False
2016-06-16,GOOG,710.36,-0.011906749012407403,False,True,0.0,720.7215,725.6460000000001,False,True,True,,False,False,False,True
2016-06-16,GOOGL,724.25,-0.010844179789399,False,True,0.0,734.4365,742.3109999999999,False,True,True,,False,False,False,True
2016-06-16,MSFT,50.39,0.014087341517408092,False,True,0.0,51.4215,52.479166666666664,False,True,True,,False,False,False,True
2016-06-16,NVDA,47.55,0.004011824324324342,False,False,0.0,46.120999999999995,39.71083333333333,True,False,False,,False,False,False,False
2016-06-17,AAPL,95.33,-0.02275756022552533,False,True,0.0,98.18950000000001,100.78466666666667,False,True,True,,False,False,False,True
2016-06-17,AMZN,706.39,-0.015498041839138166,False,False,0.0,716.5314999999999,664.1671666666666,True,False,True,,False,False,False,False
2016-06-17,BAC,13.4,0.0067618332081142984,False,False,0.0,14.270999999999997,14.127333333333333,True,False,True,,False,False,False,False
2016-06-17,FB,113.02,-0.011976571378617074,False,False,0.0,117.1885,115.45433333333334,True,False,True,,False,False,False,False
2016-06-17,GOOG,691.72,-0.026240216228391233,False,True,0.0,720.2915,724.8736666666666,False,True,True,,False,False,False,True
2016-06-17,GOOGL,704.25,-0.02761477390403866,False,True,0.0,733.8834999999999,741.4225,False,True,True,,False,False,False,True
2016-06-17,MSFT,50.13,-0.005159753919428467,False,True,0.0,51.412,52.415166666666664,False,True,True,,False,False,False,True
2016-06-17,NVDA,46.72,-0.01745531019978963,False,False,0.0,46.2795,39.91566666666666,True,False,True,,False,False,False,False
2016-06-20,AAPL,95.1,-0.0024126717717403157,False,True,0.0,98.18350000000001,100.6085,False,True,True,,False,False,False,True
2016-06-20,AMZN,714.01,0.010787242175002376,False,False,0.0,717.092,666.3515000000001,True,False,True,,False,False,False,False
2016-06-20,BAC,13.54,0.010447761194029681,False,False,0.0,14.222,14.125,True,False,True,,False,False,False,False
2016-06-20,FB,113.37,0.0030967970270749934,False,False,0.0,116.98949999999999,115.45966666666666,True,False,True,,False,False,False,False
2016-06-20,GOOG,693.71,0.002876886601514972,False,True,0.0,719.49,724.1805,False,True,True,,False,False,False,True
2016-06-20,GOOGL,706.13,0.0026695065672701634,False,True,0.0,733.1045,740.6106666666667,False,True,True,,False,False,False,True
2016-06-20,MSFT,50.07,-0.0011968880909635216,False,True,0.0,51.3845,52.34616666666667,False,True,True,,False,False,False,True
2016-06-20,NVDA,47.56,0.017979452054794676,False,False,0.0,46.440999999999995,40.13366666666666,True,False,True,,False,False,False,False
2016-06-21,AAPL,95.91,0.008517350157728698,False,True,0.0,98.1575,100.45383333333334,False,True,True,,False,False,False,True
2016-06-21,AMZN,715.82,0.0025349785017017012,False,False,0.0,718.0455,668.6173333333334,True,False,True,,False,False,False,False
2016-06-21,BAC,13.62,0.005908419497784312,False,False,0.0,14.179499999999999,14.125,True,False,True,,False,False,False,False
2016-06-21,FB,114.38,0.008908882420393338,False,False,0.0,116.91,115.47116666666666,True,False,True,,False,False,False,False
2016-06-21,GOOG,695.94,0.0032145997607069265,False,True,0.0,719.075,723.5540000000001,False,True,True,,False,False,False,True
2016-06-21,GOOGL,708.88,0.003894467024485593,False,True,0.0,732.6859999999999,739.8706666666666,False,True,True,,False,False,False,True
2016-06-21,MSFT,51.19,0.02236868384262025,False,True,0.0,51.442499999999995,52.307,False,True,True,,False,False,False,True
2016-06-21,NVDA,47.27,-0.0060975609756097615,False,False,0.0,46.584500000000006,40.341,True,False,True,,False,False,False,False
2016-06-22,AAPL,95.55,-0.003753518923991228,False,True,0.0,98.03999999999999,100.25166666666668,False,True,True,,False,False,False,True
2016-06-22,AMZN,710.6,-0.007292336062138527,False,False,0.0,718.3655,670.563,True,False,True,,False,False,False,False
2016-06-22,BAC,13.61,-0.0007342143906020615,False,True,0.0,14.126,14.128166666666665,False,True,True,,False,False,False,True
2016-06-22,FB,113.91,-0.004109109984262949,False,False,0.0,116.72049999999999,115.434,True,False,True,,False,False,False,False
2016-06-22,GOOG,697.46,0.0021840963301433813,False,True,0.0,717.9435,722.7655,False,True,True,,False,False,False,True
2016-06-22,GOOGL,710.47,0.00224297483354019,False,True,0.0,731.558,738.947,False,True,True,,False,False,False,True
2016-06-22,MSFT,50.99,-0.003907013088493727,False,True,0.0,51.4125,52.245,False,True,True,,False,False,False,True
2016-06-22,NVDA,47.23,-0.0008462026655384758,False,False,0.0,46.678,40.538333333333334,True,False,True,,False,False,False,False
2016-06-23,AAPL,96.1,0.005756148613291545,False,True,0.0,97.864,100.02733333333332,False,True,True,,False,False,False,True
2016-06-23,AMZN,722.08,0.016155361666197576,False,False,0.0,719.0519999999999,672.6195,True,False,True,,False,False,False,False
2016-06-23,BAC,14.04,0.031594415870683346,False,True,0.0,14.081999999999999,14.1375,False,True,True,,False,False,False,True
2016-06-23,FB,115.08,0.010271266789570799,False,False,0.0,116.58000000000001,115.44033333333333,True,False,True,,False,False,False,False
2016-06-23,GOOG,701.87,0.006322943251225732,False,True,0.0,716.7735,721.9544999999999,False,True,True,,False,False,False,True
2016-06-23,GOOGL,714.87,0.006193083451799586,False,True,0.0,730.3965000000001,738.0558333333335,False,True,True,,False,False,False,True
2016-06-23,MSFT,51.91,0.018042753481074536,False,True,0.0,51.402,52.19266666666667,False,True,True,,False,False,False,True
2016-06-23,NVDA,48.49,0.026677958924412604,False,False,0.0,46.844,40.750499999999995,True,False,False,,False,False,False,False
2016-06-24,AAPL,93.4,-0.02809573361082196,False,True,0.0,97.5135,99.7675,False,True,True,,False,False,False,True
2016-06-24,AMZN,698.96,-0.03201861289607799,False,False,0.0,718.2545,674.3748333333333,True,False,True,,False,False,False,False
2016-06-24,BAC,13.0,-0.07407407407407407,False,True,0.0,13.997,14.128833333333334,False,True,True,,False,False,False,True
2016-06-24,FB,112.08,-0.026068821689259614,False,False,0.0,116.2105,115.40666666666667,True,False,True,,False,False,False,False
2016-06-24,GOOG,675.22,-0.03796999444341542,False,True,0.0,714.3285,720.7923333333333,False,True,True,,False,False,False,True
2016-06-24,GOOGL,685.2,-0.04150404968735566,False,True,0.0,727.8100000000001,736.7608333333334,False,True,True,,False,False,False,True
2016-06-24,MSFT,49.83,-0.04006935079946061,False,True,0.0,51.299,52.102666666666664,False,True,True,,False,False,False,True
2016-06-24,NVDA,45.73,-0.056918952361311725,False,False,0.0,46.848,40.91883333333333,True,False,True,,False,False,False,False
2016-06-27,AAPL,92.04,-0.0145610278372591,False,True,0.0,97.098,99.46833333333333,False,True,True,,False,False,False,True
2016-06-27,AMZN,691.36,-0.010873297470527676,False,False,0.0,717.2104999999999,675.9225,True,False,True,,False,False,False,False
2016-06-27,BAC,12.18,-0.06307692307692314,False,True,0.0,13.861999999999998,14.105833333333333,False,True,True,,False,False,False,True
2016-06-27,FB,108.97,-0.027748037116345436,False,False,0.0,115.68999999999998,115.28849999999998,True,False,True,,False,False,False,False
2016-06-27,GOOG,668.26,-0.01030775154764374,False,True,0.0,711.1085,719.4315,False,True,True,,False,False,False,True
2016-06-27,GOOGL,681.14,-0.005925277291301878,False,True,0.0,724.487,735.2853333333334,False,True,True,,False,False,False,True
2016-06-27,MSFT,48.43,-0.028095524784266468,False,True,0.0,51.104499999999994,51.983666666666664,False,True,True,,False,False,False,True
2016-06-27,NVDA,45.24,-0.010715066695823228,False,False,0.0,46.815,41.07033333333334,True,False,True,,False,False,False,False
2016-06-28,AAPL,93.59,0.01684050412863969,False,True,0.0,96.7845,99.17616666666667,False,True,True,,False,False,False,True
2016-06-28,AMZN,707.95,0.023996181439481568,False,False,0.0,716.4685000000001,677.8351666666666,True,False,True,,False,False,False,False
2016-06-28,BAC,12.7,0.04269293924466333,False,True,0.0,13.757,14.092333333333334,False,True,True,,False,False,False,True
2016-06-28,FB,112.7,0.034229604478296816,False,False,0.0,115.3845,115.291,True,False,True,,False,False,False,False
2016-06-28,GOOG,680.04,0.017627869392152773,False,True,0.0,708.3245000000001,718.3439999999999,False,True,True,,False,False,False,True
2016-06-28,GOOGL,691.26,0.014857444871832604,False,True,0.0,721.6075,734.0543333333334,False,True,True,,False,False,False,True
2016-06-28,MSFT,49.44,0.02085484204005783,False,True,0.0,50.9265,51.883833333333335,False,True,True,,False,False,False,True
2016-06-28,NVDA,45.9,0.01458885941644561,False,False,0.0,46.773999999999994,41.23866666666666,True,False,True,,False,False,False,False
2016-06-29,AAPL,94.4,0.008654770808847134,False,True,0.0,96.5815,98.91933333333333,False,True,True,,False,False,False,True
2016-06-29,AMZN,715.6,0.01080584787061234,False,False,0.0,716.2765,679.9928333333334,True,False,True,,False,False,False,False
2016-06-29,BAC,13.19,0.03858267716535435,False,True,0.0,13.6735,14.092333333333332,False,True,True,,False,False,False,True
2016-06-29,FB,114.16,0.012954747116237675,False,True,0.0,115.15350000000001,115.32333333333332,False,True,True,,False,False,False,True
2016-06-29,GOOG,684.11,0.005984942062231768,False,True,0.0,705.8225,717.4491666666668,False,True,True,,False,False,False,True
2016-06-29,GOOGL,695.19,0.005685270375835438,False,True,0.0,718.9440000000001,732.9979999999999,False,True,True,,False,False,False,True
2016-06-29,MSFT,50.54,0.02224919093851141,False,True,0.0,50.811,51.816833333333335,False,True,True,,False,False,False,True
2016-06-29,NVDA,46.65,0.016339869281045694,False,False,0.0,46.766000000000005,41.42033333333333,True,False,True,,False,False,False,False
2016-06-30,AAPL,95.6,0.012711864406779627,False,True,0.0,96.4755,98.66333333333334,False,True,True,,False,False,False,True
2016-06-30,AMZN,715.62,2.794857462262712e-05,False,False,0.0,715.6455,681.8851666666667,True,False,True,,False,False,False,False
2016-06-30,BAC,13.27,0.006065200909780133,False,True,0.0,13.59,14.092333333333332,False,True,True,,False,False,False,True
2016-06-30,FB,114.28,0.0010511562718991119,False,True,0.0,114.921,115.33283333333334,False,True,True,,False,False,False,True
2016-06-30,GOOG,692.1,0.011679408282293746,False,True,0.0,703.9075,716.556,False,True,True,,False,False,False,True
2016-06-30,GOOGL,703.53,0.011996720321063137,False,True,0.0,716.9069999999999,731.9223333333334,False,True,True,,False,False,False,True
2016-06-30,MSFT,51.17,0.012465373961218829,False,True,0.0,50.7455,51.751,False,True,True,,False,False,False,True
2016-06-30,NVDA,47.01,0.007717041800643143,False,False,0.0,46.7595,41.60716666666667,True,False,True,,False,False,False,False
2016-07-01,AAPL,95.89,0.0030334728033474256,False,True,0.0,96.374,98.4525,False,True,True,,False,False,False,True
2016-07-01,AMZN,725.68,0.014057740141415698,False,False,0.0,715.6524999999999,684.1226666666666,True,False,True,,False,False,False,False
2016-07-01,BAC,13.1,-0.012810851544837965,False,True,0.0,13.523999999999997,14.096499999999999,False,True,True,,False,False,False,True
2016-07-01,FB,114.19,-0.0007875393769688488,False,True,0.0,114.707,115.342,False,True,True,,False,False,False,True
2016-07-01,GOOG,699.21,0.01027308192457732,False,True,0.0,702.751,715.8715,False,True,True,,False,False,False,True
2016-07-01,GOOGL,710.25,0.009551831478401773,False,True,0.0,715.6265,731.0911666666667,False,True,True,,False,False,False,True
2016-07-01,MSFT,51.16,-0.00019542700801256085,False,True,0.0,50.714,51.696000000000005,False,True,True,,False,False,False,True
2016-07-01,NVDA,46.66,-0.007445224420336127,False,False,0.0,46.7685,41.794333333333334,True,False,True,,False,False,False,False
2016-07-05,AAPL,94.99,-0.009385754510376487,False,True,0.0,96.192,98.22466666666666,False,True,True,,False,False,False,True
2016-07-05,AMZN,728.1,0.0033348032190498866,False,False,0.0,715.721,686.3476666666667,True,False,True,,False,False,False,False
2016-07-05,BAC,12.74,-0.027480916030534264,False,True,0.0,13.434999999999999,14.094166666666666,False,True,True,,False,False,False,True
2016-07-05,FB,114.0,-0.0016638935108153063,False,True,0.0,114.4675,115.39816666666665,False,True,True,,False,False,False,True
2016-07-05,GOOG,694.49,-0.006750475536677181,False,True,0.0,701.648,715.1271666666667,False,True,True,,False,False,False,True
2016-07-05,GOOGL,704.89,-0.00754663850756776,False,True,0.0,714.368,730.1815,False,True,True,,False,False,False,True
2016-07-05,MSFT,51.17,0.0001954652071931573,False,True,0.0,50.666,51.64183333333334,False,True,True,,False,False,False,True
2016-07-05,NVDA,47.35,0.014787826832404649,False,False,0.0,46.824,41.98916666666666,True,False,True,,False,False,False,False
2016-07-06,AAPL,95.53,0.005684808927255647,False,True,0.0,96.017,97.99983333333333,False,True,True,,False,False,False,True
2016-07-06,AMZN,737.61,0.013061392665842497,False,False,0.0,716.4145000000001,688.7090000000001,True,False,True,,False,False,False,False
2016-07-06,BAC,12.86,0.009419152276294973,False,True,0.0,13.360499999999998,14.092333333333332,False,True,True,,False,False,False,True
2016-07-06,FB,116.7,0.023684210526315752,False,True,0.0,114.4145,115.52666666666666,False,True,True,,False,False,False,True
2016-07-06,GOOG,697.77,0.004722890178404215,False,True,0.0,700.7040000000001,714.4883333333333,False,True,True,,False,False,False,True
2016-07-06,GOOGL,708.97,0.005788137156152118,False,True,0.0,713.262,729.3720000000001,False,True,True,,False,False,False,True
2016-07-06,MSFT,51.38,0.004103967168262779,False,True,0.0,50.63,51.593,False,True,True,,False,False,False,True
2016-07-06,NVDA,47.65,0.0063357972544877406,False,False,0.0,46.89,42.18533333333333,True,False,True,,False,False,False,False
2016-07-07,AAPL,95.94,0.0042918454935620964,False,True,0.0,95.867,97.75816666666667,False,True,True,,False,False,False,True
2016-07-07,AMZN,736.57,-0.001409959192527177,False,False,0.0,716.9110000000001,690.9323333333334,True,False,True,,False,False,False,False
2016-07-07,BAC,13.01,0.011664074650077794,False,True,0.0,13.2895,14.088,False,True,True,,False,False,False,True
2016-07-07,FB,115.85,-0.007283633247643584,False,True,0.0,114.2875,115.614,False,True,True,,False,False,False,True
2016-07-07,GOOG,695.36,-0.0034538601544921166,False,True,0.0,699.058,713.6928333333333,False,True,True,,False,False,False,True
2016-07-07,GOOGL,707.26,-0.002411949729889895,False,True,0.0,711.4784999999999,728.4209999999999,False,True,True,,False,False,False,True
2016-07-07,MSFT,51.38,0.0,False,True,0.0,50.596999999999994,51.5385,False,True,True,,False,False,False,True
2016-07-07,NVDA,48.89,0.026023084994753365,False,False,0.0,47.0255,42.402833333333334,True,False,True,,False,False,False,False
2016-07-08,AAPL,96.68,0.007713154054617588,False,True,0.0,95.71849999999999,97.50216666666667,False,True,True,,False,False,False,True
2016-07-08,AMZN,745.81,0.01254463255359295,False,False,0.0,717.819,693.1155,True,False,True,,False,False,False,False
2016-07-08,BAC,13.17,0.012298232129131392,False,True,0.0,13.238499999999998,14.077666666666666,False,True,True,,False,False,False,True
2016-07-08,FB,117.24,0.011998273629693523,False,True,0.0,114.22149999999999,115.72616666666666,False,True,True,,False,False,False,True
2016-07-08,GOOG,705.63,0.0147693281178094,False,True,0.0,697.9105000000001,712.9246666666666,False,True,True,,False,False,False,True
2016-07-08,GOOGL,717.78,0.01487430365070841,False,True,0.0,710.2415,727.5188333333333,False,True,True,,False,False,False,True
2016-07-08,MSFT,52.3,0.01790579992214858,False,True,0.0,50.631,51.48766666666667,False,True,True,,False,False,False,True
2016-07-08,NVDA,50.85,0.040089997954591894,False,False,0.0,47.199,42.638,True,False,False,,False,False,False,False
2016-07-11,AAPL,96.98,0.0031030202730657486,False,True,0.0,95.626,97.25016666666666,False,True,True,,False,False,False,True
2016-07-11,AMZN,753.78,0.010686367841675537,False,False,0.0,719.6125,695.3326666666667,True,False,True,,False,False,False,False
2016-07-11,BAC,13.21,0.0030372057706911093,False,True,0.0,13.2075,14.062166666666666,False,True,True,,False,False,False,True
2016-07-11,FB,117.87,0.0053735926305016335,False,True,0.0,114.28400000000002,115.84333333333332,False,True,True,,False,False,False,True
2016-07-11,GOOG,715.09,0.013406459475929333,False,True,0.0,697.6945000000001,712.2895000000001,False,True,True,,False,False,False,True
2016-07-11,GOOGL,727.2,0.013123798378333218,False,True,0.0,709.942,726.7156666666667,False,True,True,,False,False,False,True
2016-07-11,MSFT,52.59,0.005544933078394099,False,True,0.0,50.6865,51.441500000000005,False,True,True,,False,False,False,True
2016-07-11,NVDA,52.02,0.02300884955752225,False,False,0.0,47.489999999999995,42.891,True,False,False,,False,False,False,False
2016-07-12,AAPL,97.42,0.00453701794184358,False,True,0.0,95.63,97.04299999999999,False,True,True,0.572434476990996,True,False,False,True
2016-07-12,AMZN,748.21,-0.007389423969858533,False,False,0.0,721.261,697.3713333333333,True,False,True,0.5374236287268386,False,False,False,False
2016-07-12,BAC,13.54,0.024981074943224657,False,True,0.0,13.2045,14.054499999999999,False,True,True,0.5174793126544969,False,False,False,True
2016-07-12,FB,117.93,0.0005090353779588774,False,True,0.0,114.48299999999999,115.98150000000001,False,True,True,0.572434476990996,True,False,False,True
2016-07-12,GOOG,720.64,0.0077612608203163624,False,True,0.0,697.8085,711.6501666666667,False,True,True,0.5302113475448276,False,False,False,True
2016-07-12,GOOGL,732.51,0.007301980198019642,False,True,0.0,709.9735,725.9241666666668,False,True,True,0.5259824516721179,False,False,False,True
2016-07-12,MSFT,53.21,0.011789313557710512,False,True,0.0,50.839999999999996,51.40083333333334,False,True,True,0.5564898876141973,True,False,False,True
2016-07-12,NVDA,52.8,0.014994232987312506,False,False,0.0,47.790499999999994,43.152166666666666,True,False,False,0.5282134615569137,False,False,False,False
2016-07-13,AAPL,96.87,-0.005645657975774987,False,True,0.0,95.6005,96.86616666666666,False,True,True,0.572434476990996,True,False,False,True
2016-07-13,AMZN,742.63,-0.007457799280950583,True,False,1.0,722.4275,699.1593333333333,True,False,True,0.572434476990996,True,False,True,False
2016-07-13,BAC,13.44,-0.00738552437223039,False,True,0.0,13.2135,14.042333333333334,False,True,True,0.5420677202795955,False,False,False,True
2016-07-13,FB,116.78,-0.009751547528194737,False,True,0.0,114.575,116.08699999999999,False,True,True,0.572434476990996,True,False,False,True
2016-07-13,GOOG,716.98,-0.005078818827708664,False,True,0.0,697.7439999999999,710.823,False,True,True,0.5435853253789554,False,False,False,True
2016-07-13,GOOGL,729.48,-0.004136462300855959,False,True,0.0,709.785,724.9541666666667,False,True,True,0.540154448116792,False,False,False,True
2016-07-13,MSFT,53.51,0.005638037962788944,False,True,0.0,51.024,51.35166666666667,False,True,True,0.5721506806021407,True,False,False,True
2016-07-13,NVDA,52.78,-0.0003787878787877563,False,False,0.0,48.0855,43.41566666666667,True,False,False,0.5138418220649221,False,False,False,False
2016-07-14,AAPL,98.79,0.01982037782595225,False,True,0.0,95.683,96.73083333333332,False,True,True,0.5594176151016725,True,False,False,True
2016-07-14,AMZN,741.2,-0.001925588785801735,True,False,1.0,723.7745,701.0476666666667,True,False,True,0.572434476990996,True,False,True,False
2016-07-14,BAC,13.65,0.015625,False,True,0.0,13.229,14.029,False,True,True,0.5420401015873699,False,False,False,True
2016-07-14,FB,117.29,0.004367186162014036,False,True,0.0,114.7095,116.17033333333332,False,True,True,0.572434476990996,True,False,False,True
2016-07-14,GOOG,720.95,0.005537114005969457,False,True,0.0,697.8455,710.2733333333333,False,True,True,0.5155248177551092,False,False,False,True
2016-07-14,GOOGL,735.8,0.008663705653342069,False,True,0.0,709.9655,724.2800000000001,False,True,True,0.4997501317296007,False,False,False,True
2016-07-14,MSFT,53.74,0.004298262007101483,False,True,0.0,51.2265,51.3075,False,True,True,0.571010540218531,True,False,False,True
2016-07-14,NVDA,53.32,0.010231148162182624,False,False,0.0,48.3835,43.69916666666666,True,False,False,0.5161198330409519,False,False,False,False
2016-07-15,AAPL,98.78,-0.00010122482032604019,False,True,0.0,95.7445,96.59166666666667,False,True,True,0.572434476990996,True,False,False,True
2016-07-15,AMZN,735.44,-0.007771181867242349,True,False,1.0,724.671,702.7551666666666,True,False,True,0.572434476990996,True,False,True,False
2016-07-15,BAC,13.66,0.00073260073260073,False,True,0.0,13.246500000000001,14.007833333333332,False,True,True,0.5699428040139216,True,False,False,True
2016-07-15,FB,116.86,-0.003666126694517935,False,True,0.0,114.833,116.24433333333333,False,True,True,0.572434476990996,True,False,False,True
2016-07-15,GOOG,719.85,-0.0015257646161315197,False,True,0.0,698.32,709.7263333333334,False,True,True,0.5464585337884709,False,False,False,True
2016-07-15,GOOGL,735.63,-0.0002310410437618149,False,True,0.0,710.5345,723.6251666666667,False,True,True,0.5347539546518502,False,False,False,True
2016-07-15,MSFT,53.7,-0.0007443245254931119,True,False,1.0,51.391999999999996,51.275999999999996,True,False,True,0.5514424353059004,True,False,True,False
2016-07-15,NVDA,52.7,-0.011627906976744096,False,False,0.0,48.641000000000005,43.970000000000006,True,False,False,0.4974157138827604,False,False,False,False
2016-07-18,AAPL,99.83,0.010629682121886974,False,True,0.0,95.9695,96.48933333333335,False,True,True,0.5596797995449995,True,False,False,True
2016-07-18,AMZN,736.07,0.0008566300445991271,True,False,1.0,726.155,704.5063333333333,True,False,True,0.5690094605954228,True,False,True,False
2016-07-18,BAC,14.11,0.03294289897510971,False,True,0.0,13.282,13.994666666666665,False,True,True,0.6120117460155001,True,False,False,True
2016-07-18,FB,119.37,0.02147869245250722,False,True,0.0,115.15050000000001,116.34316666666668,False,True,True,0.5530694490017406,True,False,False,True
2016-07-18,GOOG,733.78,0.019351253733416618,False,True,0.0,700.423,709.3036666666667,False,True,True,0.46439365042148645,False,False,False,True
2016-07-18,GOOGL,753.2,0.023884289656485036,False,True,0.0,712.982,723.1785,False,True,True,0.4154119062694678,False,True,False,True
2016-07-18,MSFT,53.96,0.004841713221601429,True,False,1.0,51.5835,51.24566666666667,True,False,True,0.55497401705002,True,False,True,False
2016-07-18,NVDA,52.97,0.005123339658444026,False,False,0.0,48.953500000000005,44.245999999999995,True,False,False,0.5621133184176107,True,False,False,False
2016-07-19,AAPL,99.87,0.000400681157968652,False,True,0.0,96.208,96.3925,False,True,True,0.572434476990996,True,False,False,True
2016-07-19,AMZN,739.95,0.005271237789884031,True,False,1.0,727.452,706.4971666666667,True,False,True,0.572434476990996,True,False,True,False
2016-07-19,BAC,14.26,0.010630758327427436,False,True,0.0,13.318000000000001,13.9805,False,True,True,0.5519364470008405,True,False,False,True
2016-07-19,FB,120.61,0.010387869648990522,False,True,0.0,115.5125,116.51066666666665,False,True,True,0.5626186022699885,True,False,False,True
2016-07-19,GOOG,736.96,0.004333724004470074,False,True,0.0,702.5855,709.6068333333333,False,True,True,0.507792117648911,False,False,False,True
2016-07-19,GOOGL,753.41,0.000278810408921748,False,True,0.0,715.346,723.4391666666667,False,True,True,0.500433770096328,False,False,False,True
2016-07-19,MSFT,53.09,-0.016123054114158597,False,False,1.0,51.734500000000004,51.267500000000005,True,False,True,0.48014566359797634,False,False,False,False
2016-07-19,NVDA,53.52,0.010383235793845591,False,False,0.0,49.2515,44.5335,True,False,False,0.5845866691489714,True,False,False,False
2016-07-20,AAPL,99.96,0.00090117152297986,True,False,1.0,96.4105,96.30716666666667,True,False,True,0.572434476990996,True,False,True,False
2016-07-20,AMZN,745.72,0.007797824177309343,True,False,1.0,728.947,708.4891666666667,True,False,True,0.5690845892965122,True,False,True,False
2016-07-20,BAC,14.4,0.009817671809256634,False,True,0.0,13.357,13.971166666666667,False,True,True,0.5600471504902208,True,False,False,True
2016-07-20,FB,121.92,0.010861454274106563,False,True,0.0,115.8895,116.70766666666667,False,True,True,0.5337751671836415,False,False,False,True
2016-07-20,GOOG,741.19,0.005739795918367374,False,True,0.0,704.848,709.9075,False,True,True,0.501358585664404,False,False,False,True
2016-07-20,GOOGL,757.08,0.004871185675794143,False,True,0.0,717.7560000000001,723.687,False,True,True,0.4763379657738708,False,False,False,True
2016-07-20,MSFT,55.91,0.05311734789979261,False,False,1.0,51.9705,51.33083333333333,True,False,False,0.6513631095414432,True,False,False,False
2016-07-20,NVDA,54.22,0.013079222720478345,False,False,0.0,49.599000000000004,44.82966666666667,True,False,False,0.5387643570828781,False,False,False,False
2016-07-21,AAPL,99.43,-0.0053021208483392535,False,False,1.0,96.6045,96.22516666666667,True,False,True,0.5457658407384142,False,False,False,False
2016-07-21,AMZN,744.43,-0.0017298718017487724,True,False,1.0,730.6385,710.6149999999999,True,False,True,0.572434476990996,True,False,True,False
2016-07-21,BAC,14.27,-0.009027777777777857,False,True,0.0,13.389999999999997,13.957500000000001,False,True,True,0.560166754701183,True,False,False,True
2016-07-21,FB,120.61,-0.010744750656167978,False,True,0.0,116.2245,116.90516666666666,False,True,True,0.5624613548095577,True,False,False,True
2016-07-21,GOOG,738.63,-0.003453905206492358,False,True,0.0,706.9065,710.4156666666665,False,True,True,0.5258543091712746,False,False,False,True
2016-07-21,GOOGL,754.41,-0.0035267078776352045,False,True,0.0,719.953,724.1709999999999,False,True,True,0.5055177692093444,False,False,False,True
2016-07-21,MSFT,55.8,-0.0019674476837774346,False,False,1.0,52.211,51.403499999999994,True,False,False,0.5528518836518067,True,False,False,False
2016-07-21,NVDA,53.22,-0.01844337882700109,False,False,0.0,49.8985,45.108666666666664,True,False,True,0.5209408050095979,False,False,False,False
2016-07-22,AAPL,98.66,-0.00774414160716097,True,False,1.0,96.7325,96.23916666666668,True,False,True,0.5699144620022025,True,False,True,False
2016-07-22,AMZN,744.86,0.0005776231479119875,True,False,1.0,731.7775,712.9198333333333,True,False,True,0.572434476990996,True,False,True,False
2016-07-22,BAC,14.38,0.007708479327260154,False,True,0.0,13.407,13.946833333333334,False,True,True,0.572434476990996,True,False,False,True
2016-07-22,FB,121.0,0.0032335627228257113,False,True,0.0,116.5205,117.10699999999999,False,True,True,0.572434476990996,True,False,False,True
2016-07-22,GOOG,742.74,0.005564355631371587,False,True,0.0,708.95,711.0306666666667,False,True,True,0.5186316884080537,False,False,False,True
2016-07-22,GOOGL,759.28,0.006455375724075729,False,True,0.0,722.1735000000001,724.8013333333332,False,True,True,0.49338358759908285,False,False,False,True
2016-07-22,MSFT,56.57,0.013799283154121822,False,False,1.0,52.444,51.49733333333334,True,False,False,0.5153638433173234,False,False,False,False
2016-07-22,NVDA,54.67,0.027245396467493466,False,False,0.0,50.2075,45.398,True,False,False,0.5059979638621086,False,False,False,False
2016-07-25,AAPL,97.34,-0.013379282383944813,False,False,1.0,96.92949999999999,96.281,True,False,True,0.47323481538360646,False,False,False,False
2016-07-25,AMZN,739.61,-0.007048304379346448,False,False,1.0,733.81,715.2133333333333,True,False,True,0.5436001568480782,False,False,False,False
2016-07-25,BAC,14.37,-0.0006954102920724292,False,True,0.0,13.4755,13.939833333333333,False,True,True,0.572434476990996,True,False,False,True
2016-07-25,FB,121.63,0.005206611570247821,False,True,0.0,116.998,117.18866666666666,False,True,True,0.5666961582159319,True,False,False,True
2016-07-25,GOOG,739.77,-0.003998707488488629,False,False,0.0,712.1775,711.8431666666668,True,False,True,0.5474986957272411,False,False,False,False
2016-07-25,GOOGL,757.52,-0.0023179854599093552,False,False,0.0,725.7895,725.6756666666666,True,False,True,0.5281612842169945,False,False,False,False
2016-07-25,MSFT,56.73,0.0028283542513698468,False,False,1.0,52.789,51.61116666666667,True,False,False,0.5748069012863463,True,False,False,False
2016-07-25,NVDA,55.68,0.018474483263215546,False,False,0.0,50.705,45.72266666666666,True,False,False,0.4938398333658654,False,False,False,False
2016-07-26,AAPL,96.67,-0.006883090199301445,False,False,1.0,97.161,96.32983333333333,True,False,True,0.495087099882145,False,False,False,False
2016-07-26,AMZN,735.59,-0.00543529698084122,False,False,1.0,736.0215000000001,716.48,True,False,True,0.5367089777527351,False,False,False,False
2016-07-26,BAC,14.53,0.011134307585247027,False,True,0.0,13.592999999999998,13.939333333333334,False,True,True,0.5562617435987265,True,False,False,True
2016-07-26,FB,121.22,-0.0033708788950094215,True,False,1.0,117.6105,117.24933333333334,True,False,True,0.5675568539198527,True,False,True,False
2016-07-26,GOOG,738.42,-0.0018248915203373794,True,False,1.0,715.6855,712.6,True,False,True,0.5544857053297945,True,False,True,False
2016-07-26,GOOGL,757.65,0.00017161263068965482,False,False,0.0,729.615,726.5051666666667,True,False,True,0.536117917288521,False,False,False,False
2016-07-26,MSFT,56.76,0.0005288207297726721,False,False,1.0,53.20550000000001,51.726000000000006,True,False,False,0.544095555697268,False,False,False,False
2016-07-26,NVDA,56.63,0.01706178160919536,False,False,0.0,51.2745,46.074333333333335,True,False,False,0.6057626441114123,True,False,False,False
2016-07-27,AAPL,102.95,0.0649632771283748,True,False,1.0,97.629,96.485,True,False,True,0.7465745607251462,True,False,True,False
2016-07-27,AMZN,736.67,0.0014682091926208063,True,False,1.0,737.4575,717.3603333333334,True,False,True,0.5544406999937074,True,False,True,False
2016-07-27,BAC,14.63,0.006882312456985673,False,True,0.0,13.6895,13.937000000000001,False,True,True,0.574995418553698,True,False,False,True
2016-07-27,FB,123.34,0.01748886322389054,True,False,1.0,118.1425,117.32883333333334,True,False,True,0.6145742943259735,True,False,True,False
2016-07-27,GOOG,741.77,0.004536713523469071,False,False,1.0,718.7719999999999,713.3260000000001,True,False,True,0.523346138591871,False,False,False,False
2016-07-27,GOOGL,761.97,0.005701841219560633,False,False,0.0,733.1505,727.2978333333333,True,False,True,0.4925865473262875,False,False,False,False
2016-07-27,MSFT,56.19,-0.01004228329809731,False,False,1.0,53.54299999999999,51.818999999999996,True,False,True,0.5208636603486577,False,False,False,False
2016-07-27,NVDA,56.06,-0.010065336394137425,False,False,0.0,51.782500000000006,46.40866666666667,True,False,False,0.4870392195422345,False,False,False,False
2016-07-28,AAPL,104.34,0.013501699854298277,True,False,1.0,98.126,96.63766666666668,True,False,True,0.5589085044961944,True,False,True,False
2016-07-28,AMZN,752.61,0.021637911140673705,True,False,1.0,739.308,718.7151666666667,True,False,True,0.6519282171025994,True,False,True,False
2016-07-28,BAC,14.68,0.0034176349965822084,False,True,0.0,13.764,13.942333333333332,False,True,True,0.5710631663868588,True,False,False,True
2016-07-28,FB,125.0,0.013458731960434456,False,False,1.0,118.6845,117.455,True,False,False,0.583775304175288,True,False,False,False
2016-07-28,GOOG,745.91,0.005581244860266565,False,False,1.0,721.8620000000001,714.2185000000001,True,False,True,0.5163554640996226,False,False,False,False
2016-07-28,GOOGL,765.84,0.005078940115752495,False,False,0.0,736.683,728.2544999999999,True,False,False,0.5188429618629782,False,False,False,False
2016-07-28,MSFT,56.21,0.00035593521979015996,True,False,1.0,53.826499999999996,51.92616666666666,True,False,True,0.5666850408831845,True,False,True,False
2016-07-28,NVDA,56.18,0.002140563681769514,False,False,0.0,52.259,46.75216666666667,True,False,False,0.572434476990996,True,False,False,False
2016-07-29,AAPL,104.21,-0.0012459267778417438,True,False,1.0,98.5565,96.80466666666666,True,False,True,0.5632585864126199,True,False,True,False
2016-07-29,AMZN,758.81,0.008237998432122806,True,False,1.0,741.4675,720.1803333333334,True,False,True,0.577588663997765,True,False,True,False
2016-07-29,BAC,14.49,-0.012942779291553075,False,True,0.0,13.825,13.948333333333332,False,True,True,0.571756426718105,True,False,False,True
2016-07-29,FB,123.94,-0.008480000000000043,False,False,1.0,119.16749999999999,117.55299999999998,True,False,True,0.494312255622964,False,False,False,False
2016-07-29,GOOG,768.79,0.030673941896475432,False,False,1.0,725.6965,715.4366666666666,True,False,False,0.5829526903366472,True,False,False,False
2016-07-29,GOOGL,791.34,0.03329677217173299,False,False,0.0,741.0735000000001,729.5873333333333,True,False,False,0.5643994423120668,True,False,False,False
2016-07-29,MSFT,56.68,0.008361501512186509,False,False,1.0,54.102,52.03966666666667,True,False,False,0.5911471154476201,True,False,False,False
2016-07-29,NVDA,57.1,0.016375934496261957,False,False,0.0,52.7635,47.124500000000005,True,False,False,0.5930274129111444,True,False,False,False
2016-08-01,AAPL,106.05,0.01765665483159018,False,False,1.0,99.0645,97.01816666666667,True,False,False,0.5086089833084608,False,False,False,False
2016-08-01,AMZN,767.74,0.011768426878928873,False,False,1.0,743.5705,721.9911666666667,True,False,True,0.5181643701819819,False,False,False,False
2016-08-01,BAC,14.33,-0.011042097998619771,False,True,0.0,13.886500000000002,13.953,False,True,True,0.572434476990996,True,False,False,True
2016-08-01,FB,124.31,0.002985315475229955,True,False,1.0,119.67350000000002,117.66133333333333,True,False,True,0.551126397136801,True,False,True,False
2016-08-01,GOOG,772.88,0.005320048387726262,False,False,1.0,729.3799999999999,716.6274999999999,True,False,False,0.4634904254641888,False,False,False,False
2016-08-01,GOOGL,800.94,0.012131321555842067,False,True,0.0,745.6080000000001,731.0245,True,False,False,0.41336026628237366,False,True,False,True
2016-08-01,MSFT,56.58,-0.0017642907551164155,True,False,1.0,54.373000000000005,52.150333333333336,True,False,True,0.5618225896607185,True,False,True,False
2016-08-01,NVDA,56.73,-0.0064798598949212804,False,False,0.0,53.266999999999996,47.48716666666667,True,False,False,0.572434476990996,True,False,False,False
2016-08-02,AAPL,104.48,-0.014804337576614701,False,False,1.0,99.539,97.21416666666667,True,False,True,0.5037915431350843,False,False,False,False
2016-08-02,AMZN,760.58,-0.009326073931278822,False,False,1.0,745.1945,723.435,True,False,True,0.547162352196858,False,False,False,False
2016-08-02,BAC,14.13,-0.013956734124214831,False,False,0.0,13.956,13.953333333333331,True,False,True,0.5356732981643841,False,False,False,False
2016-08-02,FB,123.09,-0.009814174241814855,False,False,1.0,120.12800000000001,117.72133333333335,True,False,True,0.5306012036954608,False,False,False,False
2016-08-02,GOOG,771.07,-0.0023418900734912818,False,False,1.0,733.2090000000001,717.6266666666667,True,False,False,0.5298287867830132,False,False,False,False
2016-08-02,GOOGL,800.12,-0.001023797038479879,False,False,0.0,750.3695,732.2735,True,False,False,0.49733578566190245,False,False,False,False
2016-08-02,MSFT,56.58,0.0,True,False,1.0,54.643499999999996,52.2535,True,False,True,0.5818316349021765,True,False,True,False
2016-08-02,NVDA,56.04,-0.012162876784769905,True,False,1.0,53.701499999999996,47.83233333333333,True,False,True,0.572434476990996,True,False,True,False
2016-08-03,AAPL,105.79,0.012538284839203717,False,False,1.0,100.05199999999999,97.43083333333334,True,False,True,0.5289388295376445,False,False,False,False
2016-08-03,AMZN,754.64,-0.00780982934076635,False,False,1.0,746.046,724.6831666666666,True,False,True,0.5405911149020175,False,False,False,False
2016-08-03,BAC,14.48,0.024769992922859085,False,False,0.0,14.036999999999997,13.961500000000001,True,False,True,0.5260075557097159,False,False,False,False
2016-08-03,FB,122.51,-0.004711999350069052,True,False,1.0,120.4185,117.77583333333334,True,False,True,0.5639452679348109,True,False,True,False
2016-08-03,GOOG,773.18,0.00273645713099957,False,False,1.0,736.9794999999999,718.6313333333333,True,False,False,0.5190435614343205,False,False,False,False
2016-08-03,GOOGL,798.92,-0.0014997750337449878,False,False,0.0,754.867,733.4366666666666,True,False,False,0.515789526858867,False,False,False,False
2016-08-03,MSFT,56.97,0.006892895015906619,False,False,1.0,54.92299999999999,52.3685,True,False,False,0.5647587482093698,True,False,False,False
2016-08-03,NVDA,56.19,0.002676659528907832,True,False,1.0,54.12850000000001,48.18083333333334,True,False,True,0.5668042458171163,True,False,True,False
2016-08-04,AAPL,105.87,0.0007562151432081166,True,False,1.0,100.5485,97.63833333333334,True,False,True,0.5700551081774167,True,False,True,False
2016-08-04,AMZN,760.77,0.008123078554012508,True,False,1.0,747.256,725.6448333333334,True,False,True,0.5561045946472429,True,False,True,False
2016-08-04,BAC,14.48,0.0,True,False,1.0,14.110499999999998,13.9645,True,False,True,0.572434476990996,True,False,True,False
2016-08-04,FB,124.36,0.01510080809729808,True,False,1.0,120.84400000000001,117.84016666666666,True,False,True,0.5721378614370415,True,False,True,False
2016-08-04,GOOG,771.61,-0.0020305750278071244,False,False,1.0,740.792,719.4385,True,False,False,0.5469258334468698,False,False,False,False
2016-08-04,GOOGL,797.25,-0.002090321934611672,False,False,0.0,759.3665,734.4011666666667,True,False,False,0.5324591213589775,False,False,False,False
2016-08-04,MSFT,57.39,0.007372301211163723,False,False,1.0,55.2235,52.474666666666664,True,False,False,0.5651970473842726,True,False,False,False
2016-08-04,NVDA,57.23,0.01850863142907988,False,False,1.0,54.545500000000004,48.53533333333334,True,False,False,0.5192136295708725,False,False,False,False
2016-08-05,AAPL,107.48,0.01520732974402561,False,False,1.0,101.08850000000001,97.88783333333332,True,False,False,0.5652464322923824,True,False,False,False
2016-08-05,AMZN,765.98,0.0068483247236352796,True,False,1.0,748.2645,726.5239999999999,True,False,True,0.555164714264711,True,False,True,False
2016-08-05,BAC,15.05,0.03936464088397784,True,False,1.0,14.204500000000001,13.978666666666667,True,False,True,0.6343131064740651,True,False,True,False
2016-08-05,FB,125.15,0.006352524927629499,True,False,1.0,121.23950000000002,117.934,True,False,True,0.5650984380870248,True,False,True,False
2016-08-05,GOOG,782.22,0.013750469796918185,False,False,1.0,744.6215,720.554,True,False,False,0.4501011654115228,False,False,False,False
2016-08-05,GOOGL,806.93,0.012141737221699422,False,True,0.0,763.824,735.6741666666666,True,False,False,0.4368675342138917,False,True,False,True
2016-08-05,MSFT,57.96,0.00993204391008895,False,False,1.0,55.5065,52.58983333333334,True,False,False,0.5713443564538688,True,False,False,False
2016-08-05,NVDA,58.2,0.016949152542373058,False,False,1.0,54.913,48.904333333333334,True,False,False,0.6090707168188669,True,False,False,False
2016-08-08,AAPL,108.37,0.008280610346110828,False,False,1.0,101.658,98.18833333333333,True,False,False,0.5464481669804504,False,False,False,False
2016-08-08,AMZN,766.56,0.0007571999268909391,True,False,1.0,748.9035,727.3345,True,False,True,0.5654797717412721,True,False,True,False
2016-08-08,BAC,15.13,0.0053156146179402786,False,False,1.0,14.3005,13.995166666666666,True,False,True,0.5414369088297245,False,False,False,False
2016-08-08,FB,125.26,0.0008789452656812191,True,False,1.0,121.609,118.01700000000001,True,False,True,0.572434476990996,True,False,True,False
2016-08-08,GOOG,781.76,-0.0005880698524711736,False,False,1.0,747.9549999999999,721.6948333333333,True,False,False,0.5202430074269367,False,False,False,False
2016-08-08,GOOGL,805.23,-0.0021067502757363687,False,False,0.0,767.7255,736.9601666666666,True,False,False,0.5132227547129595,False,False,False,False
2016-08-08,MSFT,58.06,0.0017253278122844051,False,False,1.0,55.779999999999994,52.699,True,False,False,0.5727116830954613,True,False,False,False
2016-08-08,NVDA,58.74,0.009278350515463885,False,False,1.0,55.24899999999999,49.290499999999994,True,False,False,0.548988788763519,False,False,False,False
2016-08-09,AAPL,108.81,0.004060164252099208,False,False,1.0,102.22749999999999,98.49316666666667,True,False,False,0.5672173204833957,True,False,False,False
2016-08-09,AMZN,768.31,0.002282926320183787,True,False,1.0,749.9085,728.3076666666667,True,False,True,0.5658022385037003,True,False,True,False
2016-08-09,BAC,15.19,0.003965631196298558,True,False,1.0,14.383000000000001,14.017,True,False,True,0.5658487021374243,True,False,True,False
2016-08-09,FB,125.06,-0.0015966789078716292,True,False,1.0,121.96549999999999,118.1045,True,False,True,0.5582808138520651,True,False,True,False
2016-08-09,GOOG,784.26,0.0031979124027834427,False,False,1.0,751.136,722.9186666666667,True,False,False,0.5098338402953443,False,False,False,False
2016-08-09,GOOGL,807.48,0.002794232703699606,False,False,0.0,771.4739999999999,738.3376666666667,True,False,False,0.4981057141197769,False,False,False,False
2016-08-09,MSFT,58.2,0.0024112986565620886,False,False,1.0,56.0295,52.81766666666667,True,False,False,0.5732624878323439,True,False,False,False
2016-08-09,NVDA,58.89,0.0025536261491316825,False,False,1.0,55.5535,49.589000000000006,True,False,False,0.5343909680744142,False,False,False,False
2016-08-10,AAPL,108.0,-0.007444168734491385,False,False,1.0,102.78399999999999,98.7285,True,False,False,0.572434476990996,True,False,False,False
2016-08-10,AMZN,768.56,0.00032538949122096206,True,False,1.0,751.2049999999999,729.2726666666666,True,False,True,0.572434476990996,True,False,True,False
2016-08-10,BAC,14.81,-0.02501645819618159,False,False,1.0,14.451500000000001,14.031666666666666,True,False,True,0.4915726860916304,False,False,False,False
2016-08-10,FB,124.88,-0.0014393091316168283,True,False,1.0,122.37049999999999,118.208,True,False,True,0.572434476990996,True,False,True,False
2016-08-10,GOOG,784.68,0.0005355366842627607,False,False,1.0,754.521,724.0551666666668,True,False,False,0.5257864646303013,False,False,False,False
2016-08-10,GOOGL,808.49,0.0012508049734978322,False,False,0.0,775.4245000000001,739.6408333333333,True,False,False,0.5166410364293714,False,False,False,False
2016-08-10,MSFT,58.02,-0.003092783505154628,False,False,1.0,56.254999999999995,52.920833333333334,True,False,False,0.5702426179265333,True,False,False,False
2016-08-10,NVDA,58.51,-0.006452708439463439,False,False,1.0,55.839999999999996,49.861,True,False,False,0.4967317824820744,False,False,False,False
2016-08-11,AAPL,107.93,-0.0006481481481480644,True,False,1.0,103.24100000000001,98.96916666666668,True,False,True,0.572434476990996,True,False,True,False
2016-08-11,AMZN,771.24,0.0034870406994900183,True,False,1.0,752.7070000000001,730.5388333333334,True,False,True,0.5616498382694897,True,False,True,False
2016-08-11,BAC,14.88,0.004726536124240344,True,False,1.0,14.513,14.046166666666666,True,False,True,0.5578704255554708,True,False,True,False
2016-08-11,FB,124.9,0.00016015374759770218,True,False,1.0,122.751,118.33383333333333,True,False,True,0.572434476990996,True,False,True,False
2016-08-11,GOOG,784.85,0.00021664882499883298,False,False,1.0,757.716,725.3655,True,False,False,0.5337342662595203,False,False,False,False
2016-08-11,GOOGL,808.2,-0.00035869336664640095,False,False,0.0,779.0445,741.1076666666667,True,False,False,0.5388891268685699,False,False,False,False
2016-08-11,MSFT,58.3,0.004825922095828883,False,False,1.0,56.483000000000004,53.050666666666665,True,False,False,0.5668429585292695,True,False,False,False
2016-08-11,NVDA,59.7,0.02033840369167672,False,False,1.0,56.159000000000006,50.15133333333333,True,False,False,0.6567730745592347,True,False,False,False
2016-08-12,AAPL,108.18,0.002316316130825502,False,False,1.0,103.71099999999998,99.19616666666666,True,False,False,0.5607906145952835,True,False,False,False
2016-08-12,AMZN,772.56,0.001711529484985208,True,False,1.0,754.563,731.7906666666667,True,False,True,0.5633454794311673,True,False,True,False
2016-08-12,BAC,14.91,0.002016129032258007,True,False,1.0,14.575500000000002,14.049833333333334,True,False,True,0.565226575707843,True,False,True,False
2016-08-12,FB,124.88,-0.0001601281024821155,True,False,1.0,123.15200000000002,118.45433333333334,True,False,True,0.572434476990996,True,False,True,False
2016-08-12,GOOG,783.22,-0.0020768299675096857,False,False,1.0,760.8844999999999,726.642,True,False,False,0.5450094634173757,False,False,False,False
2016-08-12,GOOGL,807.05,-0.0014229151200199075,False,False,0.0,782.6155000000001,742.5288333333333,True,False,False,0.549936323427105,False,False,False,False
2016-08-12,MSFT,57.94,-0.006174957118353364,False,False,1.0,56.69500000000001,53.1695,True,False,False,0.5649734328935562,True,False,False,False
2016-08-12,NVDA,63.04,0.05594639865996642,False,False,1.0,56.676,50.47933333333334,True,False,False,0.7083643948044136,True,False,False,False
2016-08-15,AAPL,109.48,0.012017008689221731,False,False,1.0,104.1935,99.45083333333334,True,False,False,0.5547317318353798,True,False,False,False
2016-08-15,AMZN,768.49,-0.005268199233716353,True,False,1.0,756.184,732.9568333333333,True,False,True,0.5719251384765863,True,False,True,False
2016-08-15,BAC,15.02,0.007377598926894713,True,False,1.0,14.621,14.058,True,False,True,0.5590497247232116,True,False,True,False
2016-08-15,FB,123.9,-0.007847533632286963,False,False,1.0,123.37849999999999,118.57249999999999,True,False,True,0.5406718257764821,False,False,False,False
2016-08-15,GOOG,782.44,-0.0009958887668853889,False,False,1.0,763.3175,728.0106666666667,True,False,False,0.5627307645033515,True,False,False,False
2016-08-15,GOOGL,805.96,-0.0013505978563904675,False,False,0.0,785.2535,744.0396666666668,True,False,False,0.5631480851181516,True,False,False,False
2016-08-15,MSFT,58.12,0.003106662064204402,False,False,1.0,56.903,53.299499999999995,True,False,False,0.5666280568511176,True,False,False,False
2016-08-15,NVDA,62.98,-0.0009517766497462166,False,False,1.0,57.1765,50.80316666666667,True,False,False,0.5103813913107158,False,False,False,False
2016-08-16,AAPL,109.38,-0.0009134088417976916,False,False,1.0,104.66900000000001,99.68683333333334,True,False,False,0.5662100774603663,True,False,False,False
2016-08-16,AMZN,764.04,-0.005790576325001018,True,False,1.0,757.3884999999999,733.9775000000001,True,False,True,0.572434476990996,True,False,True,False
2016-08-16,BAC,15.17,0.00998668442077233,True,False,1.0,14.666500000000003,14.068833333333334,True,False,True,0.618999540440422,True,False,True,False
2016-08-16,FB,123.3,-0.004842615012106588,True,False,1.0,123.513,118.67166666666667,True,False,True,0.5658023239403643,True,False,True,False
2016-08-16,GOOG,777.14,-0.006773682327079533,False,False,1.0,765.3264999999999,729.134,True,False,True,0.5481442879057697,False,False,False,False
2016-08-16,GOOGL,801.19,-0.005918407861432273,False,False,0.0,787.6425,745.3643333333333,True,False,False,0.5504083056298372,True,False,False,False
2016-08-16,MSFT,57.44,-0.0116999311768754,True,False,1.0,57.12049999999999,53.41316666666667,True,False,True,0.5545479467922139,True,False,True,False
2016-08-16,NVDA,62.6,-0.006033661479834751,False,False,1.0,57.6305,51.10766666666667,True,False,False,0.550870824828572,True,False,False,False
2016-08-17,AAPL,109.22,-0.0014627902724446695,False,False,1.0,105.13199999999999,99.9,True,False,False,0.5669934757288936,True,False,False,False
2016-08-17,AMZN,764.63,0.0007722108790115811,True,False,1.0,758.3340000000001,735.1088333333333,True,False,True,0.5570051707452203,True,False,True,False
2016-08-17,BAC,15.15,-0.0013183915622939635,False,False,1.0,14.703999999999999,14.080166666666665,True,False,True,0.5203500318483149,False,False,False,False
2016-08-17,FB,124.37,0.008678021086780285,True,False,1.0,123.63550000000001,118.81166666666667,True,False,True,0.569695465180173,True,False,True,False
2016-08-17,GOOG,779.91,0.0035643513395269277,True,False,1.0,767.2625,730.3951666666667,True,False,True,0.5921023825074431,True,False,True,False
2016-08-17,GOOGL,805.42,0.005279646525792714,False,False,0.0,790.0595000000001,746.8338333333334,True,False,False,0.606339398684936,True,False,False,False
2016-08-17,MSFT,57.56,0.002089136490250665,True,False,1.0,57.202999999999996,53.53866666666667,True,False,True,0.572434476990996,True,False,True,False
2016-08-17,NVDA,61.15,-0.02316293929712465,False,True,0.0,57.977,51.386833333333335,True,False,True,0.43778237490987554,False,True,False,True
2016-08-18,AAPL,109.08,-0.001281816517121448,False,False,1.0,105.61449999999999,100.08633333333334,True,False,False,0.5700497741406367,True,False,False,False
2016-08-18,AMZN,764.46,-0.00022232975426017543,True,False,1.0,759.3354999999999,736.1131666666666,True,False,True,0.5607753366914873,True,False,True,False
2016-08-18,BAC,15.16,0.0006600660066007347,True,False,1.0,14.748500000000002,14.088166666666668,True,False,True,0.5571648427801298,True,False,True,False
2016-08-18,FB,123.91,-0.0036986411514031703,True,False,1.0,123.80050000000001,118.91516666666666,True,False,True,0.5677776035840089,True,False,True,False
2016-08-18,GOOG,777.5,-0.003090100139759633,True,False,1.0,769.2059999999999,731.3520000000001,True,False,True,0.5565194758808817,True,False,True,False
2016-08-18,GOOGL,802.75,-0.0033150405999353705,True,False,1.0,792.4765,747.9958333333333,True,False,True,0.5653975265233614,True,False,True,False
2016-08-18,MSFT,57.6,0.0006949270326614965,True,False,1.0,57.293000000000006,53.63883333333333,True,False,True,0.572434476990996,True,False,True,False
2016-08-18,NVDA,62.1,0.015535568274734235,False,False,0.0,58.42099999999999,51.66583333333334,True,False,False,0.5295689258865655,False,False,False,False
2016-08-19,AAPL,109.36,0.0025669233590026597,False,False,1.0,106.14949999999999,100.24866666666667,True,False,False,0.5622387266977391,True,False,False,False
2016-08-19,AMZN,757.31,-0.009353007351594722,False,False,1.0,759.958,736.9291666666667,True,False,True,0.49685109593692517,False,False,False,False
2016-08-19,BAC,15.22,0.003957783641161061,True,False,1.0,14.7905,14.093166666666665,True,False,True,0.5683168927621849,True,False,True,False
2016-08-19,FB,123.56,-0.0028246307804050685,True,False,1.0,123.92850000000001,119.00966666666666,True,False,True,0.5689097180200363,True,False,True,False
2016-08-19,GOOG,775.42,-0.0026752411575563517,True,False,1.0,770.8399999999999,732.1878333333333,True,False,True,0.5581147040309784,True,False,True,False
2016-08-19,GOOGL,799.65,-0.003861725319215248,True,False,1.0,794.495,749.0216666666666,True,False,True,0.5557962109906958,True,False,True,False
2016-08-19,MSFT,57.62,0.00034722222222205446,True,False,1.0,57.345499999999994,53.7305,True,False,True,0.572434476990996,True,False,True,False
2016-08-19,NVDA,62.26,0.0025764895330111504,False,False,0.0,58.8005,51.95066666666666,True,False,False,0.5840658850835516,True,False,False,False
2016-08-22,AAPL,108.51,-0.007772494513533235,True,False,1.0,106.70800000000001,100.38366666666667,True,False,True,0.5522893773665556,True,False,True,False
2016-08-22,AMZN,759.48,0.002865405184138803,True,False,1.0,760.9515,737.672,True,False,True,0.5580405458203933,True,False,True,False
2016-08-22,BAC,15.18,-0.0026281208935611255,True,False,1.0,14.831,14.101166666666668,True,False,True,0.56615362667183,True,False,True,False
2016-08-22,FB,124.15,0.004775008093234057,True,False,1.0,124.05449999999999,119.08766666666666,True,False,True,0.5620807637345424,True,False,True,False
2016-08-22,GOOG,772.15,-0.004217069459131806,False,False,1.0,772.4590000000001,732.9883333333333,True,False,True,0.5450163922751454,False,False,False,False
2016-08-22,GOOGL,796.95,-0.003376477208778761,True,False,1.0,796.4665000000001,750.022,True,False,True,0.5526106915678443,True,False,True,False
2016-08-22,MSFT,57.67,0.0008677542519959225,True,False,1.0,57.3925,53.826833333333326,True,False,True,0.572434476990996,True,False,True,False
2016-08-22,NVDA,62.52,0.0041760359781561895,False,False,0.0,59.1425,52.231833333333334,True,False,False,0.5738925121449496,True,False,False,False
2016-08-23,AAPL,108.85,0.0031333517648142184,True,False,1.0,107.31700000000001,100.52533333333332,True,False,True,0.5657741781418771,True,False,True,False
2016-08-23,AMZN,762.45,0.0039105703902670985,True,False,1.0,762.2945,738.5088333333333,True,False,True,0.5551182939427897,True,False,True,False
2016-08-23,BAC,15.35,0.011198945981554687,True,False,1.0,14.872000000000003,14.109000000000002,True,False,True,0.5788154850203893,True,False,True,False
2016-08-23,FB,124.37,0.0017720499395892375,True,False,1.0,124.21200000000002,119.17083333333333,True,False,True,0.5632824171696875,True,False,True,False
2016-08-23,GOOG,772.08,-9.065596062929338e-05,True,False,1.0,774.142,733.6453333333334,True,False,True,0.5547393864029039,True,False,True,False
2016-08-23,GOOGL,796.59,-0.00045172219085265475,True,False,1.0,798.4135,750.8385,True,False,True,0.5574366463381671,True,False,True,False
2016-08-23,MSFT,57.89,0.003814808392578417,True,False,1.0,57.44899999999999,53.919666666666664,True,False,True,0.5663022839458346,True,False,True,False
2016-08-23,NVDA,62.91,0.006238003838771489,False,False,0.0,59.45649999999999,52.51533333333334,True,False,False,0.5989886489031476,True,False,False,False
2016-08-24,AAPL,108.03,-0.007533302710151513,True,False,1.0,107.571,100.6615,True,False,True,0.5700860330723937,True,False,True,False
2016-08-24,AMZN,757.25,-0.006820119352088705,False,False,1.0,763.3235000000001,739.0831666666667,True,False,True,0.5035032411269262,False,False,False,False
2016-08-24,BAC,15.4,0.0032573289902280145,True,False,1.0,14.910499999999999,14.119,True,False,True,0.5622577154827716,True,False,True,False
2016-08-24,FB,123.48,-0.007156066575540687,True,False,1.0,124.21900000000001,119.24866666666667,True,False,True,0.5580362035116906,True,False,True,False
2016-08-24,GOOG,769.64,-0.0031602942700239556,False,False,1.0,775.5355000000001,734.2106666666666,True,False,True,0.5419596622143544,False,False,False,False
2016-08-24,GOOGL,793.6,-0.0037534992907267695,True,False,1.0,799.995,751.5843333333333,True,False,True,0.550398214092126,True,False,True,False
2016-08-24,MSFT,57.95,0.0010364484366902627,True,False,1.0,57.537,54.00216666666667,True,False,True,0.5655060558273769,True,False,True,False
2016-08-24,NVDA,61.94,-0.015418852328723531,False,False,0.0,59.7505,52.769000000000005,True,False,True,0.5339326448646572,False,False,False,False
2016-08-25,AAPL,107.57,-0.004258076460242566,True,False,1.0,107.7325,100.81333333333333,True,False,True,0.5511692798797508,True,False,True,False
2016-08-25,AMZN,759.22,0.002601518653020829,False,False,1.0,763.654,739.7461666666667,True,False,True,0.5467635432501613,False,False,False,False
2016-08-25,BAC,15.53,0.008441558441558472,False,False,1.0,14.953,14.130166666666666,True,False,False,0.5792040584647836,True,False,False,False
2016-08-25,FB,123.89,0.0033203757693553992,True,False,1.0,124.1635,119.33383333333333,True,False,True,0.572434476990996,True,False,True,False
2016-08-25,GOOG,769.41,-0.0002988410165791766,True,False,1.0,776.7104999999999,734.7983333333334,True,False,True,0.5508581522865778,True,False,True,False
2016-08-25,GOOGL,791.3,-0.0028981854838711074,True,False,1.0,801.268,752.2983333333334,True,False,True,0.5537936502401094,True,False,True,False
2016-08-25,MSFT,58.17,0.0037963761863675227,True,False,1.0,57.635000000000005,54.090833333333336,True,False,True,0.5611275645259716,True,False,True,False
2016-08-25,NVDA,61.53,-0.0066193090087180995,False,False,0.0,60.017999999999994,53.014333333333326,True,False,True,0.5352505477246745,False,False,False,False
2016-08-26,AAPL,106.94,-0.005856651482755382,False,False,1.0,107.869,100.967,True,False,True,0.5304972902773082,False,False,False,False
2016-08-26,AMZN,769.0,0.012881641684887146,True,False,1.0,764.1635,740.4254999999999,True,False,True,0.5937035772583604,True,False,True,False
2016-08-26,BAC,15.79,0.01674179008370902,False,False,1.0,15.018,14.144333333333332,True,False,False,0.6363460650527525,True,False,False,False
2016-08-26,FB,124.96,0.008636693841310716,True,False,1.0,124.2145,119.43433333333333,True,False,True,0.574481694252819,True,False,True,False
2016-08-26,GOOG,769.54,0.00016896063217264334,True,False,1.0,776.7479999999999,735.4506666666667,True,False,True,0.5557831315760208,True,False,True,False
2016-08-26,GOOGL,793.22,0.0024263869581702124,True,False,1.0,801.362,753.1141666666666,True,False,True,0.5750929023722998,True,False,True,False
2016-08-26,MSFT,58.03,-0.002406738868832692,False,False,1.0,57.7025,54.18333333333333,True,False,True,0.5434991829963903,False,False,False,False
2016-08-26,NVDA,62.03,0.008126117341134442,True,False,1.0,60.2645,53.2625,True,False,True,0.5927483585847004,True,False,True,False
2016-08-29,AAPL,106.82,-0.001122124555825721,False,False,1.0,107.90749999999998,101.11533333333334,True,False,True,0.5486011593198509,False,False,False,False
2016-08-29,AMZN,771.29,0.0029778933680104647,False,False,1.0,764.341,741.1880000000001,True,False,True,0.5439932288129956,False,False,False,False
2016-08-29,BAC,15.84,0.0031665611146296513,False,False,1.0,15.0935,14.168000000000001,True,False,False,0.550999531475869,True,False,False,False
2016-08-29,FB,126.54,0.012644046094750339,True,False,1.0,124.326,119.56883333333332,True,False,True,0.5959753634284488,True,False,True,False
2016-08-29,GOOG,772.15,0.0033916365621020628,True,False,1.0,776.7115000000001,736.2808333333334,True,False,True,0.5604822860189078,True,False,True,False
2016-08-29,GOOGL,795.82,0.0032777791785381094,True,False,1.0,801.106,754.1135,True,False,True,0.5637158977541886,True,False,True,False
2016-08-29,MSFT,58.1,0.0012062726176116367,True,False,1.0,57.77850000000001,54.288500000000006,True,False,True,0.572434476990996,True,False,True,False
2016-08-29,NVDA,61.99,-0.0006448492664838934,True,False,1.0,60.527499999999996,53.520999999999994,True,False,True,0.5599663424100041,True,False,True,False
2016-08-30,AAPL,106.0,-0.007676465081445372,False,False,1.0,107.98349999999998,101.23816666666667,True,False,True,0.5343635877466073,False,False,False,False
2016-08-30,AMZN,767.58,-0.004810123299926028,False,False,1.0,764.691,741.8688333333333,True,False,True,0.5447452764652476,False,False,False,False
2016-08-30,BAC,16.19,0.02209595959595978,False,False,1.0,15.1965,14.195833333333333,True,False,False,0.6291785379878105,True,False,False,False
2016-08-30,FB,125.84,-0.005531847637110787,False,False,1.0,124.4635,119.68633333333332,True,False,True,0.5140152196935535,False,False,False,False
2016-08-30,GOOG,769.09,-0.003962960564657059,False,False,1.0,776.6125,737.1564999999999,True,False,True,0.5367023406276951,False,False,False,False
2016-08-30,GOOGL,791.92,-0.0049006056645976015,False,False,1.0,800.696,755.1445,True,False,True,0.5373086638305498,False,False,False,False
2016-08-30,MSFT,57.89,-0.0036144578313253017,True,False,1.0,57.84400000000001,54.3845,True,False,True,0.5681786099742555,True,False,True,False
2016-08-30,NVDA,61.63,-0.005807388288433635,True,False,1.0,60.807,53.7775,True,False,True,0.5514161814980454,True,False,True,False
2016-08-31,AAPL,106.1,0.0009433962264151496,True,False,1.0,107.999,101.356,True,False,True,0.5548052626435527,True,False,True,False
2016-08-31,AMZN,769.16,0.0020584173636624126,True,False,1.0,765.417,742.6258333333334,True,False,True,0.5625571809966214,True,False,True,False
2016-08-31,BAC,16.14,-0.0030883261272390827,False,False,1.0,15.279500000000002,14.225666666666667,True,False,False,0.5230785356099241,False,False,False,False
2016-08-31,FB,126.12,0.002225047679593084,True,False,1.0,124.644,119.82566666666666,True,False,True,0.5506026520607885,True,False,True,False
2016-08-31,GOOG,767.05,-0.002652485404829208,False,False,1.0,776.306,737.9965,True,False,True,0.5486578505266274,False,False,False,False
2016-08-31,GOOGL,789.85,-0.0026139003939791294,False,False,1.0,800.2425000000001,756.1238333333333,True,False,True,0.5421070729013676,False,False,False,False
2016-08-31,MSFT,57.46,-0.007427880462946956,False,False,1.0,57.868500000000004,54.47383333333334,True,False,True,0.5015540293757575,False,False,False,False
2016-08-31,NVDA,61.34,-0.0047055005679051964,False,False,1.0,61.064499999999995,54.02766666666667,True,False,True,0.5353750643225031,False,False,False,False
2016-09-01,AAPL,106.73,0.0059377945334591065,True,False,1.0,108.042,101.48583333333335,True,False,True,0.571140402801948,True,False,True,False
2016-09-01,AMZN,770.62,0.0018981746320660964,False,False,1.0,765.9095,743.3588333333335,True,False,True,0.5390678548255232,False,False,False,False
2016-09-01,BAC,15.98,-0.009913258983890949,False,False,1.0,15.354500000000002,14.2515,True,False,False,0.47996864231843617,False,False,False,False
2016-09-01,FB,126.17,0.00039644782746584006,True,False,1.0,124.7345,119.95533333333333,True,False,True,0.5576127478059727,True,False,True,False
2016-09-01,GOOG,768.78,0.0022553940421095042,False,False,1.0,776.1645000000001,738.6715,True,False,True,0.5417059702401276,False,False,False,False
2016-09-01,GOOGL,791.4,0.001962397923656267,True,False,1.0,799.95,756.9316666666667,True,False,True,0.5744890106237371,True,False,True,False
2016-09-01,MSFT,57.59,0.002262443438914019,False,False,1.0,57.878499999999995,54.56633333333333,True,False,True,0.5400475236570786,False,False,False,False
2016-09-01,NVDA,63.15,0.02950766221062917,True,False,1.0,61.3605,54.310500000000005,True,False,True,0.5792432129148094,True,False,True,False
2016-09-02,AAPL,107.73,0.009369436896842442,True,False,1.0,108.0545,101.62049999999999,True,False,True,0.5794816757336877,True,False,True,False
2016-09-02,AMZN,772.44,0.0023617347071189787,True,False,1.0,766.2325,744.1053333333333,True,False,True,0.5685144227005665,True,False,True,False
2016-09-02,BAC,16.0,0.0012515644555695093,False,False,1.0,15.402000000000001,14.281666666666668,True,False,False,0.5730761941093981,True,False,False,False
2016-09-02,FB,126.51,0.002694776888325201,True,False,1.0,124.80249999999998,120.08783333333332,True,False,True,0.572434476990996,True,False,True,False
2016-09-02,GOOG,771.46,0.003486042821093216,True,False,1.0,775.6265,739.3861666666667,True,False,True,0.5633173740585709,True,False,True,False
2016-09-02,GOOGL,796.87,0.00691180187010354,True,False,1.0,799.447,757.8375,True,False,True,0.6004929096804408,True,False,True,False
2016-09-02,MSFT,57.67,0.0013891300573016796,True,False,1.0,57.864,54.66716666666666,True,False,True,0.5563917818383551,True,False,True,False
2016-09-02,NVDA,62.53,-0.009817893903404595,False,False,1.0,61.57700000000001,54.562999999999995,True,False,True,0.5349373761037997,False,False,False,False
2016-09-06,AAPL,107.7,-0.0002784739626845445,False,False,1.0,108.021,101.76833333333333,True,False,True,0.5322844431607788,False,False,False,False
2016-09-06,AMZN,788.87,0.02127026047330527,False,False,1.0,767.348,745.288,True,False,False,0.6493372507778843,True,False,False,False
2016-09-06,BAC,15.78,-0.01375000000000004,False,False,1.0,15.4345,14.314166666666667,True,False,True,0.4908293339854309,False,False,False,False
2016-09-06,FB,129.73,0.025452533396569388,False,False,1.0,125.026,120.30633333333334,True,False,False,0.6892872264349409,True,False,False,False
2016-09-06,GOOG,780.08,0.011173618852565292,True,False,1.0,775.5425,740.3973333333332,True,False,True,0.6245421171024702,True,False,True,False
2016-09-06,GOOGL,808.02,0.013992244657221375,True,False,1.0,799.5865,759.0846666666667,True,False,True,0.6358789540647406,True,False,True,False
2016-09-06,MSFT,57.61,-0.0010404022888850228,True,False,1.0,57.841499999999996,54.76933333333333,True,False,True,0.572434476990996,True,False,True,False
2016-09-06,NVDA,63.12,0.00943547097393238,True,False,1.0,61.79600000000001,54.845,True,False,True,0.565181252219168,True,False,True,False
2016-09-07,AAPL,108.36,0.006128133704735417,False,False,1.0,107.9985,101.952,True,False,True,0.5386568918478747,False,False,False,False
2016-09-07,AMZN,784.48,-0.005564921977005088,False,False,1.0,768.1565,746.4419999999999,True,False,True,0.512633829368527,False,False,False,False
2016-09-07,BAC,15.7,-0.005069708491761693,True,False,1.0,15.459999999999999,14.349166666666665,True,False,True,0.572434476990996,True,False,True,False
2016-09-07,FB,131.05,0.010174978802127699,False,False,1.0,125.3255,120.59133333333332,True,False,False,0.5963219411254739,True,False,False,False
2016-09-07,GOOG,780.35,0.0003461183468362883,False,False,1.0,775.347,741.4305,True,False,True,0.5409135355269777,False,False,False,False
2016-09-07,GOOGL,807.99,-3.7127793866442715e-05,False,False,1.0,799.6120000000001,760.3531666666665,True,False,True,0.5386376462419502,False,False,False,False
2016-09-07,MSFT,57.66,0.0008679048776254472,True,False,1.0,57.814499999999995,54.894666666666666,True,False,True,0.5589931202266375,True,False,True,False
2016-09-07,NVDA,62.19,-0.014733840304182455,False,False,1.0,61.961,55.10166666666667,True,False,True,0.505742174784444,False,False,False,False
2016-09-08,AAPL,105.52,-0.026208933185677408,False,True,0.0,107.87450000000001,102.08633333333333,True,False,True,0.4295541089158604,False,True,False,True
2016-09-08,AMZN,784.06,-0.0005353864980625067,True,False,1.0,768.9315,747.5213333333334,True,False,True,0.5639188171161132,True,False,True,False
2016-09-08,BAC,15.86,0.010191082802547768,True,False,1.0,15.5125,14.3925,True,False,True,0.5700190234065781,True,False,True,False
2016-09-08,FB,130.27,-0.005951926745517033,False,False,1.0,125.595,120.84683333333334,True,False,False,0.5222160934197988,False,False,False,False
2016-09-08,GOOG,775.32,-0.006445825591080867,False,False,1.0,774.879,742.3813333333333,True,False,True,0.4899602895146781,False,False,False,False
2016-09-08,GOOGL,802.84,-0.006373841260411628,False,False,1.0,799.3295,761.513,True,False,True,0.49446110901080137,False,False,False,False
2016-09-08,MSFT,57.43,-0.003988900450919153,False,False,1.0,57.785000000000004,55.02133333333334,True,False,True,0.5044202276883016,False,False,False,False
2016-09-08,NVDA,62.64,0.00723589001447178,True,False,1.0,62.1675,55.36433333333333,True,False,True,0.5553719231543149,True,False,True,False
2016-09-09,AAPL,103.13,-0.02264973464746023,False,False,0.0,107.63449999999997,102.18616666666667,True,False,True,0.46633057632926167,False,False,False,False
2016-09-09,AMZN,760.14,-0.030507869295717138,False,True,0.0,768.3765,748.2860000000001,True,False,True,0.4195365626359529,False,True,False,True
2016-09-09,BAC,15.74,-0.007566204287515754,False,False,1.0,15.5555,14.4325,True,False,True,0.503400254019698,False,False,False,False
2016-09-09,FB,127.1,-0.024334075381899245,False,True,0.0,125.705,121.05516666666668,True,False,True,0.39109632396725236,False,True,False,True
2016-09-09,GOOG,759.66,-0.0201981117474076,False,False,1.0,773.6195,743.0603333333333,True,False,True,0.4791088468421675,False,False,False,False
2016-09-09,GOOGL,788.48,-0.01788650291465299,False,False,1.0,798.3435000000001,762.4511666666666,True,False,True,0.46165262055115436,False,False,False,False
2016-09-09,MSFT,56.21,-0.021243252655406608,False,False,1.0,57.68050000000001,55.13,True,False,True,0.4658747654618739,False,False,False,False
2016-09-09,NVDA,59.52,-0.04980842911877392,False,True,0.0,62.158500000000004,55.56700000000001,True,False,True,0.39679525592611825,False,True,False,True
2016-09-12,AAPL,105.44,0.022398913992048852,True,False,1.0,107.49749999999999,102.31766666666667,True,False,True,0.6594801713780859,True,False,True,False
2016-09-12,AMZN,771.49,0.014931459994211638,True,False,1.0,768.323,749.1856666666666,True,False,True,0.6193069504765358,True,False,True,False
2016-09-12,BAC,15.9,0.010165184243964509,True,False,1.0,15.604999999999999,14.475666666666665,True,False,True,0.6258986361964145,True,False,True,False
2016-09-12,FB,128.69,0.01250983477576706,True,False,1.0,125.8955,121.2935,True,False,True,0.590037199985401,True,False,True,False
2016-09-12,GOOG,769.02,0.012321301634941939,True,False,1.0,772.9095,744.038,True,False,True,0.6054959391598281,True,False,True,False
2016-09-12,GOOGL,798.82,0.013113839285714413,True,False,1.0,797.932,763.694,True,False,True,0.6078362345357898,True,False,True,False
2016-09-12,MSFT,57.05,0.01494396014943944,True,False,1.0,57.636,55.241,True,False,True,0.5919424076466884,True,False,True,False
2016-09-12,NVDA,60.75,0.020665322580645018,True,False,1.0,62.044000000000004,55.787000000000006,True,False,True,0.6802987001922854,True,False,True,False
2016-09-13,AAPL,107.95,0.023805007587253568,True,False,1.0,107.421,102.528,True,False,True,0.65266814610318,True,False,True,False
2016-09-13,AMZN,761.01,-0.01358410348805561,False,False,1.0,767.949,750.096,True,False,True,0.496088503727117,False,False,False,False
2016-09-13,BAC,15.72,-0.01132075471698113,False,False,1.0,15.64,14.514333333333333,True,False,True,0.5236940605655909,False,False,False,False
2016-09-13,FB,127.21,-0.011500505089750646,False,False,1.0,126.061,121.53,True,False,True,0.5080760561432239,False,False,False,False
2016-09-13,GOOG,759.69,-0.012132324256846294,False,False,1.0,771.772,745.1708333333333,True,False,True,0.4968355382445544,False,False,False,False
2016-09-13,GOOGL,788.72,-0.012643649382839683,False,False,1.0,797.0699999999999,765.1018333333334,True,False,True,0.4841512384313191,False,False,False,False
2016-09-13,MSFT,56.53,-0.00911481156879923,False,False,1.0,57.55650000000001,55.34766666666667,True,False,True,0.4787429751831039,False,False,False,False
2016-09-13,NVDA,59.87,-0.014485596707819015,False,False,1.0,61.8885,56.006166666666665,True,False,True,0.5295085022475694,False,False,False,False
2016-09-14,AAPL,111.77,0.035386753126447346,True,False,1.0,107.5405,102.80583333333333,True,False,True,0.6952704153596182,True,False,True,False
2016-09-14,AMZN,761.09,0.00010512345435675918,True,False,1.0,767.8015,750.8806666666666,True,False,True,0.564744114592695,True,False,True,False
2016-09-14,BAC,15.63,-0.005725190839694694,True,False,1.0,15.663,14.549166666666666,True,False,True,0.571480784471277,True,False,True,False
2016-09-14,FB,127.77,0.004402169640751463,True,False,1.0,126.28450000000001,121.77,True,False,True,0.5856730974554655,True,False,True,False
2016-09-14,GOOG,762.49,0.0036857139096209135,True,False,1.0,771.0395000000001,746.3171666666666,True,False,True,0.5646207440725562,True,False,True,False
2016-09-14,GOOGL,790.46,0.0022061060959528422,True,False,1.0,796.5335,766.5073333333332,True,False,True,0.5650305266323788,True,False,True,False
2016-09-14,MSFT,56.26,-0.0047762250132673545,False,False,1.0,57.4975,55.45083333333333,True,False,True,0.5184329095125769,False,False,False,False
2016-09-14,NVDA,60.4,0.008852513779856297,True,False,1.0,61.77850000000001,56.220166666666664,True,False,True,0.5573917477202099,True,False,True,False
2016-09-15,AAPL,115.57,0.0339983895499687,False,False,1.0,107.85799999999999,103.1335,True,False,False,0.624245700851768,True,False,False,False
2016-09-15,AMZN,769.69,0.01129958349209681,True,False,1.0,768.0545,751.7785,True,False,True,0.6251780041058511,True,False,True,False
2016-09-15,BAC,15.67,0.0025591810620599897,True,False,1.0,15.689000000000002,14.583333333333334,True,False,True,0.572434476990996,True,False,True,False
2016-09-15,FB,128.35,0.004539406746497665,True,False,1.0,126.4835,122.00283333333333,True,False,True,0.5689978264370876,True,False,True,False
2016-09-15,GOOG,771.76,0.012157536492281906,True,False,1.0,770.6320000000001,747.5808333333333,True,False,True,0.6084361987824003,True,False,True,False
2016-09-15,GOOGL,801.23,0.01362497786099226,True,False,1.0,796.324,768.0465,True,False,True,0.61414366466108,True,False,True,False
2016-09-15,MSFT,57.19,0.016530394596516063,True,False,1.0,57.479000000000006,55.55083333333333,True,False,True,0.6248482199019181,True,False,True,False
2016-09-15,NVDA,62.69,0.03791390728476829,True,False,1.0,61.85549999999999,56.47716666666666,True,False,True,0.6780594055523793,True,False,True,False
2016-09-16,AAPL,114.92,-0.0056242969628795825,False,False,1.0,108.15,103.45633333333333,True,False,True,0.4778228609806148,False,False,False,False
2016-09-16,AMZN,778.52,0.011472151125777819,True,False,1.0,768.7575,752.9105,True,False,True,0.576527005983815,True,False,True,False
2016-09-16,BAC,15.49,-0.01148691767708998,False,False,1.0,15.705499999999997,14.614666666666666,True,False,True,0.535405666820943,False,False,False,False
2016-09-16,FB,129.07,0.005609661082976336,True,False,1.0,126.7415,122.2555,True,False,True,0.558046986801272,True,False,True,False
2016-09-16,GOOG,768.88,-0.0037317300715248303,False,False,1.0,770.201,748.7711666666667,True,False,True,0.48520512149304573,False,False,False,False
2016-09-16,GOOGL,797.97,-0.00406874430563009,False,False,1.0,796.085,769.5048333333333,True,False,True,0.4914064354768185,False,False,False,False
2016-09-16,MSFT,57.25,0.0010491344640672917,False,False,1.0,57.4615,55.655166666666666,True,False,True,0.4814387055669921,False,False,False,False
2016-09-16,NVDA,62.84,0.00239272611261776,False,False,1.0,61.892500000000005,56.73733333333333,True,False,True,0.5099573575669224,False,False,False,False
2016-09-19,AAPL,113.58,-0.011660285415941551,False,False,1.0,108.36099999999999,103.74766666666667,True,False,True,0.5009411313702647,False,False,False,False
2016-09-19,AMZN,775.1,-0.004392950727020395,False,False,1.0,769.6469999999999,753.7941666666667,True,False,True,0.5238867207788551,False,False,False,False
2016-09-19,BAC,15.59,0.006455777921239525,True,False,1.0,15.724,14.6405,True,False,True,0.572434476990996,True,False,True,False
2016-09-19,FB,128.65,-0.003254048190904024,True,False,1.0,126.99600000000001,122.48166666666667,True,False,True,0.5635315046964242,True,False,True,False
2016-09-19,GOOG,765.7,-0.004135885963999497,False,False,1.0,769.715,749.8350000000002,True,False,True,0.49569508893332775,False,False,False,False
2016-09-19,GOOGL,795.39,-0.0032332042557990937,False,False,1.0,795.8720000000001,770.8468333333333,True,False,True,0.5304364119120306,False,False,False,False
2016-09-19,MSFT,56.93,-0.005589519650655017,False,False,1.0,57.427,55.73883333333333,True,False,True,0.5481899619475842,False,False,False,False
2016-09-19,NVDA,63.67,0.013208147676639026,False,False,1.0,61.963,56.99033333333333,True,False,True,0.5437793259393456,False,False,False,False
2016-09-20,AAPL,113.57,-8.804366966019828e-05,True,False,1.0,108.61399999999999,104.08383333333333,True,False,True,0.5639915186150419,True,False,True,False
2016-09-20,AMZN,780.22,0.006605599277512475,True,False,1.0,770.684,755.1484999999999,True,False,True,0.571865430232775,True,False,True,False
2016-09-20,BAC,15.6,0.0006414368184732844,True,False,1.0,15.745,14.683833333333332,True,False,True,0.572434476990996,True,False,True,False
2016-09-20,FB,128.64,-7.773027594260018e-05,True,False,1.0,127.22050000000002,122.75766666666667,True,False,True,0.572434476990996,True,False,True,False
2016-09-20,GOOG,771.41,0.007457228679639494,True,False,1.0,769.6780000000001,751.4381666666667,True,False,True,0.5653857982383111,True,False,True,False
2016-09-20,GOOGL,799.78,0.005519304995033947,True,False,1.0,796.0134999999999,772.7565,True,False,True,0.5721049441795424,True,False,True,False
2016-09-20,MSFT,56.81,-0.002107851747760403,True,False,1.0,57.384,55.855166666666676,True,False,True,0.572434476990996,True,False,True,False
2016-09-20,NVDA,63.09,-0.009109470708339895,False,False,1.0,61.99150000000001,57.27966666666667,True,False,True,0.539491970242508,False,False,False,False
2016-09-21,AAPL,113.55,-0.00017610284406088805,True,False,1.0,108.849,104.44233333333334,True,False,True,0.5701082319365707,True,False,True,False
2016-09-21,AMZN,789.74,0.012201686703750214,False,False,1.0,772.0485,756.7881666666667,True,False,True,0.5361855267988344,False,False,False,False
2016-09-21,BAC,15.65,0.0032051282051281937,False,False,1.0,15.76,14.741666666666667,True,False,True,0.5426685625398578,False,False,False,False
2016-09-21,FB,129.94,0.010105721393034894,True,False,1.0,127.499,123.10716666666667,True,False,True,0.5666764147837896,True,False,True,False
2016-09-21,GOOG,776.22,0.006235335295109001,False,False,1.0,769.885,753.2375,True,False,True,0.5369728299803335,False,False,False,False
2016-09-21,GOOGL,805.03,0.0065643051839254785,False,False,1.0,796.4355,774.8213333333333,True,False,True,0.5429579599687728,False,False,False,False
2016-09-21,MSFT,57.76,0.01672240802675584,True,False,1.0,57.37750000000001,56.010666666666665,True,False,True,0.5924056183586286,True,False,True,False
2016-09-21,NVDA,64.86,0.02805515929624347,False,False,1.0,62.089,57.60666666666666,True,False,True,0.4787538769932283,False,False,False,False
2016-09-22,AAPL,114.62,0.009423161602818197,False,False,1.0,109.17850000000001,104.79283333333333,True,False,True,0.5380849957605466,False,False,False,False
2016-09-22,AMZN,804.7,0.018942943247144628,False,False,1.0,774.421,758.4006666666667,True,False,True,0.5477655848391365,False,False,False,False
2016-09-22,BAC,15.6,-0.0031948881789137795,True,False,1.0,15.77,14.79,True,False,True,0.572434476990996,True,False,True,False
2016-09-22,FB,130.08,0.0010774203478529643,True,False,1.0,127.829,123.39683333333333,True,False,True,0.5593840462894913,True,False,True,False
2016-09-22,GOOG,787.21,0.014158357166782709,True,False,1.0,770.7635,755.0236666666666,True,False,True,0.5933616184170422,True,False,True,False
2016-09-22,GOOGL,815.95,0.013564711874091806,True,False,1.0,797.5530000000001,776.8995,True,False,True,0.6004623540642441,True,False,True,False
2016-09-22,MSFT,57.82,0.0010387811634349209,True,False,1.0,57.371,56.150333333333336,True,False,True,0.5697570808584623,True,False,True,False
2016-09-22,NVDA,65.02,0.0024668516805426144,True,False,1.0,62.242999999999995,57.925333333333334,True,False,True,0.572434476990996,True,False,True,False
2016-09-23,AAPL,112.71,-0.01666375850636892,False,False,1.0,109.4355,105.098,True,False,True,0.5128559122864935,False,False,False,False
2016-09-23,AMZN,805.75,0.0013048340996644203,True,False,1.0,776.7475000000001,759.9031666666667,True,False,True,0.5576166705875473,True,False,True,False
2016-09-23,BAC,15.52,-0.00512820512820511,True,False,1.0,15.769500000000003,14.828833333333334,True,False,True,0.572434476990996,True,False,True,False
2016-09-23,FB,127.96,-0.016297662976629934,False,True,0.0,128.0325,123.62683333333334,True,False,True,0.43279870447196905,False,True,False,True
2016-09-23,GOOG,786.9,-0.0003937958105207917,False,False,1.0,771.638,756.7368333333333,True,False,True,0.5313315953902736,False,False,False,False
2016-09-23,GOOGL,814.96,-0.0012133096390710696,True,False,1.0,798.736,778.8956666666668,True,False,True,0.5656723205545527,True,False,True,False
2016-09-23,MSFT,57.43,-0.006745070909719875,True,False,1.0,57.334,56.265166666666666,True,False,True,0.5682690002430687,True,False,True,False
2016-09-23,NVDA,64.95,-0.001076591817902095,True,False,1.0,62.414,58.230333333333334,True,False,True,0.572434476990996,True,False,True,False
2016-09-26,AAPL,112.88,0.0015082956259426794,True,False,1.0,109.73249999999999,105.386,True,False,True,0.572434476990996,True,False,True,False
2016-09-26,AMZN,799.16,-0.008178715482469734,True,False,1.0,778.2555,761.2955000000001,True,False,True,0.572434476990996,True,False,True,False
2016-09-26,BAC,15.09,-0.027706185567010322,False,False,1.0,15.7345,14.859166666666669,True,False,True,0.5055749619261809,False,False,False,False
2016-09-26,FB,127.31,-0.005079712410128057,True,False,1.0,128.15,123.844,True,False,True,0.5672408811820138,True,False,True,False
2016-09-26,GOOG,774.21,-0.016126572626763203,False,False,1.0,771.8715,758.1053333333333,True,False,True,0.5009503314744896,False,False,False,False
2016-09-26,GOOGL,802.65,-0.015105035829979463,False,False,1.0,799.2075,780.5476666666667,True,False,True,0.5350649006445979,False,False,False,False
2016-09-26,MSFT,56.9,-0.009228626153578334,True,False,1.0,57.277499999999996,56.36066666666667,True,False,True,0.5517969924178385,True,False,True,False
2016-09-26,NVDA,64.34,-0.009391839876828345,True,False,1.0,62.529500000000006,58.51916666666666,True,False,True,0.572434476990996,True,False,True,False
2016-09-27,AAPL,113.09,0.0018603827072998236,True,False,1.0,110.046,105.67266666666667,True,False,True,0.572434476990996,True,False,True,False
2016-09-27,AMZN,816.11,0.021209770258771687,False,True,0.0,780.4965,762.8026666666667,True,False,True,0.44369024229171683,False,True,False,True
2016-09-27,BAC,15.29,0.013253810470510219,False,False,1.0,15.706999999999999,14.895666666666667,True,False,True,0.5394129657106425,False,False,False,False
2016-09-27,FB,128.69,0.010839682664362638,True,False,1.0,128.2575,124.08566666666667,True,False,True,0.5662550773154928,True,False,True,False
2016-09-27,GOOG,783.01,0.01136642513013264,True,False,1.0,772.4145,759.5020000000001,True,False,True,0.5611568188453724,True,False,True,False
2016-09-27,GOOGL,810.73,0.010066654207936176,True,False,1.0,799.9530000000001,782.2223333333333,True,False,True,0.5654163286061963,True,False,True,False
2016-09-27,MSFT,57.95,0.018453427065026506,True,False,1.0,57.269999999999996,56.47383333333333,True,False,True,0.5912768263084626,True,False,True,False
2016-09-27,NVDA,66.54,0.03419334783960215,False,False,1.0,62.757000000000005,58.850500000000004,True,False,True,0.5131606742784262,False,False,False,False
2016-09-28,AAPL,113.95,0.0076045627376426506,True,False,1.0,110.44350000000001,105.98866666666667,True,False,True,0.5663630819900495,True,False,True,False
2016-09-28,AMZN,828.72,0.015451348470181703,False,True,0.0,783.5535000000001,764.4796666666666,True,False,False,0.43228267285602506,False,True,False,True
2016-09-28,BAC,15.38,0.005886200130804653,True,False,1.0,15.6665,14.939666666666666,True,False,True,0.572434476990996,True,False,True,False
2016-09-28,FB,129.23,0.004196130235449402,True,False,1.0,128.427,124.3395,True,False,True,0.572434476990996,True,False,True,False
2016-09-28,GOOG,781.56,-0.0018518282014279297,True,False,1.0,773.0379999999999,760.9531666666667,True,False,True,0.572434476990996,True,False,True,False
2016-09-28,GOOGL,810.06,-0.0008264156994314265,True,False,1.0,800.86,783.9751666666666,True,False,True,0.5566511694013518,True,False,True,False
2016-09-28,MSFT,58.03,0.0013805004314062508,True,False,1.0,57.277,56.588166666666666,True,False,True,0.572434476990996,True,False,True,False
2016-09-28,NVDA,66.78,0.0036068530207393756,True,False,1.0,63.0145,59.17433333333334,True,False,True,0.5730205521310157,True,False,True,False
2016-09-29,AAPL,112.18,-0.015533128565160093,False,False,1.0,110.74749999999999,106.26616666666665,True,False,True,0.549056014080366,False,False,False,False
2016-09-29,AMZN,829.05,0.000398204459889806,False,False,0.0,786.548,766.0036666666667,True,False,False,0.4903335491238069,False,False,False,False
2016-09-29,BAC,15.16,-0.014304291287386306,True,False,1.0,15.617499999999998,14.978,True,False,True,0.572434476990996,True,False,True,False
2016-09-29,FB,128.09,-0.008821481080244387,True,False,1.0,128.5255,124.52933333333334,True,False,True,0.5660350274482618,True,False,True,False
2016-09-29,GOOG,775.01,-0.008380674548339129,False,False,1.0,773.4359999999999,762.2405,True,False,True,0.5434907334814272,False,False,False,False
2016-09-29,GOOGL,802.64,-0.009159815322321796,True,False,1.0,801.4995,785.5363333333333,True,False,True,0.5649071784504294,True,False,True,False
2016-09-29,MSFT,57.4,-0.010856453558504287,False,False,1.0,57.274,56.6885,True,False,True,0.5270976629267271,False,False,False,False
2016-09-29,NVDA,67.4,0.009284216831386694,True,False,1.0,63.317499999999995,59.5035,True,False,True,0.55262044751449,True,False,True,False
2016-09-30,AAPL,113.05,0.007755393118202836,True,False,1.0,111.0635,106.55133333333333,True,False,True,0.5678116297345391,True,False,True,False
2016-09-30,AMZN,837.31,0.009963210904046838,False,True,0.0,789.8824999999999,767.6826666666667,True,False,False,0.4360331810798083,False,True,False,True
2016-09-30,BAC,15.65,0.03232189973614785,True,False,1.0,15.600999999999999,15.022,True,False,True,0.6763682880107245,True,False,True,False
2016-09-30,FB,128.27,0.001405261925208956,False,False,1.0,128.63049999999998,124.73633333333333,True,False,True,0.5267310484878867,False,False,False,False
2016-09-30,GOOG,777.29,0.0029418975239028367,True,False,1.0,773.8615,763.606,True,False,True,0.5650703735405622,True,False,True,False
2016-09-30,GOOGL,804.06,0.0017691617661714787,True,False,1.0,802.1324999999999,787.1496666666667,True,False,True,0.5646036765290928,True,False,True,False
2016-09-30,MSFT,57.6,0.0034843205574912606,False,False,1.0,57.2745,56.79216666666667,True,False,True,0.5438293773204715,False,False,False,False
2016-09-30,NVDA,68.52,0.016617210682492445,False,False,1.0,63.58599999999999,59.830666666666666,True,False,False,0.5445029372968081,False,False,False,False
2016-10-03,AAPL,112.52,-0.004688191065900016,True,False,1.0,111.303,106.81533333333333,True,False,True,0.572434476990996,True,False,True,False
2016-10-03,AMZN,836.74,-0.0006807514540611015,False,False,0.0,793.0975,769.1981666666667,True,False,False,0.5189577714064872,False,False,False,False
2016-10-03,BAC,15.63,-0.0012779552715654896,True,False,1.0,15.5825,15.063,True,False,True,0.567592922666576,True,False,True,False
2016-10-03,FB,128.77,0.0038980275980353696,True,False,1.0,128.74349999999998,124.9285,True,False,True,0.572434476990996,True,False,True,False
2016-10-03,GOOG,772.56,-0.00608524488929485,False,False,1.0,773.9165,764.7215,True,False,True,0.5371448638522177,False,False,False,False
2016-10-03,GOOGL,800.38,-0.004576772877645907,False,False,1.0,802.308,788.5263333333334,True,False,True,0.5141558928593077,False,False,False,False
2016-10-03,MSFT,57.42,-0.0031250000000000444,True,False,1.0,57.262,56.877500000000005,True,False,True,0.572434476990996,True,False,True,False
2016-10-03,NVDA,68.45,-0.0010215995329829752,False,False,1.0,63.88199999999999,60.124,True,False,False,0.572434476990996,True,False,False,False
2016-10-04,AAPL,113.0,0.004265908282971909,True,False,1.0,111.56800000000001,107.08233333333334,True,False,True,0.572434476990996,True,False,True,False
2016-10-04,AMZN,834.03,-0.003238759949327208,False,False,0.0,795.3555,770.5356666666667,True,False,False,0.5363135742348822,False,False,False,False
2016-10-04,BAC,15.8,0.010876519513755678,False,False,1.0,15.5835,15.106166666666667,True,False,True,0.5466896427279255,False,False,False,False
2016-10-04,FB,128.19,-0.004504154694416451,True,False,1.0,128.66649999999998,125.10050000000001,True,False,True,0.5696090772143411,True,False,True,False
2016-10-04,GOOG,776.43,0.005009319664492029,True,False,1.0,773.734,765.7438333333333,True,False,True,0.5620914926672527,True,False,True,False
2016-10-04,GOOGL,802.79,0.0030110697418725962,True,False,1.0,802.0464999999999,789.7861666666666,True,False,True,0.5671169092624563,True,False,True,False
2016-10-04,MSFT,57.24,-0.0031347962382445305,True,False,1.0,57.243500000000004,56.955,True,False,True,0.572434476990996,True,False,True,False
2016-10-04,NVDA,68.3,-0.0021913805697589828,False,False,1.0,64.141,60.39533333333334,True,False,False,0.572434476990996,True,False,False,False
2016-10-05,AAPL,113.05,0.00044247787610607325,True,False,1.0,111.80249999999998,107.34283333333335,True,False,True,0.572434476990996,True,False,True,False
2016-10-05,AMZN,844.36,0.012385645600278217,False,True,0.0,798.3495,772.1381666666667,True,False,False,0.44658666176755213,False,True,False,True
2016-10-05,BAC,16.11,0.019620253164556845,True,False,1.0,15.604000000000003,15.149000000000001,True,False,True,0.5534556879232951,True,False,True,False
2016-10-05,FB,128.47,0.002184257742413598,True,False,1.0,128.5375,125.27616666666667,True,False,True,0.572434476990996,True,False,True,False
2016-10-05,GOOG,776.47,5.1517844493531584e-05,False,False,1.0,773.54,766.6743333333333,True,False,True,0.54094665249043,False,False,False,False
2016-10-05,GOOGL,801.23,-0.0019432230097534697,True,False,1.0,801.7085,790.9315,True,False,True,0.572434476990996,True,False,True,False
2016-10-05,MSFT,57.64,0.006988120195667413,True,False,1.0,57.24249999999999,57.02883333333333,True,False,True,0.572434476990996,True,False,True,False
2016-10-05,NVDA,68.23,-0.0010248901903366914,False,False,1.0,64.443,60.6525,True,False,False,0.572434476990996,True,False,False,False
2016-10-06,AAPL,113.89,0.007430340557275539,True,False,1.0,112.22099999999998,107.62650000000001,True,False,True,0.572434476990996,True,False,True,False
2016-10-06,AMZN,841.66,-0.0031976881898716503,False,False,0.0,801.2295,773.7886666666667,True,False,False,0.5382299276035205,False,False,False,False
2016-10-06,BAC,16.22,0.006828057107386654,False,False,1.0,15.622,15.195333333333334,True,False,True,0.5445144736553489,False,False,False,False
2016-10-06,FB,128.74,0.0021016579746244712,True,False,1.0,128.46099999999998,125.47550000000001,True,False,True,0.572434476990996,True,False,True,False
2016-10-06,GOOG,776.86,0.0005022731077826137,True,False,1.0,773.617,767.6723333333334,True,False,True,0.572434476990996,True,False,True,False
2016-10-06,GOOGL,803.08,0.002308949989391351,True,False,1.0,801.7205,792.1581666666666,True,False,True,0.572434476990996,True,False,True,False
2016-10-06,MSFT,57.74,0.001734906315058904,True,False,1.0,57.257999999999996,57.099333333333334,True,False,True,0.572434476990996,True,False,True,False
2016-10-06,NVDA,67.34,-0.013044115491719244,False,False,1.0,64.67800000000001,60.89516666666667,True,False,True,0.536659763258682,False,False,False,False
2016-10-07,AAPL,114.06,0.001492668364211136,True,False,1.0,112.76750000000001,107.88100000000001,True,False,True,0.572434476990996,True,False,True,False
2016-10-07,AMZN,839.43,-0.002649525936839092,False,False,0.0,805.1940000000001,775.4258333333332,True,False,False,0.5419071511382187,False,False,False,False
2016-10-07,BAC,16.13,-0.0055487053020961685,False,False,1.0,15.641499999999999,15.236666666666668,True,False,True,0.4899331947317008,False,False,False,False
2016-10-07,FB,128.99,0.0019418983998757966,True,False,1.0,128.5555,125.6705,True,False,True,0.572434476990996,True,False,True,False
2016-10-07,GOOG,775.08,-0.0022912751332285763,True,False,1.0,774.388,768.5745000000001,True,False,True,0.572434476990996,True,False,True,False
2016-10-07,GOOGL,800.71,-0.002951138118244767,True,False,1.0,802.332,793.24,True,False,True,0.572434476990996,True,False,True,False
2016-10-07,MSFT,57.8,0.0010391409767924742,True,False,1.0,57.3375,57.16700000000001,True,False,True,0.572434476990996,True,False,True,False
2016-10-07,NVDA,66.85,-0.007276507276507416,True,False,1.0,65.0445,61.12066666666667,True,False,True,0.5722539804755062,True,False,True,False
2016-10-10,AAPL,116.05,0.01744695774153948,True,False,1.0,113.298,108.16883333333334,True,False,True,0.607634669959278,True,False,True,False
2016-10-10,AMZN,841.71,0.0027161288016870344,False,False,0.0,808.705,777.197,True,False,False,0.5947883219761898,True,False,False,False
2016-10-10,BAC,16.3,0.010539367637941721,True,False,1.0,15.6615,15.280666666666667,True,False,True,0.6025558683757922,True,False,True,False
2016-10-10,FB,130.24,0.009690673695635255,True,False,1.0,128.63299999999998,125.89349999999999,True,False,True,0.6009930120895021,True,False,True,False
2016-10-10,GOOG,785.94,0.014011456881870332,True,False,1.0,775.234,769.6759999999999,True,False,True,0.6079213238222012,True,False,True,False
2016-10-10,GOOGL,814.17,0.016810081053065362,True,False,1.0,803.0995,794.5490000000001,True,False,True,0.6067988111774087,True,False,True,False
2016-10-10,MSFT,58.04,0.0041522491349481605,True,False,1.0,57.387,57.239333333333335,True,False,True,0.5947883219761898,True,False,True,False
2016-10-10,NVDA,67.1,0.0037397157816005944,True,False,1.0,65.362,61.36066666666667,True,False,True,0.5954251512893342,True,False,True,False
2016-10-11,AAPL,116.3,0.0021542438604049696,False,False,1.0,113.71549999999999,108.44333333333333,True,False,True,0.5134474222456185,False,False,False,False
2016-10-11,AMZN,831.0,-0.012724097373204568,True,False,1.0,812.2045,778.7791666666667,True,False,True,0.5895421689186106,True,False,True,False
2016-10-11,BAC,16.11,-0.011656441717791455,True,False,1.0,15.681000000000001,15.314,True,False,True,0.5571817987460576,True,False,True,False
2016-10-11,FB,128.88,-0.010442260442260598,True,False,1.0,128.7165,126.05199999999999,True,False,True,0.5767760836261833,True,False,True,False
2016-10-11,GOOG,783.07,-0.0036516782451586627,True,False,1.0,776.403,770.4975,True,False,True,0.578713142545467,True,False,True,False
2016-10-11,GOOGL,809.57,-0.005649925691194602,False,False,1.0,804.142,795.4885,True,False,True,0.5342529969508414,False,False,False,False
2016-10-11,MSFT,57.19,-0.014645072363887013,True,False,1.0,57.42,57.29316666666667,True,False,True,0.5947883219761898,True,False,True,False
2016-10-11,NVDA,66.13,-0.0144560357675112,True,False,1.0,65.675,61.580000000000005,True,False,True,0.5854930985760994,True,False,True,False
2016-10-12,AAPL,117.34,0.008942390369733433,True,False,1.0,113.99399999999999,108.7345,True,False,True,0.5989918730540562,True,False,True,False
2016-10-12,AMZN,834.09,0.0037184115523465344,True,False,1.0,815.8545,780.3481666666667,True,False,True,0.5947883219761898,True,False,True,False
2016-10-12,BAC,16.03,-0.00496585971446295,True,False,1.0,15.700999999999999,15.3435,True,False,True,0.5947883219761898,True,False,True,False
2016-10-12,FB,129.05,0.001319056486654313,True,False,1.0,128.78050000000002,126.19266666666667,True,False,True,0.5947883219761898,True,False,True,False
2016-10-12,GOOG,786.14,0.003920466880355411,True,False,1.0,777.5854999999999,771.3171666666666,True,False,True,0.5947883219761898,True,False,True,False
2016-10-12,GOOGL,811.77,0.0027174920019268356,True,False,1.0,805.2075,796.4611666666666,True,False,True,0.5947883219761898,True,False,True,False
2016-10-12,MSFT,57.11,-0.0013988459520895002,True,False,1.0,57.4625,57.360166666666665,True,False,True,0.5947883219761898,True,False,True,False
2016-10-12,NVDA,66.43,0.004536518977771298,True,False,1.0,65.9765,61.79516666666667,True,False,True,0.6104540475685899,True,False,True,False
2016-10-13,AAPL,116.98,-0.0030680074995739215,True,False,1.0,114.0645,109.01816666666667,True,False,True,0.5947883219761898,True,False,True,False
2016-10-13,AMZN,829.28,-0.00576676377848917,False,False,1.0,818.8340000000001,781.7408333333333,True,False,True,0.5297506787082813,False,False,False,False
2016-10-13,BAC,15.83,-0.012476606363069354,True,False,1.0,15.708999999999998,15.367333333333333,True,False,True,0.5947883219761898,True,False,True,False
2016-10-13,FB,127.82,-0.009531189461449152,True,False,1.0,128.754,126.291,True,False,True,0.5947883219761898,True,False,True,False
2016-10-13,GOOG,778.19,-0.010112702572060872,True,False,1.0,777.9069999999999,771.9338333333333,True,False,True,0.5947883219761898,True,False,True,False
2016-10-13,GOOGL,804.08,-0.009473126624536476,True,False,1.0,805.35,797.2445,True,False,True,0.5863870096479756,True,False,True,False
2016-10-13,MSFT,56.92,-0.003326912974960572,True,False,1.0,57.449,57.376999999999995,True,False,True,0.5947883219761898,True,False,True,False
2016-10-13,NVDA,65.35,-0.016257714887852104,True,False,1.0,66.1095,61.980666666666664,True,False,True,0.5947883219761898,True,False,True,False
2016-10-14,AAPL,117.63,0.005556505385535981,True,False,1.0,114.2,109.3215,True,False,True,0.5918756915966361,True,False,True,False
2016-10-14,AMZN,822.96,-0.0076210688790274705,False,False,1.0,821.0559999999999,783.0496666666667,True,False,True,0.4757827215965216,False,False,False,False
2016-10-14,BAC,16.0,0.01073910296904601,True,False,1.0,15.7345,15.396166666666666,True,False,True,0.5964529062128198,True,False,True,False
2016-10-14,FB,127.88,0.0004694101079643076,True,False,1.0,128.6945,126.41216666666668,True,False,True,0.5828396553547732,True,False,True,False
2016-10-14,GOOG,778.53,0.00043691129415690533,True,False,1.0,778.3895,772.5988333333333,True,False,True,0.5884104546801141,True,False,True,False
2016-10-14,GOOGL,804.6,0.0006467018207143571,True,False,1.0,805.6814999999999,798.081,True,False,True,0.5947883219761898,True,False,True,False
2016-10-14,MSFT,57.42,0.008784258608573348,True,False,1.0,57.457499999999996,57.404,True,False,True,0.5804719329172802,True,False,True,False
2016-10-14,NVDA,65.99,0.009793420045906664,True,False,1.0,66.267,62.1935,True,False,True,0.5888600095389496,True,False,True,False
2016-10-17,AAPL,117.55,-0.0006800986142990739,True,False,1.0,114.39850000000001,109.63633333333333,True,False,True,0.5947883219761898,True,False,True,False
2016-10-17,AMZN,812.95,-0.012163410129289343,False,False,1.0,822.9485000000001,784.1845,True,False,True,0.48369019022331805,False,False,False,False
2016-10-17,BAC,16.05,0.0031250000000000444,True,False,1.0,15.757499999999999,15.424,True,False,True,0.5757388168302682,True,False,True,False
2016-10-17,FB,127.54,-0.0026587425711603885,True,False,1.0,128.63899999999998,126.52116666666667,True,False,True,0.5646420831838738,True,False,True,False
2016-10-17,GOOG,779.96,0.0018367949854212196,True,False,1.0,779.1025,773.2191666666666,True,False,True,0.5974995742652622,True,False,True,False
2016-10-17,GOOGL,806.84,0.0027839920457370937,True,False,1.0,806.254,798.8736666666667,True,False,True,0.5947883219761898,True,False,True,False
2016-10-17,MSFT,57.22,-0.0034831069313828733,True,False,1.0,57.472,57.414833333333334,True,False,True,0.5947883219761898,True,False,True,False
2016-10-17,NVDA,65.61,-0.0057584482497347045,True,False,1.0,66.364,62.37583333333334,True,False,True,0.5662333147582079,True,False,True,False
2016-10-18,AAPL,117.47,-0.0006805614632071633,True,False,1.0,114.59349999999999,109.97183333333332,True,False,True,0.5947883219761898,True,False,True,False
2016-10-18,AMZN,817.65,0.005781413371055866,False,False,1.0,824.82,785.4851666666667,True,False,True,0.5294145738553304,False,False,False,False
2016-10-18,BAC,16.26,0.013084112149532867,True,False,1.0,15.7905,15.455499999999999,True,False,True,0.5997231314947409,True,False,True,False
2016-10-18,FB,128.57,0.00807589775756612,True,False,1.0,128.6355,126.63683333333333,True,False,True,0.599117140993484,True,False,True,False
2016-10-18,GOOG,795.26,0.019616390584132448,True,False,1.0,780.295,774.144,True,False,True,0.6108920804479987,True,False,True,False
2016-10-18,GOOGL,821.49,0.01815725546576763,True,False,1.0,807.3395,799.9398333333334,True,False,True,0.5918433531245825,True,False,True,False
2016-10-18,MSFT,57.66,0.007689619014330518,True,False,1.0,57.5145,57.43033333333334,True,False,True,0.5978074036700417,True,False,True,False
2016-10-18,NVDA,66.61,0.015241579027587271,True,False,1.0,66.53999999999999,62.558,True,False,True,0.5995251148879511,True,False,True,False
2016-10-19,AAPL,117.12,-0.0029794841236059355,True,False,1.0,114.77199999999998,110.31266666666667,True,False,True,0.5947883219761898,True,False,True,False
2016-10-19,AMZN,817.69,4.892068733575172e-05,False,False,1.0,826.2175,786.8534999999999,True,False,True,0.5368882127175477,False,False,False,False
2016-10-19,BAC,16.47,0.012915129151291449,True,False,1.0,15.8315,15.487833333333333,True,False,True,0.5733252995367873,True,False,True,False
2016-10-19,FB,130.11,0.011977910865676344,True,False,1.0,128.644,126.78500000000001,True,False,True,0.6046548268813245,True,False,True,False
2016-10-19,GOOG,801.56,0.007921937479566266,True,False,1.0,781.562,775.1963333333333,True,False,True,0.5851334979349118,True,False,True,False
2016-10-19,GOOGL,827.09,0.006816881520164575,True,False,1.0,808.4425,801.0971666666666,True,False,True,0.6083882839799614,True,False,True,False
2016-10-19,MSFT,57.53,-0.002254595907041246,True,False,1.0,57.503,57.44316666666666,True,False,True,0.5873101242399554,True,False,True,False
2016-10-19,NVDA,66.47,-0.0021017865185407603,True,False,1.0,66.6205,62.722,True,False,True,0.5947883219761898,True,False,True,False
2016-10-20,AAPL,117.06,-0.0005122950819672623,True,False,1.0,114.894,110.54783333333333,True,False,True,0.5947883219761898,True,False,True,False
2016-10-20,AMZN,810.32,-0.009013195709865585,False,False,1.0,826.4984999999999,788.081,True,False,True,0.5020137261704078,False,False,False,False
2016-10-20,BAC,16.56,0.005464480874316946,True,False,1.0,15.879500000000002,15.520000000000001,True,False,True,0.5658702585017727,True,False,True,False
2016-10-20,FB,130.0,-0.0008454384751365174,True,False,1.0,128.64000000000001,126.896,True,False,True,0.5947883219761898,True,False,True,False
2016-10-20,GOOG,796.97,-0.005726333649383575,True,False,1.0,782.05,776.1163333333333,True,False,True,0.5947883219761898,True,False,True,False
2016-10-20,GOOGL,821.63,-0.006601458124267046,True,False,1.0,808.7265,802.0915000000001,True,False,True,0.5947883219761898,True,False,True,False
2016-10-20,MSFT,57.25,-0.004867025899530697,False,False,1.0,57.4745,57.46083333333333,True,False,True,0.5342883689580493,False,False,False,False
2016-10-20,NVDA,67.73,0.018955919963893564,True,False,1.0,66.756,62.916500000000006,True,False,True,0.5779463981150205,True,False,True,False
2016-10-21,AAPL,116.6,-0.0039296087476508035,True,False,1.0,115.0885,110.75216666666665,True,False,True,0.5947883219761898,True,False,True,False
2016-10-21,AMZN,818.99,0.010699476749925996,False,False,1.0,827.1605,789.1873333333333,True,False,True,0.5430636544467482,False,False,False,False
2016-10-21,BAC,16.67,0.0066425120772948265,True,False,1.0,15.937000000000001,15.553166666666668,True,False,True,0.5977574020964181,True,False,True,False
2016-10-21,FB,132.07,0.01592307692307693,True,False,1.0,128.8455,127.01383333333334,True,False,True,0.5663276233548235,True,False,True,False
2016-10-21,GOOG,799.37,0.003011405699085312,True,False,1.0,782.6735,777.0073333333333,True,False,True,0.5947883219761898,True,False,True,False
2016-10-21,GOOGL,824.06,0.0029575356303932487,True,False,1.0,809.1815,803.0618333333333,True,False,True,0.5976069585300664,True,False,True,False
2016-10-21,MSFT,59.66,0.04209606986899561,True,False,1.0,57.586,57.51833333333334,True,False,True,0.6938182360803286,True,False,True,False
2016-10-21,NVDA,67.54,-0.002805256164181258,True,False,1.0,66.88550000000001,63.10583333333333,True,False,True,0.5960115616818479,True,False,True,False
2016-10-24,AAPL,117.65,0.009005145797598813,True,False,1.0,115.32700000000003,110.97616666666667,True,False,True,0.5994588889598546,True,False,True,False
2016-10-24,AMZN,838.09,0.02332140807580063,True,False,1.0,829.107,790.5086666666667,True,False,True,0.5885334737065897,True,False,True,False
2016-10-24,BAC,16.77,0.005998800239951807,True,False,1.0,16.021,15.591166666666668,True,False,True,0.5968033175586013,True,False,True,False
2016-10-24,FB,133.28,0.009161808132051252,False,False,1.0,129.144,127.1695,True,False,True,0.5334809774237788,False,False,False,False
2016-10-24,GOOG,813.11,0.017188535972078034,False,False,1.0,784.6185,777.746,True,False,False,0.6264636641552971,True,False,False,False
2016-10-24,GOOGL,835.74,0.014173725214183586,True,False,1.0,810.836,803.8018333333333,True,False,True,0.6372300214060929,True,False,True,False
2016-10-24,MSFT,61.0,0.02246061012403633,False,False,1.0,57.79100000000001,57.590333333333334,True,False,False,0.5729294161074414,True,False,False,False
2016-10-24,NVDA,70.71,0.04693514954101263,False,False,1.0,67.204,63.33266666666667,True,False,False,0.5910808511269531,True,False,False,False
2016-10-25,AAPL,118.25,0.0050998725031874415,True,False,1.0,115.58500000000001,111.1795,True,False,True,0.5645118669023047,True,False,True,False
2016-10-25,AMZN,835.18,-0.003472180792039148,False,False,1.0,830.0604999999999,791.6326666666666,True,False,True,0.4781374394428971,False,False,False,False
2016-10-25,BAC,16.72,-0.0029815146094216427,True,False,1.0,16.092499999999998,15.631,True,False,True,0.5947883219761898,True,False,True,False
2016-10-25,FB,132.29,-0.007427971188475491,True,False,1.0,129.324,127.3025,True,False,True,0.5945852781720995,True,False,True,False
2016-10-25,GOOG,807.67,-0.006690361697679337,True,False,1.0,785.8515,778.3258333333334,True,False,True,0.5947883219761898,True,False,True,False
2016-10-25,GOOGL,828.55,-0.008603154090985332,True,False,1.0,811.727,804.2620000000001,True,False,True,0.5947883219761898,True,False,True,False
2016-10-25,MSFT,60.99,-0.00016393442622952836,False,False,1.0,57.943000000000005,57.66383333333333,True,False,False,0.5464927054409938,False,False,False,False
2016-10-25,NVDA,71.87,0.016405034648564687,False,False,1.0,67.47049999999999,63.585,True,False,False,0.546006512000977,False,False,False,False
2016-10-26,AAPL,115.59,-0.022494714587737774,False,False,1.0,115.66699999999999,111.36466666666666,True,False,True,0.5294842838507638,False,False,False,False
2016-10-26,AMZN,822.59,-0.015074594698148758,False,False,1.0,829.7539999999999,792.6661666666666,True,False,True,0.4968628042426478,False,False,False,False
2016-10-26,BAC,16.87,0.008971291866028741,False,False,1.0,16.166999999999998,15.676666666666668,True,False,False,0.5947883219761898,True,False,False,False
2016-10-26,FB,131.04,-0.009448937939375623,True,False,1.0,129.4145,127.43499999999999,True,False,True,0.5834334636056081,True,False,True,False
2016-10-26,GOOG,799.07,-0.010647913132838749,True,False,1.0,786.7270000000001,778.7925,True,False,True,0.5947883219761898,True,False,True,False
2016-10-26,GOOGL,822.1,-0.007784684086657334,True,False,1.0,812.329,804.6283333333333,True,False,True,0.5947883219761898,True,False,True,False
2016-10-26,MSFT,60.63,-0.005902606984751535,True,False,1.0,58.073,57.73133333333333,True,False,True,0.5857816489667633,True,False,True,False
2016-10-26,NVDA,72.16,0.004035063308751807,False,False,1.0,67.73949999999999,63.85366666666666,True,False,False,0.5511846696569044,True,False,False,False
2016-10-27,AAPL,114.48,-0.009602906825849966,True,False,1.0,115.782,111.50949999999999,True,False,True,0.5947883219761898,True,False,True,False
2016-10-27,AMZN,818.36,-0.005142294460180663,False,False,1.0,829.2194999999999,793.7281666666667,True,False,True,0.5174752460288424,False,False,False,False
2016-10-27,BAC,16.91,0.002371072910491989,False,False,1.0,16.2545,15.717166666666666,True,False,False,0.5383848543062236,False,False,False,False
2016-10-27,FB,129.69,-0.010302197802197766,True,False,1.0,129.49450000000002,127.55466666666666,True,False,True,0.5919309229163076,True,False,True,False
2016-10-27,GOOG,795.35,-0.00465541191635277,False,False,1.0,787.744,779.162,True,False,True,0.48252960010970175,False,False,False,False
2016-10-27,GOOGL,817.35,-0.0057778859019583795,False,False,1.0,813.0645000000001,804.9354999999999,True,False,True,0.49379942790729614,False,False,False,False
2016-10-27,MSFT,60.1,-0.008741547088899848,True,False,1.0,58.20799999999999,57.783500000000004,True,False,True,0.5694035506765944,True,False,True,False
2016-10-27,NVDA,70.68,-0.020509977827050885,False,False,1.0,67.90350000000001,64.09516666666667,True,False,True,0.5353608934805587,False,False,False,False
2016-10-28,AAPL,113.72,-0.00663871418588402,True,False,1.0,115.8155,111.64033333333333,True,False,True,0.5947883219761898,True,False,True,False
2016-10-28,AMZN,776.32,-0.051371034752431655,True,False,1.0,826.1700000000001,793.9873333333333,True,False,True,0.563741354129044,True,False,True,False
2016-10-28,BAC,16.68,-0.013601419278533422,False,False,1.0,16.306,15.753833333333334,True,False,True,0.4867616516577663,False,False,False,False
2016-10-28,FB,131.29,0.012337111573752724,True,False,1.0,129.64550000000003,127.67016666666667,True,False,True,0.556586696216754,True,False,True,False
2016-10-28,GOOG,795.37,2.5146162067057887e-05,False,False,1.0,788.6479999999999,779.5580000000001,True,False,True,0.48043752547276286,False,False,False,False
2016-10-28,GOOGL,819.56,0.00270386003548051,False,False,1.0,813.8395,805.3073333333334,True,False,True,0.4861554655546369,False,False,False,False
2016-10-28,MSFT,59.87,-0.0038269550748752934,True,False,1.0,58.3215,57.82483333333333,True,False,True,0.5719355712579217,True,False,True,False
2016-10-28,NVDA,70.56,-0.001697792869269965,True,False,1.0,68.00550000000001,64.31733333333334,True,False,True,0.6013313662102602,True,False,True,False
2016-10-31,AAPL,113.54,-0.0015828350334153862,True,False,1.0,115.8665,111.74133333333334,True,False,True,0.5640643269610031,True,False,True,False
2016-10-31,AMZN,789.82,0.017389736191261385,True,False,1.0,823.824,794.3846666666667,True,False,True,0.6426062857102808,True,False,True,False
2016-10-31,BAC,16.5,-0.010791366906474753,True,False,1.0,16.3495,15.778,True,False,True,0.5863390706469825,True,False,True,False
2016-10-31,FB,130.99,-0.002285017899306796,True,False,1.0,129.75650000000002,127.7675,True,False,True,0.5821245960965271,True,False,True,False
2016-10-31,GOOG,784.54,-0.013616304361492193,False,False,1.0,789.2470000000001,779.5966666666667,True,False,True,0.5470128682217318,False,False,False,False
2016-10-31,GOOGL,809.9,-0.011786812435941152,True,False,1.0,814.3154999999999,805.3568333333334,True,False,True,0.5569640325834644,True,False,True,False
2016-10-31,MSFT,59.92,0.0008351428094204305,True,False,1.0,58.4465,57.857499999999995,True,False,True,0.5950463402812106,True,False,True,False
2016-10-31,NVDA,71.16,0.00850340136054406,True,False,1.0,68.141,64.53333333333333,True,False,True,0.5947883219761898,True,False,True,False
2016-11-01,AAPL,111.49,-0.018055310903646427,True,False,1.0,115.79099999999998,111.79333333333332,True,False,True,0.565369370505274,True,False,True,False
2016-11-01,AMZN,785.41,-0.005583550682434102,True,False,1.0,821.393,794.6988333333334,True,False,True,0.5536447478815736,True,False,True,False
2016-11-01,BAC,16.61,0.006666666666666599,True,False,1.0,16.389999999999997,15.802666666666669,True,False,True,0.6073388441054154,True,False,True,False
2016-11-01,FB,129.5,-0.011374914115581447,False,False,1.0,129.822,127.83816666666667,True,False,True,0.5340787017430345,False,False,False,False
2016-11-01,GOOG,783.61,-0.0011854080097890574,False,False,1.0,789.606,779.6275,True,False,True,0.5495433798228908,False,False,False,False
2016-11-01,GOOGL,805.48,-0.005457463884430136,False,False,1.0,814.45,805.361,True,False,True,0.5194606535587388,False,False,False,False
2016-11-01,MSFT,59.8,-0.0020026702269693164,True,False,1.0,58.5745,57.8865,True,False,True,0.5947883219761898,True,False,True,False
2016-11-01,NVDA,69.05,-0.02965148960089936,False,False,1.0,68.1785,64.70516666666667,True,False,True,0.5002931779121667,False,False,False,False
2016-11-02,AAPL,111.59,0.0008969414297246292,True,False,1.0,115.718,111.83966666666667,True,False,True,0.5666737694613829,True,False,True,False
2016-11-02,AMZN,765.56,-0.025273424071504125,True,False,1.0,817.453,794.653,True,False,True,0.5569311372151258,True,False,True,False
2016-11-02,BAC,16.48,-0.007826610475617057,False,False,1.0,16.408499999999997,15.824166666666665,True,False,True,0.5204683066681658,False,False,False,False
2016-11-02,FB,127.17,-0.017992277992277983,False,False,1.0,129.757,127.87333333333332,True,False,True,0.5496409636157725,False,False,False,False
2016-11-02,GOOG,768.7,-0.019027322264902113,False,False,1.0,789.2175,779.3681666666666,True,False,True,0.5309193835149609,False,False,False,False
2016-11-02,GOOGL,788.42,-0.02117991756468196,False,False,1.0,813.8095,805.0433333333333,True,False,True,0.520365974657741,False,False,False,False
2016-11-02,MSFT,59.43,-0.0061872909698996725,True,False,1.0,58.66400000000001,57.907000000000004,True,False,True,0.5947883219761898,True,False,True,False
2016-11-02,NVDA,68.76,-0.004199855177407508,True,False,1.0,68.20500000000001,64.86966666666666,True,False,True,0.568311202925153,True,False,True,False
2016-11-03,AAPL,109.83,-0.015772022582668743,True,False,1.0,115.51500000000001,111.87016666666666,True,False,True,0.5947883219761898,True,False,True,False
2016-11-03,AMZN,767.03,0.0019201630179215279,True,False,1.0,813.7215,794.6275,True,False,True,0.5902918635822121,True,False,True,False
2016-11-03,BAC,16.48,0.0,True,False,1.0,16.4215,15.852,True,False,True,0.5885988931354601,True,False,True,False
2016-11-03,FB,120.0,-0.056381221986317565,False,True,0.0,129.32,127.792,True,False,True,0.44152779335693443,False,True,False,True
2016-11-03,GOOG,762.13,-0.008546897359177907,True,False,1.0,788.481,778.9923333333332,True,False,True,0.5575579808949565,True,False,True,False
2016-11-03,GOOGL,782.19,-0.007901879708784532,True,False,1.0,812.765,804.605,True,False,True,0.5829653501197242,True,False,True,False
2016-11-03,MSFT,59.21,-0.003701834090526601,True,False,1.0,58.7375,57.926833333333335,True,False,True,0.5924665921282181,True,False,True,False
2016-11-03,NVDA,67.96,-0.011634671320535306,True,False,1.0,68.236,65.02716666666667,True,False,True,0.5947883219761898,True,False,True,False
2016-11-04,AAPL,108.84,-0.009013930620049071,True,False,1.0,115.25399999999999,111.88533333333334,True,False,True,0.5947883219761898,True,False,True,False
2016-11-04,AMZN,755.05,-0.015618685057950832,True,False,1.0,809.5024999999999,794.3576666666667,True,False,True,0.6075704371992214,True,False,True,False
2016-11-04,BAC,16.55,0.0042475728155340065,True,False,1.0,16.442500000000003,15.879833333333334,True,False,True,0.5979410450882949,True,False,True,False
2016-11-04,FB,120.75,0.006250000000000089,True,False,1.0,128.908,127.72283333333333,True,False,True,0.5716650268431107,True,False,True,False
2016-11-04,GOOG,762.02,-0.000144332331754482,True,False,1.0,787.828,778.6118333333333,True,False,True,0.5759674479698893,True,False,True,False
2016-11-04,GOOGL,781.1,-0.0013935233127501112,True,False,1.0,811.7845,804.1533333333333,True,False,True,0.5832795308505613,True,False,True,False
2016-11-04,MSFT,58.71,-0.008444519506840109,True,False,1.0,58.782999999999994,57.93366666666667,True,False,True,0.5947883219761898,True,False,True,False
2016-11-04,NVDA,67.57,-0.005738669805768093,True,False,1.0,68.272,65.15833333333333,True,False,True,0.5823266780406273,True,False,True,False
2016-11-07,AAPL,110.41,0.014424843807423704,False,False,1.0,114.97200000000001,111.9225,True,False,True,0.5302950709139252,False,False,False,False
2016-11-07,AMZN,784.93,0.03957353817627962,True,False,1.0,806.6635,794.5638333333334,True,False,True,0.6765573698820927,True,False,True,False
2016-11-07,BAC,17.01,0.02779456193353469,True,False,1.0,16.478,15.914833333333332,True,False,True,0.632021001439805,True,False,True,False
2016-11-07,FB,122.15,0.011594202898550732,False,False,1.0,128.5035,127.67733333333332,True,False,True,0.5425270884786759,False,False,False,False
2016-11-07,GOOG,782.52,0.02690218104511688,True,False,1.0,787.6569999999999,778.6001666666666,True,False,True,0.605880267989787,True,False,True,False
2016-11-07,GOOGL,802.03,0.026795544744590893,True,False,1.0,811.1775,804.0696666666666,True,False,True,0.6182569779699028,True,False,True,False
2016-11-07,MSFT,60.42,0.029126213592232997,True,False,1.0,58.902,57.975,True,False,True,0.6280414441875446,True,False,True,False
2016-11-07,NVDA,71.27,0.054758028710966355,True,False,1.0,68.48049999999999,65.2955,True,False,True,0.7468678245638205,True,False,True,False
2016-11-08,AAPL,111.06,0.005887147903269607,True,False,1.0,114.71,111.94883333333334,True,False,True,0.5737840839094083,True,False,True,False
2016-11-08,AMZN,787.75,0.0035926770540049002,False,False,1.0,804.501,794.8848333333334,True,False,True,0.506666041066633,False,False,False,False
2016-11-08,BAC,17.0,-0.0005878894767784582,False,False,1.0,16.5225,15.947833333333334,True,False,True,0.5334087574521508,False,False,False,False
2016-11-08,FB,124.22,0.01694637740482996,True,False,1.0,128.2705,127.68266666666666,True,False,True,0.5633628512795075,True,False,True,False
2016-11-08,GOOG,790.51,0.010210601645964434,True,False,1.0,788.029,778.7346666666667,True,False,True,0.5760815827040926,True,False,True,False
2016-11-08,GOOGL,811.98,0.012406019724948036,False,False,1.0,811.298,804.17,True,False,True,0.5456675938442049,False,False,False,False
2016-11-08,MSFT,60.47,0.0008275405494868604,True,False,1.0,59.065999999999995,58.01416666666667,True,False,True,0.5947883219761898,True,False,True,False
2016-11-08,NVDA,71.16,-0.0015434264066227499,False,False,1.0,68.732,65.43183333333333,True,False,True,0.48715283090622785,False,False,False,False
2016-11-09,AAPL,110.88,-0.0016207455429497752,True,False,1.0,114.38700000000001,111.97383333333332,True,False,True,0.5757075612447846,True,False,True,False
2016-11-09,AMZN,771.88,-0.020145985401459843,True,False,1.0,801.3905,795.0155,True,False,True,0.5701559288490463,True,False,True,False
2016-11-09,BAC,17.97,0.057058823529411606,False,False,1.0,16.6195,15.994499999999999,True,False,False,0.715071261652227,True,False,False,False
2016-11-09,FB,123.18,-0.008372242795041007,True,False,1.0,127.977,127.68066666666667,True,False,True,0.583449185448324,True,False,True,False
2016-11-09,GOOG,785.31,-0.00657803190345474,False,False,1.0,787.9875,778.8708333333333,True,False,True,0.504571295046411,False,False,False,False
2016-11-09,GOOGL,805.59,-0.00786965196187095,False,False,1.0,810.989,804.2433333333333,True,False,True,0.5122908941175162,False,False,False,False
2016-11-09,MSFT,60.17,-0.004961137754258216,False,False,1.0,59.218999999999994,58.059666666666665,True,False,True,0.5216042793542601,False,False,False,False
2016-11-09,NVDA,69.96,-0.016863406408094472,True,False,1.0,68.90849999999999,65.5545,True,False,True,0.5660870804555892,True,False,True,False
2016-11-10,AAPL,107.79,-0.02786796536796532,False,False,1.0,113.92750000000001,111.95,True,False,True,0.5485257442080396,False,False,False,False
2016-11-10,AMZN,742.38,-0.03821837591335442,True,False,1.0,797.0455,794.6446666666667,True,False,True,0.5822790466823223,True,False,True,False
2016-11-10,BAC,18.76,0.04396215915414592,False,False,1.0,16.766000000000002,16.05466666666667,True,False,False,0.6414541990512945,True,False,False,False
2016-11-10,FB,120.8,-0.019321318395843612,True,False,1.0,127.626,127.62116666666667,True,False,True,0.5787683868102499,True,False,True,False
2016-11-10,GOOG,762.56,-0.028969451554163306,True,False,1.0,787.206,778.5816666666667,True,False,True,0.5723224937427733,True,False,True,False
2016-11-10,GOOGL,780.29,-0.031405553693566235,True,False,1.0,809.7995,803.8245000000001,True,False,True,0.5792842703644339,True,False,True,False
2016-11-10,MSFT,58.7,-0.024430779458201712,True,False,1.0,59.30799999999999,58.07866666666666,True,False,True,0.5640984206612278,True,False,True,False
2016-11-10,NVDA,67.77,-0.03130360205831906,False,False,1.0,69.0295,65.66483333333333,True,False,True,0.5438875206244452,False,False,False,False
2016-11-11,AAPL,108.43,0.00593747100844233,True,False,1.0,113.4675,111.93916666666665,True,False,True,0.5818587564818144,True,False,True,False
2016-11-11,AMZN,739.01,-0.004539454187882264,False,True,0.0,792.8480000000001,794.2204999999999,False,True,True,0.5984992855275828,True,False,False,True
2016-11-11,BAC,19.02,0.013859275053304865,False,False,1.0,16.917,16.119,True,False,False,0.5442129413222306,False,False,False,False
2016-11-11,FB,119.02,-0.014735099337748303,False,True,0.0,127.18299999999999,127.53966666666666,False,True,True,0.5820581135573386,True,False,False,True
2016-11-11,GOOG,754.02,-0.011199118757868165,True,False,1.0,785.9804999999999,778.1903333333333,True,False,True,0.5766854797032187,True,False,True,False
2016-11-11,GOOGL,771.75,-0.010944648784426247,True,False,1.0,808.1569999999999,803.3078333333334,True,False,True,0.5917271562692535,True,False,True,False
2016-11-11,MSFT,59.02,0.00545144804088582,True,False,1.0,59.388,58.102333333333334,True,False,True,0.5945490318309843,True,False,True,False
2016-11-11,NVDA,87.97,0.298066991294083,False,False,1.0,70.1285,66.09599999999999,True,False,False,0.4971476559308421,False,False,False,False
2016-11-14,AAPL,105.71,-0.025085308493959402,False,False,1.0,112.87549999999999,111.87833333333333,True,False,True,0.5321229779824882,False,False,False,False
2016-11-14,AMZN,719.07,-0.026982043544742207,False,True,0.0,788.154,793.5831666666667,False,True,True,0.5657453075515758,True,False,False,True
2016-11-14,BAC,20.08,0.055730809674027215,False,False,1.0,17.1185,16.2,True,False,False,0.6590597183110581,True,False,False,False
2016-11-14,FB,115.08,-0.03310368005377251,False,True,0.0,126.55999999999999,127.39833333333333,False,True,True,0.5042379513696825,False,False,False,True
2016-11-14,GOOG,736.08,-0.023792472348213467,True,False,1.0,783.7864999999999,777.5346666666667,True,False,True,0.579846652478743,True,False,True,False
2016-11-14,GOOGL,753.22,-0.02401036605118234,True,False,1.0,805.476,802.534,True,False,True,0.5696695253638332,True,False,True,False
2016-11-14,MSFT,58.12,-0.015249068112504371,True,False,1.0,59.43300000000001,58.110666666666674,True,False,True,0.5900235000406335,True,False,True,False
2016-11-14,NVDA,83.64,-0.04922132545185853,True,False,1.0,71.03,66.45233333333334,True,False,True,0.6555858535352962,True,False,True,False
2016-11-15,AAPL,107.11,0.013243780153249451,False,False,1.0,112.3575,111.855,True,False,True,0.5262022067260405,False,False,False,False
2016-11-15,AMZN,743.24,0.03361286105664263,False,True,0.0,784.4335,793.3125,False,True,True,0.6636502508816665,True,False,False,True
2016-11-15,BAC,20.16,0.003984063745019917,False,False,1.0,17.3135,16.283,True,False,False,0.5783892810528716,True,False,False,False
2016-11-15,FB,117.2,0.018421967327076905,False,True,0.0,125.9915,127.2825,False,True,True,0.5643277729050825,True,False,False,True
2016-11-15,GOOG,758.49,0.030445060319530537,True,False,1.0,781.948,777.307,True,False,True,0.6453444879724075,True,False,True,False
2016-11-15,GOOGL,775.16,0.029128275935317527,True,False,1.0,803.1595,802.1708333333333,True,False,True,0.642493618337099,True,False,True,False
2016-11-15,MSFT,58.87,0.012904335856847915,True,False,1.0,59.4935,58.13066666666667,True,False,True,0.5663799112390696,True,False,True,False
2016-11-15,NVDA,86.19,0.030487804878048808,False,False,1.0,72.009,66.84683333333334,True,False,False,0.6650305994196695,True,False,False,False
2016-11-16,AAPL,109.99,0.026888245728690086,True,False,1.0,112.00100000000002,111.87400000000001,True,False,True,0.6594000878174886,True,False,True,False
2016-11-16,AMZN,746.49,0.004372746353802359,False,True,0.0,780.8734999999999,793.0465,False,True,True,0.508270222211475,False,False,False,True
2016-11-16,BAC,19.75,-0.020337301587301626,False,False,1.0,17.4775,16.356333333333332,True,False,False,0.5425172058268422,False,False,False,False
2016-11-16,FB,116.34,-0.0073378839590443334,False,True,0.0,125.30300000000003,127.14866666666667,False,True,True,0.5851191401209394,True,False,False,True
2016-11-16,GOOG,764.48,0.007897269575076749,False,False,1.0,780.094,777.1803333333334,True,False,True,0.5339305018692183,False,False,False,False
2016-11-16,GOOGL,779.98,0.0062180711079002915,False,True,0.0,800.804,801.894,False,True,True,0.5238271653472586,False,False,False,True
2016-11-16,MSFT,59.65,0.013249532869033409,True,False,1.0,59.5995,58.160000000000004,True,False,True,0.5850382689228152,True,False,True,False
2016-11-16,NVDA,91.63,0.06311637080867838,False,False,1.0,73.267,67.32549999999999,True,False,False,0.7235269119304679,True,False,False,False
2016-11-17,AAPL,109.95,-0.0003636694244930627,False,True,0.0,111.6455,111.90599999999999,False,True,True,0.584222847856357,True,False,False,True
2016-11-17,AMZN,756.4,0.013275462497823076,False,True,0.0,778.1775,793.0323333333333,False,True,True,0.5816168669672114,True,False,False,True
2016-11-17,BAC,20.08,0.016708860759493627,False,False,1.0,17.6535,16.43433333333333,True,False,False,0.5608213560275133,True,False,False,False
2016-11-17,FB,117.79,0.012463469142169448,False,True,0.0,124.69250000000002,127.05383333333333,False,True,True,0.5383822553118103,False,False,False,True
2016-11-17,GOOG,771.23,0.008829531184596062,True,False,1.0,778.807,777.2068333333333,True,False,True,0.599590520820766,True,False,True,False
2016-11-17,GOOGL,786.16,0.0079232800841047,False,True,0.0,799.0305000000001,801.7700000000001,False,True,True,0.5947883219761898,True,False,False,True
2016-11-17,MSFT,60.64,0.01659681475272423,True,False,1.0,59.76899999999999,58.20483333333333,True,False,True,0.5975142904373505,True,False,True,False
2016-11-17,NVDA,92.39,0.008294226781621727,False,False,1.0,74.5,67.833,True,False,False,0.7872049715327759,True,False,False,False
2016-11-18,AAPL,110.06,0.0010004547521600404,False,True,0.0,111.3185,111.9475,False,True,True,0.5827313868833219,True,False,False,True
2016-11-18,AMZN,760.16,0.004970914859862452,False,True,0.0,775.236,793.048,False,True,True,0.5971149888577807,True,False,False,True
2016-11-18,BAC,20.0,-0.003984063745019806,False,False,1.0,17.82,16.50883333333333,True,False,False,0.5891055397158271,True,False,False,False
2016-11-18,FB,117.02,-0.006537057475167751,False,True,0.0,123.94000000000001,126.93933333333334,False,True,True,0.5947883219761898,True,False,False,True
2016-11-18,GOOG,760.54,-0.013860975325130087,False,True,0.0,776.8655000000001,777.059,False,True,True,0.5593029401135098,True,False,False,True
2016-11-18,GOOGL,775.97,-0.01296173806858647,False,True,0.0,796.626,801.5145,False,True,True,0.5698414812000688,True,False,False,True
2016-11-18,MSFT,60.35,-0.004782321899736153,True,False,1.0,59.8035,58.241166666666665,True,False,True,0.5913121942523842,True,False,True,False
2016-11-18,NVDA,93.36,0.010498971750189323,False,False,1.0,75.791,68.3635,True,False,False,0.6300343074548863,True,False,False,False
2016-11-21,AAPL,111.73,0.015173541704524895,False,True,0.0,111.0225,112.02733333333335,False,True,True,0.602622459069442,True,False,False,True
2016-11-21,AMZN,780.0,0.026099768469795892,False,True,0.0,772.3315,793.2313333333333,False,True,True,0.609323546449974,True,False,False,True
2016-11-21,BAC,20.33,0.01649999999999996,False,False,1.0,17.997999999999998,16.584500000000002,True,False,False,0.6732395013514668,True,False,False,False
2016-11-21,FB,121.77,0.0405913519056571,False,True,0.0,123.36449999999999,126.88616666666667,False,True,True,0.5648122101864527,True,False,False,True
2016-11-21,GOOG,769.2,0.011386646330239225,False,True,0.0,774.67,777.0533333333334,False,True,True,0.5962208475467323,True,False,False,True
2016-11-21,GOOGL,784.8,0.011379305901001224,False,True,0.0,794.079,801.3741666666666,False,True,True,0.5958987095629893,True,False,False,True
2016-11-21,MSFT,60.86,0.008450704225352101,True,False,1.0,59.796499999999995,58.288333333333334,True,False,True,0.5947883219761898,True,False,True,False
2016-11-21,NVDA,92.98,-0.00407026563838897,False,False,1.0,76.9045,68.87933333333334,True,False,False,0.6151810322961206,True,False,False,False
2016-11-22,AAPL,111.8,0.0006265103374205605,False,True,0.0,110.7,112.11033333333333,False,True,True,0.5985616207594082,True,False,False,True
2016-11-22,AMZN,785.33,0.006833333333333469,False,True,0.0,769.8389999999999,793.4653333333333,False,True,True,0.6021401635931453,True,False,False,True
2016-11-22,BAC,20.3,-0.0014756517461878005,False,False,1.0,18.177,16.658833333333334,True,False,False,0.6030615392270464,True,False,False,False
2016-11-22,FB,121.47,-0.002463661000246309,False,True,0.0,122.8235,126.80166666666668,False,True,True,0.5825742458460924,True,False,False,True
2016-11-22,GOOG,768.27,-0.0012090483619345838,False,True,0.0,772.7,776.9886666666666,False,True,True,0.5862139410797943,True,False,False,True
2016-11-22,GOOGL,785.0,0.00025484199796133034,False,True,0.0,791.9015,801.1938333333333,False,True,True,0.5847636620592176,True,False,False,True
2016-11-22,MSFT,61.12,0.0042720999014129735,True,False,1.0,59.803,58.33866666666666,True,False,True,0.598143874182776,True,False,True,False
2016-11-22,NVDA,93.65,0.007205850720584994,False,False,1.0,77.99350000000001,69.407,True,False,False,0.6053376138434821,True,False,False,False
2016-11-23,AAPL,111.23,-0.005098389982110874,False,True,0.0,110.48200000000001,112.19749999999999,False,True,True,0.5789258400914331,True,False,False,True
2016-11-23,AMZN,780.12,-0.0066341537952199214,False,True,0.0,767.7155,793.6743333333335,False,True,True,0.563638005742512,True,False,False,True
2016-11-23,BAC,20.56,0.012807881773398977,False,False,1.0,18.3615,16.731666666666666,True,False,False,0.6297321228485359,True,False,False,False
2016-11-23,FB,120.84,-0.005186465794023154,False,True,0.0,122.3135,126.71833333333333,False,True,True,0.5760959050952794,True,False,False,True
2016-11-23,GOOG,760.99,-0.009475835318312531,False,True,0.0,770.796,776.8536666666666,False,True,True,0.5823502315297532,True,False,False,True
2016-11-23,GOOGL,779.0,-0.007643312101910826,False,True,0.0,789.7465,800.9784999999999,False,True,True,0.5668596253637537,True,False,False,True
2016-11-23,MSFT,60.4,-0.011780104712041828,True,False,1.0,59.7915,58.3805,True,False,True,0.5676037945443797,True,False,True,False
2016-11-23,NVDA,93.97,0.0034169781099839813,False,False,1.0,79.084,69.946,True,False,False,0.6066470983110179,True,False,False,False
2016-11-25,AAPL,111.79,0.005034612964128327,False,True,0.0,110.34750000000001,112.29233333333333,False,True,True,0.5842869628248822,True,False,False,True
2016-11-25,AMZN,780.37,0.0003204635184330673,False,True,0.0,765.816,793.8611666666667,False,True,True,0.518741167382324,False,False,False,True
2016-11-25,BAC,20.86,0.014591439688715901,False,False,1.0,18.559,16.810333333333332,True,False,False,0.632777244880613,True,False,False,False
2016-11-25,FB,120.38,-0.0038066865276399353,False,True,0.0,121.848,126.62266666666667,False,True,True,0.5661466726955586,True,False,False,True
2016-11-25,GOOG,761.68,0.0009067136230436201,False,True,0.0,769.1125,776.7641666666666,False,True,True,0.5622769616585265,True,False,False,True
2016-11-25,GOOGL,780.23,0.0015789473684211242,False,True,0.0,787.8905,800.8181666666667,False,True,True,0.5597196919559514,True,False,False,True
2016-11-25,MSFT,60.53,0.0021523178807947296,True,False,1.0,59.81300000000001,58.43166666666666,True,False,True,0.588367729805322,True,False,True,False
2016-11-25,NVDA,94.16,0.0020219218899648617,False,False,1.0,80.258,70.493,True,False,False,0.5947883219761898,True,False,False,False
2016-11-28,AAPL,111.57,-0.001967975668664579,False,True,0.0,110.23999999999998,112.373,False,True,True,0.5915229266222557,True,False,False,True
2016-11-28,AMZN,766.77,-0.01742763048297602,False,True,0.0,765.3385,793.797,False,True,True,0.5947883219761898,True,False,False,True
2016-11-28,BAC,20.3,-0.02684563758389258,False,False,1.0,18.74,16.88233333333333,True,False,False,0.5094977628013652,False,False,False,False
2016-11-28,FB,120.41,0.0002492108323641773,False,True,0.0,121.304,126.52666666666667,False,True,True,0.5779003486317656,True,False,False,True
2016-11-28,GOOG,768.24,0.008612540699506344,False,True,0.0,767.7560000000001,776.7551666666666,False,True,True,0.6028253807387672,True,False,False,True
2016-11-28,GOOGL,785.79,0.007126103841174958,False,True,0.0,786.202,800.7246666666667,False,True,True,0.6034966586538283,True,False,False,True
2016-11-28,MSFT,60.61,0.0013216586816453546,True,False,1.0,59.85,58.482,True,False,True,0.5947883219761898,True,False,True,False
2016-11-28,NVDA,94.11,-0.0005310110450297278,False,False,1.0,81.4355,71.009,True,False,False,0.5947883219761898,True,False,False,False
2016-11-29,AAPL,111.46,-0.000985928116877255,False,True,0.0,110.136,112.43516666666667,False,True,True,0.5910519349433045,True,False,False,True
2016-11-29,AMZN,762.52,-0.005542731197099471,False,True,0.0,763.9735,793.6316666666667,False,True,True,0.5697026307684532,True,False,False,True
2016-11-29,BAC,20.29,-0.0004926108374384564,False,False,1.0,18.929499999999997,16.953833333333332,True,False,False,0.5947883219761898,True,False,False,False
2016-11-29,FB,120.87,0.0038202807075824463,False,True,0.0,120.798,126.43266666666666,False,True,True,0.5722718140459682,True,False,False,True
2016-11-29,GOOG,770.84,0.003384359054462216,False,True,0.0,767.071,776.7448333333334,False,True,True,0.5957340339774956,True,False,False,True
2016-11-29,GOOGL,789.44,0.004645006935695362,False,True,0.0,785.179,800.6008333333333,False,True,True,0.589021961940524,True,False,False,True
2016-11-29,MSFT,61.09,0.007919485233459866,True,False,1.0,59.90849999999999,58.539,True,False,True,0.5963009054606271,True,False,True,False
2016-11-29,NVDA,93.25,-0.00913824248220163,False,False,1.0,82.53999999999999,71.52099999999999,True,False,False,0.5947883219761898,True,False,False,False
2016-11-30,AAPL,110.52,-0.008433518751121416,False,True,0.0,110.0875,112.48216666666667,False,True,True,0.5947883219761898,True,False,False,True
2016-11-30,AMZN,750.57,-0.01567172008603046,False,True,0.0,762.2315,792.9933333333333,False,True,True,0.5947883219761898,True,False,False,True
2016-11-30,BAC,21.12,0.04090685066535249,False,False,1.0,19.155,17.04283333333333,True,False,False,0.6575858764310144,True,False,False,False
2016-11-30,FB,118.42,-0.02026971126003141,False,True,0.0,120.244,126.24416666666666,False,True,True,0.5924223335334511,True,False,False,True
2016-11-30,GOOG,758.04,-0.016605261792330572,False,True,0.0,765.7924999999999,776.3775,False,True,True,0.5908801857459938,True,False,False,True
2016-11-30,GOOGL,775.88,-0.017176732873936063,False,True,0.0,783.6990000000001,800.0651666666668,False,True,True,0.5947883219761898,True,False,False,True
2016-11-30,MSFT,60.26,-0.013586511704043347,True,False,1.0,59.93149999999999,58.58316666666666,True,False,True,0.5947883219761898,True,False,True,False
2016-11-30,NVDA,92.2,-0.011260053619302934,False,False,1.0,83.69749999999999,72.00566666666666,True,False,False,0.5892847463530705,True,False,False,False
2016-12-01,AAPL,109.49,-0.009319580166485708,False,True,0.0,109.9825,112.50099999999999,False,True,True,0.5947883219761898,True,False,False,True
2016-12-01,AMZN,743.65,-0.009219659725275609,False,True,0.0,761.136,792.3128333333334,False,True,True,0.5947883219761898,True,False,False,True
2016-12-01,BAC,21.5,0.017992424242424088,False,False,1.0,19.406,17.1395,True,False,False,0.6033734442520016,True,False,False,False
2016-12-01,FB,115.1,-0.02803580476270906,False,True,0.0,119.6405,125.97833333333334,False,True,True,0.5376670661499892,False,False,False,True
2016-12-01,GOOG,747.92,-0.013350218985805462,False,True,0.0,764.7535,775.837,False,True,True,0.5769254138712803,True,False,False,True
2016-12-01,GOOGL,764.33,-0.014886322627210347,False,True,0.0,782.4945,799.3375,False,True,True,0.5837850172790018,True,False,False,True
2016-12-01,MSFT,59.2,-0.017590441420511027,True,False,1.0,59.919999999999995,58.60883333333334,True,False,True,0.5834426996865145,True,False,True,False
2016-12-01,NVDA,87.64,-0.04945770065075927,False,False,1.0,84.6415,72.42983333333333,True,False,True,0.511865250436671,False,False,False,False
2016-12-02,AAPL,109.9,0.0037446342131701726,False,True,0.0,109.98600000000002,112.57400000000001,False,True,True,0.5663876389658454,True,False,False,True
2016-12-02,AMZN,740.34,-0.0044510186243528205,False,True,0.0,759.8014999999999,791.5841666666666,False,True,True,0.5669974528996887,True,False,False,True
2016-12-02,BAC,21.23,-0.012558139534883717,False,False,1.0,19.6435,17.229,True,False,False,0.5735887566448766,True,False,False,False
2016-12-02,FB,115.4,0.0026064291920071536,False,True,0.0,119.4105,125.73049999999999,False,True,True,0.5674918644838848,True,False,False,True
2016-12-02,GOOG,750.5,0.0034495667985880996,False,True,0.0,764.1719999999999,775.4233333333334,False,True,True,0.5632620590955133,True,False,False,True
2016-12-02,GOOGL,764.46,0.00017008360263237599,False,True,0.0,781.608,798.6978333333334,False,True,True,0.5757290579455253,True,False,False,True
2016-12-02,MSFT,59.25,0.0008445945945945166,True,False,1.0,59.922000000000004,58.63916666666667,True,False,True,0.5748608443132113,True,False,True,False
2016-12-02,NVDA,88.45,0.009242355089000398,True,False,1.0,85.666,72.85999999999999,True,False,True,0.6060714074452513,True,False,True,False
2016-12-05,AAPL,109.11,-0.007188353048225737,False,True,0.0,109.99949999999998,112.67366666666666,False,True,True,0.5947883219761898,True,False,False,True
2016-12-05,AMZN,759.36,0.02569089877623787,False,True,0.0,760.017,791.5711666666666,False,True,True,0.5365371749959577,False,False,False,True
2016-12-05,BAC,21.84,0.02873292510598202,False,False,1.0,19.907999999999998,17.330666666666666,True,False,False,0.576164040073257,True,False,False,False
2016-12-05,FB,117.43,0.01759098786828428,False,True,0.0,119.24449999999999,125.56933333333333,False,True,True,0.524153761738523,False,False,False,True
2016-12-05,GOOG,762.52,0.016015989340439685,False,True,0.0,764.197,775.471,False,True,True,0.5718945654290934,True,False,False,True
2016-12-05,GOOGL,778.22,0.017999633728383424,False,True,0.0,781.464,798.5268333333333,False,True,True,0.5586427411807232,True,False,False,True
2016-12-05,MSFT,60.22,0.016371308016877695,True,False,1.0,59.9975,58.705999999999996,True,False,True,0.5796371768762344,True,False,True,False
2016-12-05,NVDA,91.88,0.0387789711701525,True,False,1.0,86.88149999999999,73.39933333333333,True,False,True,0.6549106977721648,True,False,True,False
2016-12-06,AAPL,109.95,0.007698652735771194,False,True,0.0,109.97650000000002,112.74883333333332,False,True,True,0.5744448074440823,True,False,False,True
2016-12-06,AMZN,764.72,0.0070585756426464474,False,True,0.0,759.0065,791.4583333333334,False,True,True,0.5922586029465728,True,False,False,True
2016-12-06,BAC,22.16,0.0146520146520146,False,False,1.0,20.1655,17.435000000000002,True,False,False,0.5816050509994609,True,False,False,False
2016-12-06,FB,117.31,-0.001021885378523435,False,True,0.0,119.00250000000001,125.37966666666667,False,True,True,0.5678251167122167,True,False,False,True
2016-12-06,GOOG,759.11,-0.004472013848817014,False,True,0.0,763.0265,775.3058333333333,False,True,True,0.5947883219761898,True,False,False,True
2016-12-06,GOOGL,776.18,-0.0026213667086428805,False,True,0.0,780.1714999999999,798.1494999999999,False,True,True,0.5891936542153219,True,False,False,True
2016-12-06,MSFT,59.95,-0.004483560278977006,True,False,1.0,59.974000000000004,58.754333333333335,True,False,True,0.5733729717475935,True,False,True,False
2016-12-06,NVDA,93.39,0.016434479756203713,True,False,1.0,87.9875,73.94333333333334,True,False,True,0.6478318373770561,True,False,True,False
2016-12-07,AAPL,111.03,0.00982264665757171,False,True,0.0,109.975,112.80016666666667,False,True,True,0.6016904196953834,True,False,False,True
2016-12-07,AMZN,770.42,0.007453708546919069,False,True,0.0,758.14,791.6151666666666,False,True,True,0.596546744669648,True,False,False,True
2016-12-07,BAC,22.57,0.018501805054151665,False,False,1.0,20.444,17.549166666666668,True,False,False,0.5742345151483879,True,False,False,False
2016-12-07,FB,117.95,0.005455630381041798,False,True,0.0,118.68900000000001,125.22533333333332,False,True,True,0.573593491226983,True,False,False,True
2016-12-07,GOOG,771.19,0.0159133722385425,False,True,0.0,762.0604999999999,775.4975,False,True,True,0.6003491556141054,True,False,False,True
2016-12-07,GOOGL,791.47,0.01969903888273339,False,True,0.0,779.146,798.1953333333333,False,True,True,0.6045068121672283,True,False,False,True
2016-12-07,MSFT,61.37,0.023686405337781435,True,False,1.0,60.01899999999999,58.835,True,False,True,0.6106909727307606,True,False,True,False
2016-12-07,NVDA,95.07,0.017989078059749364,True,False,1.0,89.18299999999999,74.53,True,False,True,0.6004632471636405,True,False,True,False
2016-12-08,AAPL,112.12,0.009817166531568056,False,True,0.0,110.03699999999999,112.80600000000001,False,True,True,0.5977034440784441,True,False,False,True
2016-12-08,AMZN,767.33,-0.004010799304275503,False,True,0.0,757.9125,791.7191666666666,False,True,True,0.5783362205381377,True,False,False,True
2016-12-08,BAC,22.95,0.01683650863978725,False,False,1.0,20.693,17.671166666666668,True,False,False,0.5656432347746781,True,False,False,False
2016-12-08,FB,118.91,0.008139041966935157,False,True,0.0,118.47549999999998,125.07766666666667,False,True,True,0.6039873384521383,True,False,False,True
2016-12-08,GOOG,776.42,0.0067817269414798265,False,True,0.0,761.616,775.7296666666666,False,True,True,0.5981890901331156,True,False,False,True
2016-12-08,GOOGL,795.17,0.004674845540576289,False,True,0.0,778.625,798.2738333333333,False,True,True,0.5973754159576121,True,False,False,True
2016-12-08,MSFT,61.01,-0.0058660583346912265,True,False,1.0,60.061,58.91416666666667,True,False,True,0.5822109280498953,True,False,True,False
2016-12-08,NVDA,93.48,-0.016724518775638852,False,False,1.0,90.35900000000001,75.08133333333333,True,False,True,0.5346654980330144,False,False,False,False
2016-12-09,AAPL,113.95,0.016321798073492655,False,True,0.0,110.345,112.779,False,True,True,0.5910229582842653,True,False,False,True
2016-12-09,AMZN,768.66,0.0017332829421499163,False,True,0.0,759.2265,791.702,False,True,True,0.5544396328903266,True,False,False,True
2016-12-09,BAC,23.09,0.006100217864923874,False,False,1.0,20.909499999999998,17.794833333333333,True,False,False,0.5730254791281595,True,False,False,False
2016-12-09,FB,119.68,0.00647548566142464,False,True,0.0,118.41950000000001,124.93316666666666,False,True,True,0.5998816785832797,True,False,False,True
2016-12-09,GOOG,789.29,0.0165760799567245,False,True,0.0,762.9525,776.0218333333333,False,True,True,0.5970700797331471,True,False,False,True
2016-12-09,GOOGL,809.45,0.01795842398480829,False,True,0.0,780.083,798.4108333333334,False,True,True,0.596439642531561,True,False,False,True
2016-12-09,MSFT,61.97,0.01573512538928057,True,False,1.0,60.2245,58.993833333333335,True,False,True,0.5882018950628086,True,False,True,False
2016-12-09,NVDA,91.82,-0.01775780915703906,False,False,1.0,91.5615,75.56683333333334,True,False,True,0.508566905267267,False,False,False,False
2016-12-12,AAPL,113.3,-0.005704256252742512,False,True,0.0,110.5885,112.752,False,True,True,0.5873701145599132,True,False,False,True
2016-12-12,AMZN,760.12,-0.0111102438009002,False,True,0.0,760.2819999999999,791.3953333333334,False,True,True,0.5824831482944218,True,False,False,True
2016-12-12,BAC,22.61,-0.020788220008661762,False,False,1.0,21.089,17.9135,True,False,False,0.5246681832020957,False,False,False,False
2016-12-12,FB,117.77,-0.01595922459893062,False,True,0.0,118.35700000000001,124.74483333333335,False,True,True,0.5932592690562497,True,False,False,True
2016-12-12,GOOG,789.27,-2.5339228927223623e-05,False,True,0.0,764.715,776.3616666666668,False,True,True,0.5947883219761898,True,False,False,True
2016-12-12,GOOGL,807.9,-0.0019148804743962522,False,True,0.0,781.8905000000001,798.5763333333333,False,True,True,0.5947883219761898,True,False,False,True
2016-12-12,MSFT,62.17,0.003227368081329729,True,False,1.0,60.382000000000005,59.075833333333335,True,False,True,0.5960742119113194,True,False,True,False
2016-12-12,NVDA,89.59,-0.02428664778915257,False,False,1.0,91.64250000000001,76.01266666666668,True,False,True,0.5418888743273264,False,False,False,False
2016-12-13,AAPL,115.19,0.0166813768755516,False,True,0.0,111.0625,112.77883333333332,False,True,True,0.5703467929644315,True,False,False,True
2016-12-13,AMZN,774.34,0.01870757248855437,False,True,0.0,763.0455,791.3826666666666,False,True,True,0.6013915415126793,True,False,False,True
2016-12-13,BAC,22.61,0.0,False,False,1.0,21.2155,18.0305,True,False,False,0.5947883219761898,True,False,False,False
2016-12-13,FB,120.31,0.021567462002207716,False,True,0.0,118.61850000000001,124.60583333333332,False,True,True,0.5984065364255193,True,False,False,True
2016-12-13,GOOG,796.1,0.008653565953349318,False,True,0.0,767.716,776.8683333333333,False,True,True,0.5962027965020098,True,False,False,True
2016-12-13,GOOGL,815.34,0.009209060527292978,False,True,0.0,784.9965,798.9088333333333,False,True,True,0.5947883219761898,True,False,False,True
2016-12-13,MSFT,62.98,0.013028792021875457,False,False,1.0,60.625,59.17666666666667,True,False,True,0.5418099057313622,False,False,False,False
2016-12-13,NVDA,91.17,0.01763589686348932,True,False,1.0,92.01899999999999,76.471,True,False,True,0.6057902951440213,True,False,True,False
2016-12-14,AAPL,115.19,0.0,False,True,0.0,111.4665,112.80583333333334,False,True,True,0.5989354156064081,True,False,False,True
2016-12-14,AMZN,768.82,-0.0071286514967584536,False,True,0.0,764.3245,791.1926666666667,False,True,True,0.5947883219761898,True,False,False,True
2016-12-14,BAC,22.67,0.0026536930561700256,False,False,1.0,21.341,18.148333333333333,True,False,False,0.5495985287072572,False,False,False,False
2016-12-14,FB,120.21,-0.000831186102568382,False,True,0.0,118.769,124.46533333333333,False,True,True,0.5975731978243808,True,False,False,True
2016-12-14,GOOG,797.07,0.0012184398944856678,False,True,0.0,769.645,777.296,False,True,True,0.5947883219761898,True,False,False,True
2016-12-14,GOOGL,817.89,0.0031275296195452107,False,True,0.0,787.133,799.2106666666666,False,True,True,0.5947883219761898,True,False,False,True
2016-12-14,MSFT,62.68,-0.004763416957764277,False,False,1.0,60.81550000000001,59.274499999999996,True,False,True,0.5325685417566648,False,False,False,False
2016-12-14,NVDA,96.45,0.05791378743007569,True,False,1.0,92.532,77.027,True,False,True,0.7482178855682508,True,False,True,False
2016-12-15,AAPL,115.82,0.005469224759093727,False,True,0.0,111.758,112.84366666666666,False,True,True,0.5139686162254016,False,False,False,True
2016-12-15,AMZN,761.0,-0.010171431544444776,False,True,0.0,765.05,790.7136666666667,False,True,True,0.5947883219761898,True,False,False,True
2016-12-15,BAC,23.16,0.021614468460520397,False,False,1.0,21.511499999999998,18.2735,True,False,False,0.6934378658569905,True,False,False,False
2016-12-15,FB,120.57,0.002994759171449868,False,True,0.0,118.98049999999998,124.30916666666667,False,True,True,0.5957793804355395,True,False,False,True
2016-12-15,GOOG,797.85,0.0009785840641347576,False,True,0.0,771.3135,777.6564999999999,False,True,True,0.5947883219761898,True,False,False,True
2016-12-15,GOOGL,815.65,-0.002738754600251858,False,True,0.0,788.9165,799.3876666666667,False,True,True,0.5947883219761898,True,False,False,True
2016-12-15,MSFT,62.58,-0.0015954052329292256,True,False,1.0,60.962,59.35483333333333,True,False,True,0.5752233816804139,True,False,True,False
2016-12-15,NVDA,98.71,0.023431829963711737,True,False,1.0,92.886,77.59116666666667,True,False,True,0.5808081073270102,True,False,True,False
2016-12-16,AAPL,115.97,0.0012951131065446209,False,True,0.0,112.059,112.86616666666667,False,True,True,0.5183073932157836,False,False,False,True
2016-12-16,AMZN,757.77,-0.004244415243101152,False,True,0.0,765.1185,789.9315,False,True,True,0.5947883219761898,True,False,False,True
2016-12-16,BAC,22.66,-0.021588946459412783,False,False,1.0,21.6405,18.391166666666667,True,False,True,0.5311491207784219,False,False,False,False
2016-12-16,FB,119.87,-0.005805755992369432,False,True,0.0,119.0845,124.139,False,True,True,0.5947883219761898,True,False,False,True
2016-12-16,GOOG,790.8,-0.008836247414927723,False,True,0.0,772.292,777.7163333333334,False,True,True,0.5947883219761898,True,False,False,True
2016-12-16,GOOGL,809.84,-0.007123153313308372,False,True,0.0,790.1005,799.2858333333332,False,True,True,0.5947883219761898,True,False,False,True
2016-12-16,MSFT,62.3,-0.004474272930648837,False,False,1.0,61.045,59.4295,True,False,True,0.4588628119806005,False,False,False,False
2016-12-16,NVDA,100.41,0.017222165940634193,False,False,1.0,93.287,78.181,True,False,False,0.5675967782391563,True,False,False,False
2016-12-19,AAPL,116.64,0.005777356212813611,False,True,0.0,112.388,112.93166666666666,False,True,True,0.5980305621440236,True,False,False,True
2016-12-19,AMZN,766.0,0.010860815286960479,False,True,0.0,765.4105000000001,789.269,False,True,True,0.5769696297814947,True,False,False,True
2016-12-19,BAC,22.48,-0.007943512797881747,True,False,1.0,21.7645,18.507166666666667,True,False,True,0.5947883219761898,True,False,True,False
2016-12-19,FB,119.24,-0.005255693668140604,False,True,0.0,119.1955,123.99366666666667,False,True,True,0.569217324444263,True,False,False,True
2016-12-19,GOOG,794.2,0.0042994436014163195,False,True,0.0,773.975,777.838,False,True,True,0.577176513665998,True,False,False,True
2016-12-19,GOOGL,812.5,0.0032845994270471746,False,True,0.0,791.927,799.2448333333333,False,True,True,0.5663140883437658,True,False,False,True
2016-12-19,MSFT,63.62,0.021187800963081926,True,False,1.0,61.2085,59.532666666666664,True,False,True,0.6350110695451027,True,False,True,False
2016-12-19,NVDA,101.63,0.01215018424459724,False,False,1.0,93.7005,78.79233333333333,True,False,False,0.5704159944831576,True,False,False,False
2016-12-20,AAPL,116.95,0.002657750342935472,False,True,0.0,112.649,112.99949999999998,False,True,True,0.5947883219761898,True,False,False,True
2016-12-20,AMZN,771.22,0.006814621409921617,False,True,0.0,764.9715,788.8033333333333,False,True,True,0.5588650870118839,True,False,False,True
2016-12-20,BAC,22.71,0.010231316725978656,True,False,1.0,21.8835,18.63416666666667,True,False,True,0.5947883219761898,True,False,True,False
2016-12-20,FB,119.09,-0.001257967125125714,False,True,0.0,119.0615,123.85666666666667,False,True,True,0.5619631257341439,True,False,False,True
2016-12-20,GOOG,796.42,0.00279526567615207,False,True,0.0,775.336,778.2081666666667,False,True,True,0.5621077588910828,True,False,False,True
2016-12-20,GOOGL,815.2,0.003323076923076984,False,True,0.0,793.447,799.454,False,True,True,0.5776281189911219,True,False,False,True
2016-12-20,MSFT,63.54,-0.0012574662055957475,True,False,1.0,61.34250000000001,59.64333333333333,True,False,True,0.5947883219761898,True,False,True,False
2016-12-20,NVDA,105.17,0.03483223457640472,False,False,1.0,94.31,79.47283333333333,True,False,False,0.6161727254372467,True,False,False,False
2016-12-21,AAPL,117.06,0.0009405728943994163,False,True,0.0,112.91199999999999,113.06566666666666,False,True,True,0.5947883219761898,True,False,False,True
2016-12-21,AMZN,770.6,-0.0008039210601384905,False,True,0.0,764.235,788.0448333333333,False,True,True,0.537643934393996,False,False,False,True
2016-12-21,BAC,22.63,-0.003522677234698457,True,False,1.0,22.0,18.7565,True,False,True,0.5947883219761898,True,False,True,False
2016-12-21,FB,119.04,-0.0004198505332101421,False,True,0.0,118.94000000000001,123.69583333333334,False,True,True,0.5577320996709572,True,False,False,True
2016-12-21,GOOG,794.56,-0.002335451143868794,False,True,0.0,776.6505,778.4006666666667,False,True,True,0.5892378093963028,True,False,False,True
2016-12-21,GOOGL,812.2,-0.003680078508341511,False,True,0.0,794.807,799.4784999999999,False,True,True,0.5925743184617452,True,False,False,True
2016-12-21,MSFT,63.54,0.0,True,False,1.0,61.463499999999996,59.7365,True,False,True,0.5947883219761898,True,False,True,False
2016-12-21,NVDA,105.83,0.006275553865170647,False,False,1.0,94.919,80.12766666666667,True,False,False,0.5818259356818427,True,False,False,False
2016-12-22,AAPL,116.29,-0.00657782333845891,True,False,1.0,113.16499999999999,113.10466666666666,True,False,True,0.5947883219761898,True,False,True,False
2016-12-22,AMZN,766.34,-0.0055281598754217676,False,True,0.0,763.546,787.0051666666667,False,True,True,0.5666783860721506,True,False,False,True
2016-12-22,BAC,22.54,-0.00397702165267344,True,False,1.0,22.099,18.875833333333333,True,False,True,0.5947883219761898,True,False,True,False
2016-12-22,FB,117.4,-0.013776881720430123,False,True,0.0,118.768,123.49866666666667,False,True,True,0.5947883219761898,True,False,False,True
2016-12-22,GOOG,791.26,-0.004153242045912164,False,True,0.0,778.164,778.5623333333333,False,True,True,0.5707617024737011,True,False,False,True
2016-12-22,GOOGL,809.68,-0.003102684067963657,False,True,0.0,796.341,799.4721666666667,False,True,True,0.5680555129181771,True,False,False,True
2016-12-22,MSFT,63.55,0.00015738117721109113,True,False,1.0,61.621,59.8285,True,False,True,0.5947883219761898,True,False,True,False
2016-12-22,NVDA,107.11,0.012094869129736452,False,False,1.0,95.576,80.79983333333332,True,False,False,0.5509266091586416,True,False,False,False
2016-12-23,AAPL,116.52,0.0019778140854758153,True,False,1.0,113.40149999999998,113.177,True,False,True,0.5947883219761898,True,False,True,False
2016-12-23,AMZN,760.59,-0.00750319701438007,False,True,0.0,762.557,785.8641666666666,False,True,True,0.5497214913097217,False,False,False,True
2016-12-23,BAC,22.6,0.0026619343389531203,True,False,1.0,22.186,18.999833333333335,True,False,True,0.5947883219761898,True,False,True,False
2016-12-23,FB,117.27,-0.0011073253833050467,False,True,0.0,118.6125,123.31833333333334,False,True,True,0.5469921644110465,False,False,False,True
2016-12-23,GOOG,789.91,-0.0017061395748553254,True,False,1.0,779.5755,778.8106666666666,True,False,True,0.553880314435938,True,False,True,False
2016-12-23,GOOGL,807.8,-0.002321904950103759,False,True,0.0,797.7194999999999,799.5581666666666,False,True,True,0.5441501649745876,False,False,False,True
2016-12-23,MSFT,63.24,-0.004878048780487698,True,False,1.0,61.756499999999996,59.92583333333333,True,False,True,0.5947883219761898,True,False,True,False
2016-12-23,NVDA,109.78,0.024927644477639843,False,False,1.0,96.357,81.50616666666669,True,False,False,0.571945231830252,True,False,False,False
2016-12-27,AAPL,117.26,0.006350841057329193,True,False,1.0,113.686,113.24716666666667,True,False,True,0.5947883219761898,True,False,True,False
2016-12-27,AMZN,771.4,0.014212650705373475,False,True,0.0,762.7885,784.7656666666667,False,True,True,0.5874870590870762,True,False,False,True
2016-12-27,BAC,22.61,0.00044247787610607325,True,False,1.0,22.301499999999997,19.115833333333335,True,False,True,0.5947883219761898,True,False,True,False
2016-12-27,FB,118.01,0.0063102242687815835,False,True,0.0,118.49249999999999,123.14733333333334,False,True,True,0.5620812646781117,True,False,False,True
2016-12-27,GOOG,791.55,0.0020761858945954614,True,False,1.0,780.741,779.0483333333333,True,False,True,0.5826758299343725,True,False,True,False
2016-12-27,GOOGL,809.93,0.002636791284971629,False,True,0.0,798.9264999999999,799.6560000000001,False,True,True,0.5774426447829081,True,False,False,True
2016-12-27,MSFT,63.28,0.0006325110689437974,True,False,1.0,61.89,60.0205,True,False,True,0.5947883219761898,True,False,True,False
2016-12-27,NVDA,117.32,0.06868282018582605,False,False,1.0,97.5175,82.3195,True,False,False,0.632292963409797,True,False,False,False
2016-12-28,AAPL,116.76,-0.004264028654272556,True,False,1.0,113.951,113.31783333333333,True,False,True,0.5947883219761898,True,False,True,False
2016-12-28,AMZN,772.13,0.0009463313456055111,False,True,0.0,763.269,783.6888333333333,False,True,True,0.5947883219761898,True,False,False,True
2016-12-28,BAC,22.33,-0.012383900928792602,True,False,1.0,22.4035,19.2275,True,False,True,0.5828099592628683,True,False,True,False
2016-12-28,FB,116.92,-0.009236505380899929,False,True,0.0,118.295,122.94983333333334,False,True,True,0.5765996860625721,True,False,False,True
2016-12-28,GOOG,785.05,-0.008211736466426589,True,False,1.0,781.4514999999999,779.2565,True,False,True,0.5817360309413884,True,False,True,False
2016-12-28,GOOGL,804.57,-0.006617855864086919,False,True,0.0,799.683,799.7258333333334,False,True,True,0.5754108629811628,True,False,False,True
2016-12-28,MSFT,62.99,-0.004582806573957043,True,False,1.0,61.985,60.11333333333333,True,False,True,0.5947883219761898,True,False,True,False
2016-12-28,NVDA,109.25,-0.06878622570746673,False,False,1.0,98.3175,82.9995,True,False,True,0.5295629233272644,False,False,False,False
2016-12-29,AAPL,116.73,-0.0002569373072970338,True,False,1.0,114.2615,113.38000000000001,True,False,True,0.5947883219761898,True,False,True,False
2016-12-29,AMZN,765.15,-0.009039928509447903,False,True,0.0,763.998,782.5408333333332,False,True,True,0.5947883219761898,True,False,False,True
2016-12-29,BAC,22.0,-0.01477832512315258,True,False,1.0,22.447499999999998,19.33083333333333,True,False,True,0.5947883219761898,True,False,True,False
2016-12-29,FB,116.35,-0.004875128292849862,False,True,0.0,118.19149999999999,122.7525,False,True,True,0.5646010711982636,True,False,False,True
2016-12-29,GOOG,782.79,-0.0028787975288198098,True,False,1.0,782.6890000000001,779.3625,True,False,True,0.5789890842349253,True,False,True,False
2016-12-29,GOOGL,802.88,-0.002100500888673529,True,False,1.0,801.033,799.7273333333334,True,False,True,0.5832130516461973,True,False,True,False
2016-12-29,MSFT,62.9,-0.0014287982219400863,True,False,1.0,62.117000000000004,60.20766666666667,True,False,True,0.5947883219761898,True,False,True,False
2016-12-29,NVDA,111.43,0.019954233409611,True,False,1.0,99.27900000000001,83.71833333333333,True,False,True,0.5770787666473256,True,False,True,False
2016-12-30,AAPL,115.82,-0.007795768011650939,True,False,1.0,114.578,113.42616666666666,True,False,True,0.5732458063360093,True,False,True,False
2016-12-30,AMZN,749.87,-0.019969940534535713,False,True,0.0,764.309,780.966,False,True,True,0.5699136580087949,True,False,False,True
2016-12-30,BAC,22.1,0.00454545454545463,True,False,1.0,22.4775,19.430666666666664,True,False,True,0.5915881408040097,True,False,True,False
2016-12-30,FB,115.05,-0.011173184357541888,False,True,0.0,118.18900000000001,122.52883333333334,False,True,True,0.5947883219761898,True,False,False,True
2016-12-30,GOOG,771.82,-0.01401397565119622,False,False,1.0,783.884,779.285,True,False,True,0.5335434516290264,False,False,False,False
2016-12-30,GOOGL,792.45,-0.012990733359904305,False,False,1.0,802.439,799.581,True,False,True,0.5498103698034328,False,False,False,False
2016-12-30,MSFT,62.14,-0.012082670906200299,True,False,1.0,62.263999999999996,60.282666666666664,True,False,True,0.5947883219761898,True,False,True,False
2016-12-30,NVDA,106.74,-0.042089203984564394,False,False,1.0,100.23400000000001,84.36016666666667,True,False,True,0.5153592108131727,False,False,False,False
2017-01-03,AAPL,116.15,0.002849248834398299,True,False,1.0,114.8905,113.46383333333333,True,False,True,0.5969578768894869,True,False,True,False
2017-01-03,AMZN,753.67,0.0050675450411403755,False,True,0.0,764.9755,779.4995,False,True,True,0.5727361848410084,True,False,False,True
2017-01-03,BAC,22.53,0.019457013574660564,True,False,1.0,22.542499999999997,19.535833333333336,True,False,True,0.631015532497613,True,False,True,False
2017-01-03,FB,116.86,0.015732290308561492,False,True,0.0,118.26200000000001,122.33083333333333,False,True,True,0.5755284482619009,True,False,False,True
2017-01-03,GOOG,786.14,0.018553548754890903,True,False,1.0,785.6659999999999,779.4396666666667,True,False,True,0.6321765980426584,True,False,True,False
2017-01-03,GOOGL,808.01,0.019635308221338743,True,False,1.0,804.6165,799.6631666666667,True,False,True,0.6345660374603549,True,False,True,False
2017-01-03,MSFT,62.58,0.0070807853234631235,True,False,1.0,62.43050000000001,60.36333333333334,True,False,True,0.5973464028259131,True,False,True,False
2017-01-03,NVDA,102.01,-0.04431328461682582,False,False,1.0,100.912,84.93800000000002,True,False,True,0.5122713960453075,False,False,False,False
2017-01-04,AAPL,116.02,-0.001119242359018613,True,False,1.0,115.23600000000002,113.4965,True,False,True,0.5947883219761898,True,False,True,False
2017-01-04,AMZN,757.18,0.00465721071556513,False,True,0.0,764.8665,778.1286666666667,False,True,True,0.5739863754262707,True,False,False,True
2017-01-04,BAC,22.95,0.018641810918774926,True,False,1.0,22.598000000000003,19.6495,True,False,True,0.6182997996340706,True,False,True,False
2017-01-04,FB,118.69,0.015659763819955597,False,True,0.0,118.325,122.15916666666666,False,True,True,0.5859620126918564,True,False,False,True
2017-01-04,GOOG,786.9,0.000966748925127936,True,False,1.0,786.885,779.6366666666667,True,False,True,0.5929969232985487,True,False,True,False
2017-01-04,GOOGL,807.77,-0.0002970260269056224,True,False,1.0,806.0939999999999,799.7808333333334,True,False,True,0.5620728702110295,True,False,True,False
2017-01-04,MSFT,62.3,-0.004474272930648837,True,False,1.0,62.5345,60.438333333333325,True,False,True,0.5947883219761898,True,False,True,False
2017-01-04,NVDA,104.39,0.023331045975884646,True,False,1.0,101.5375,85.56366666666666,True,False,True,0.7318102275833634,True,False,True,False
2017-01-05,AAPL,116.61,0.0050853301154973884,True,False,1.0,115.56899999999999,113.50583333333333,True,False,True,0.5951461210043635,True,False,True,False
2017-01-05,AMZN,780.45,0.030732454634301076,False,True,0.0,765.653,777.1076666666667,False,True,True,0.7019876405601299,True,False,False,True
2017-01-05,BAC,22.68,-0.0117647058823529,True,False,1.0,22.624,19.75583333333333,True,False,True,0.5623605465543094,True,False,True,False
2017-01-05,FB,120.67,0.016682113067655324,False,True,0.0,118.49299999999998,121.99966666666667,False,True,True,0.5949335491807457,True,False,False,True
2017-01-05,GOOG,794.02,0.009048163680264398,True,False,1.0,788.6305,779.7713333333334,True,False,True,0.5968211114460688,True,False,True,False
2017-01-05,GOOGL,813.02,0.006499374822040993,True,False,1.0,807.936,799.7616666666667,True,False,True,0.597659518444297,True,False,True,False
2017-01-05,MSFT,62.3,0.0,True,False,1.0,62.652,60.50933333333333,True,False,True,0.5819488016262122,True,False,True,False
2017-01-05,NVDA,101.74,-0.025385573330778843,True,False,1.0,101.955,86.14099999999999,True,False,True,0.5664677810282115,True,False,True,False
2017-01-06,AAPL,117.91,0.011148272017837302,True,False,1.0,115.91300000000001,113.53266666666667,True,False,True,0.6109036019186632,True,False,True,False
2017-01-06,AMZN,795.99,0.019911589467614732,False,True,0.0,766.9315,776.5241666666667,False,True,True,0.6220637161196299,True,False,False,True
2017-01-06,BAC,22.68,0.0,True,False,1.0,22.6295,19.865333333333332,True,False,True,0.5971670891793032,True,False,True,False
2017-01-06,FB,123.41,0.022706555067539602,False,True,0.0,118.766,121.9085,False,True,True,0.5851090885928167,True,False,False,True
2017-01-06,GOOG,806.15,0.015276693282284981,True,False,1.0,790.3785,780.1560000000001,True,False,True,0.5892306947754594,True,False,True,False
2017-01-06,GOOGL,825.21,0.014993481095176175,True,False,1.0,809.6229999999999,800.0223333333332,True,False,True,0.5924183205809451,True,False,True,False
2017-01-06,MSFT,62.84,0.008667736757624445,True,False,1.0,62.7255,60.60349999999999,True,False,True,0.5989180647730709,True,False,True,False
2017-01-06,NVDA,103.1,0.013367407116178454,True,False,1.0,102.35650000000001,86.75716666666668,True,False,True,0.6308643458436022,True,False,True,False
2017-01-09,AAPL,118.99,0.009159528453905441,False,False,1.0,116.2565,113.56016666666667,True,False,False,0.5700537851646689,True,False,False,False
2017-01-09,AMZN,796.92,0.001168356386386682,False,True,0.0,768.4110000000001,775.9046666666667,False,True,True,0.5995128628683207,True,False,False,True
2017-01-09,BAC,22.55,-0.0057319223985889955,True,False,1.0,22.6095,19.973999999999997,True,False,True,0.5892848945432634,True,False,True,False
2017-01-09,FB,124.9,0.01207357588526059,False,True,0.0,119.0655,121.83933333333333,False,True,True,0.5550926452759259,True,False,False,True
2017-01-09,GOOG,806.65,0.0006202319667556466,True,False,1.0,791.8900000000001,780.4978333333333,True,False,True,0.5998942167993758,True,False,True,False
2017-01-09,GOOGL,827.18,0.0023872711188666074,True,False,1.0,811.2235,800.2791666666667,True,False,True,0.5986528036429745,True,False,True,False
2017-01-09,MSFT,62.64,-0.0031826861871420142,True,False,1.0,62.807,60.69566666666667,True,False,True,0.5947883219761898,True,False,True,False
2017-01-09,NVDA,107.28,0.04054316197866159,True,False,1.0,103.0465,87.438,True,False,True,0.6287438551633238,True,False,True,False
2017-01-10,AAPL,119.11,0.0010084881082443875,False,False,1.0,116.5145,113.59566666666666,True,False,False,0.5918905798641112,True,False,False,False
2017-01-10,AMZN,795.9,-0.0012799277217285798,False,True,0.0,769.773,775.3483333333334,False,True,True,0.5912005540798614,True,False,False,True
2017-01-10,BAC,22.94,0.017294900221729526,True,False,1.0,22.602,20.092499999999998,True,False,True,0.618724491341409,True,False,True,False
2017-01-10,FB,124.35,-0.004403522818254735,False,True,0.0,119.299,121.78150000000001,False,True,True,0.581243883433667,True,False,False,True
2017-01-10,GOOG,804.79,-0.002305832765139848,True,False,1.0,792.665,780.9411666666667,True,False,True,0.5918905798641112,True,False,True,False
2017-01-10,GOOGL,826.01,-0.0014144442563891468,True,False,1.0,812.0515,800.6446666666667,True,False,True,0.5918905798641112,True,False,True,False
2017-01-10,MSFT,62.62,-0.00031928480204346243,True,False,1.0,62.8395,60.79066666666667,True,False,True,0.5918905798641112,True,False,True,False
2017-01-10,NVDA,106.47,-0.007550335570469802,False,False,1.0,103.779,88.12333333333332,True,False,True,0.5391565014499898,False,False,False,False
2017-01-11,AAPL,119.75,0.005373184451347601,False,False,1.0,116.83700000000002,113.631,True,False,False,0.5838697160232199,True,False,False,False
2017-01-11,AMZN,799.02,0.003920090463626069,False,True,0.0,771.7180000000001,774.9493333333334,False,True,True,0.5918905798641112,True,False,False,True
2017-01-11,BAC,23.07,0.005666957279860441,True,False,1.0,22.625,20.21033333333333,True,False,True,0.5996144769592894,True,False,True,False
2017-01-11,FB,126.09,0.013992762364294364,False,True,0.0,119.71499999999999,121.75166666666668,False,True,True,0.5941979714694591,True,False,False,True
2017-01-11,GOOG,807.91,0.003876787733446019,True,False,1.0,793.597,781.4308333333333,True,False,True,0.5918905798641112,True,False,True,False
2017-01-11,GOOGL,829.86,0.004660960521059021,True,False,1.0,813.1495,801.0656666666667,True,False,True,0.5918905798641112,True,False,True,False
2017-01-11,MSFT,63.19,0.009102523155541276,True,False,1.0,62.890499999999996,60.886833333333335,True,False,True,0.5918905798641112,True,False,True,False
2017-01-11,NVDA,105.16,-0.0123039353808585,True,False,1.0,104.5575,88.77616666666667,True,False,True,0.5726788644148918,True,False,True,False
2017-01-12,AAPL,119.25,-0.0041753653444676075,True,False,1.0,117.04,113.65933333333334,True,False,True,0.5631625324069177,True,False,True,False
2017-01-12,AMZN,813.64,0.018297414332557382,False,True,0.0,773.683,774.9608333333333,False,True,True,0.56564442952655,True,False,False,True
2017-01-12,BAC,22.92,-0.006501950585175442,False,False,1.0,22.6405,20.324833333333334,True,False,True,0.5123227109320615,False,False,False,False
2017-01-12,FB,126.62,0.004203346815766507,False,True,0.0,120.03049999999999,121.73633333333333,False,True,True,0.5918905798641112,True,False,False,True
2017-01-12,GOOG,806.36,-0.0019185305293906163,True,False,1.0,794.11,781.8708333333333,True,False,True,0.5918905798641112,True,False,True,False
2017-01-12,GOOGL,829.53,-0.0003976574361941321,True,False,1.0,813.859,801.4438333333333,True,False,True,0.5918905798641112,True,False,True,False
2017-01-12,MSFT,62.61,-0.009178667510682081,True,False,1.0,62.872,60.976666666666674,True,False,True,0.5872908214039716,True,False,True,False
2017-01-12,NVDA,103.44,-0.0163560289083301,False,False,1.0,105.171,89.40666666666668,True,False,True,0.5437203926346436,False,False,False,False
2017-01-13,AAPL,119.04,-0.001761006289308087,True,False,1.0,117.2325,113.6855,True,False,True,0.5756757364539822,True,False,True,False
2017-01-13,AMZN,817.14,0.004301656752372152,True,False,1.0,776.0989999999999,774.9523333333333,True,False,True,0.5719640415459517,True,False,True,False
2017-01-13,BAC,23.01,0.003926701570680535,True,False,1.0,22.6575,20.437333333333335,True,False,True,0.5611783433062201,True,False,True,False
2017-01-13,FB,128.34,0.013583951982309328,False,True,0.0,120.43699999999998,121.73250000000002,False,True,False,0.6131746661975671,True,False,False,True
2017-01-13,GOOG,807.88,0.0018850141376061114,True,False,1.0,794.6505,782.0811666666667,True,False,True,0.5918905798641112,True,False,True,False
2017-01-13,GOOGL,830.94,0.0016997576941160109,True,False,1.0,814.5115,801.6013333333334,True,False,True,0.5918905798641112,True,False,True,False
2017-01-13,MSFT,62.7,0.0014374700527073347,True,False,1.0,62.87299999999999,61.06066666666666,True,False,True,0.5918905798641112,True,False,True,False
2017-01-13,NVDA,103.43,-9.667440061866817e-05,True,False,1.0,105.52000000000001,90.02033333333333,True,False,True,0.5918905798641112,True,False,True,False
2017-01-17,AAPL,120.0,0.008064516129032251,False,False,1.0,117.44149999999999,113.7335,True,False,False,0.6136723107883508,True,False,False,False
2017-01-17,AMZN,809.72,-0.009080451330249373,True,False,1.0,778.5350000000001,774.8195,True,False,True,0.5918905798641112,True,False,True,False
2017-01-17,BAC,22.05,-0.041720990873533315,True,False,1.0,22.602,20.53033333333333,True,False,True,0.7013286151410127,True,False,True,False
2017-01-17,FB,127.87,-0.0036621474209131977,False,True,0.0,120.80199999999999,121.69516666666667,False,True,True,0.5918905798641112,True,False,False,True
2017-01-17,GOOG,804.61,-0.0040476308362628055,True,False,1.0,794.9885,782.1320000000001,True,False,True,0.5918905798641112,True,False,True,False
2017-01-17,GOOGL,827.46,-0.004188028016463341,True,False,1.0,815.1020000000001,801.6075000000001,True,False,True,0.5918905798641112,True,False,True,False
2017-01-17,MSFT,62.53,-0.002711323763955331,True,False,1.0,62.87049999999999,61.144,True,False,True,0.5918905798641112,True,False,True,False
2017-01-17,NVDA,101.11,-0.022430629411196,True,False,1.0,105.64000000000001,90.59766666666668,True,False,True,0.5964904896164132,True,False,True,False
2017-01-18,AAPL,119.99,-8.333333333332416e-05,False,False,1.0,117.64250000000001,113.78233333333333,True,False,False,0.5882231326508423,True,False,False,False
2017-01-18,AMZN,807.48,-0.0027663883811688272,True,False,1.0,781.0205,774.7721666666667,True,False,True,0.5758063473752262,True,False,True,False
2017-01-18,BAC,22.63,0.026303854875283417,True,False,1.0,22.6005,20.631500000000003,True,False,True,0.6574519148594655,True,False,True,False
2017-01-18,FB,127.92,0.00039102213185260304,False,True,0.0,121.20449999999998,121.6605,False,True,True,0.5918905798641112,True,False,False,True
2017-01-18,GOOG,806.07,0.0018145436919749791,True,False,1.0,795.752,782.2836666666667,True,False,True,0.5918905798641112,True,False,True,False
2017-01-18,GOOGL,829.02,0.0018852875063446461,True,False,1.0,816.0609999999999,801.7306666666666,True,False,True,0.5918905798641112,True,False,True,False
2017-01-18,MSFT,62.5,-0.00047976971053897977,True,False,1.0,62.8805,61.2315,True,False,True,0.5918905798641112,True,False,True,False
2017-01-18,NVDA,102.95,0.018198002175848105,True,False,1.0,105.76699999999998,91.18466666666667,True,False,True,0.5570645588127028,True,False,True,False
2017-01-19,AAPL,119.78,-0.00175014584548705,True,False,1.0,117.7995,113.83533333333335,True,False,True,0.5781937801091543,True,False,True,False
2017-01-19,AMZN,809.04,0.0019319363947094548,True,False,1.0,783.1725,774.6063333333334,True,False,True,0.5918905798641112,True,False,True,False
2017-01-19,BAC,22.53,-0.00441891294741481,True,False,1.0,22.603,20.729166666666668,True,False,True,0.5918905798641112,True,False,True,False
2017-01-19,FB,127.55,-0.0028924327704815678,True,False,1.0,121.62,121.58516666666667,True,False,True,0.5918905798641112,True,False,True,False
2017-01-19,GOOG,802.175,-0.004832086543352432,True,False,1.0,796.15075,782.3304166666666,True,False,True,0.5918905798641112,True,False,True,False
2017-01-19,GOOGL,824.37,-0.005609032351451049,True,False,1.0,816.6545,801.7358333333334,True,False,True,0.5918905798641112,True,False,True,False
2017-01-19,MSFT,62.3,-0.0032000000000000917,True,False,1.0,62.814499999999995,61.275499999999994,True,False,True,0.5918905798641112,True,False,True,False
2017-01-19,NVDA,105.16,0.0214667314230208,True,False,1.0,105.9435,91.81166666666667,True,False,True,0.6006254468291323,True,False,True,False
2017-01-20,AAPL,120.0,0.0018367006177992806,True,False,1.0,117.952,113.8745,True,False,True,0.5898919443808226,True,False,True,False
2017-01-20,AMZN,808.33,-0.0008775833086125395,True,False,1.0,785.028,774.1103333333333,True,False,True,0.5918905798641112,True,False,True,False
2017-01-20,BAC,22.64,0.004882379050155317,True,False,1.0,22.5995,20.827,True,False,True,0.5915424995206431,True,False,True,False
2017-01-20,FB,127.04,-0.003998431987455864,True,False,1.0,122.0175,121.48116666666667,True,False,True,0.5625414233290054,True,False,True,False
2017-01-20,GOOG,805.02,0.003546607660423362,True,False,1.0,796.58075,782.1955833333334,True,False,True,0.5801427253729878,True,False,True,False
2017-01-20,GOOGL,828.17,0.0046095806494657054,True,False,1.0,817.303,801.6096666666667,True,False,True,0.5918905798641112,True,False,True,False
2017-01-20,MSFT,62.74,0.007062600321027457,True,False,1.0,62.7745,61.3045,True,False,True,0.5790008675040473,True,False,True,False
2017-01-20,NVDA,104.01,-0.010935717002662493,True,False,1.0,105.88550000000001,92.36666666666666,True,False,True,0.5776538777495752,True,False,True,False
2017-01-23,AAPL,120.08,0.0006666666666665932,True,False,1.0,118.103,113.905,True,False,True,0.5918905798641112,True,False,True,False
2017-01-23,AMZN,817.88,0.011814481709202962,True,False,1.0,787.392,773.822,True,False,True,0.5735239996401494,True,False,True,False
2017-01-23,BAC,22.56,-0.0035335689045937757,True,False,1.0,22.596,20.924333333333333,True,False,True,0.5918905798641112,True,False,True,False
2017-01-23,FB,128.93,0.014877204030226743,True,False,1.0,122.51199999999999,121.42516666666667,True,False,True,0.6172340117652445,True,False,True,False
2017-01-23,GOOG,819.31,0.01775111177362043,True,False,1.0,797.81825,782.3895833333333,True,False,True,0.647116897657943,True,False,True,False
2017-01-23,GOOGL,844.43,0.019633650095994826,True,False,1.0,818.9145000000001,801.8743333333333,True,False,True,0.6556340057530808,True,False,True,False
2017-01-23,MSFT,62.96,0.0035065349059610895,True,False,1.0,62.74549999999999,61.337333333333326,True,False,True,0.5608314804201014,True,False,True,False
2017-01-23,NVDA,105.09,0.010383616959907638,True,False,1.0,105.84850000000002,92.92033333333333,True,False,True,0.5981583026328504,True,False,True,False
2017-01-24,AAPL,119.97,-0.0009160559626915088,True,False,1.0,118.287,113.978,True,False,True,0.5903001376901453,True,False,True,False
2017-01-24,AMZN,822.44,0.005575390032767746,True,False,1.0,790.197,773.8195,True,False,True,0.583637782164821,True,False,True,False
2017-01-24,BAC,22.95,0.017287234042553168,True,False,1.0,22.6165,21.02566666666667,True,False,True,0.5656932429049886,True,False,True,False
2017-01-24,FB,129.37,0.003412704568370506,False,False,1.0,123.1105,121.39733333333334,True,False,False,0.5902833468266385,True,False,False,False
2017-01-24,GOOG,823.87,0.005565658908105675,True,False,1.0,799.4487499999999,782.8029166666668,True,False,True,0.602340757959662,True,False,True,False
2017-01-24,GOOGL,849.53,0.006039576992764362,False,False,1.0,820.9069999999999,802.3315,True,False,False,0.609153823277475,True,False,False,False
2017-01-24,MSFT,63.52,0.008894536213468918,True,False,1.0,62.74400000000001,61.3855,True,False,True,0.5817594715842381,True,False,True,False
2017-01-24,NVDA,107.33,0.02131506327909416,True,False,1.0,105.8595,93.5065,True,False,True,0.5988932518388472,True,False,True,False
2017-01-25,AAPL,121.88,0.015920646828373686,False,False,1.0,118.55499999999999,114.10133333333333,True,False,False,0.6377902900903918,True,False,False,False
2017-01-25,AMZN,836.52,0.017119789893487614,False,False,1.0,793.9934999999999,774.1221666666667,True,False,False,0.5813979534005348,True,False,False,False
2017-01-25,BAC,23.37,0.0183006535947714,True,False,1.0,22.655,21.133333333333333,True,False,True,0.5977568021646215,True,False,True,False
2017-01-25,FB,131.48,0.016309809074746662,False,False,1.0,123.821,121.42716666666666,True,False,False,0.641103390539409,True,False,False,False
2017-01-25,GOOG,835.67,0.014322647990580917,False,False,1.0,801.7367499999999,783.4749166666667,True,False,False,0.6358156067014309,True,False,False,False
2017-01-25,GOOGL,858.45,0.010499923487104823,False,False,1.0,823.4395000000001,803.0165000000001,True,False,False,0.6031310414490354,True,False,False,False
2017-01-25,MSFT,63.68,0.0025188916876572875,False,False,1.0,62.766,61.445166666666665,True,False,True,0.5468052405650513,False,False,False,False
2017-01-25,NVDA,107.79,0.0042858473865647895,True,False,1.0,105.75999999999999,94.125,True,False,True,0.5918905798641112,True,False,True,False
2017-01-26,AAPL,121.94,0.0004922874958976919,False,False,1.0,118.78899999999999,114.23833333333333,True,False,False,0.5856018436281061,True,False,False,False
2017-01-26,AMZN,839.15,0.003143977430306588,False,False,1.0,797.3810000000001,775.1693333333334,True,False,False,0.590240089160459,True,False,False,False
2017-01-26,BAC,23.44,0.002995293110825914,True,False,1.0,22.6965,21.246,True,False,True,0.5918905798641112,True,False,True,False
2017-01-26,FB,132.78,0.009887435351384255,False,False,1.0,124.5595,121.452,True,False,False,0.6015609504296013,True,False,False,False
2017-01-26,GOOG,832.15,-0.004212189021982393,False,False,1.0,803.76675,784.0879166666667,True,False,False,0.5526314062310668,True,False,False,False
2017-01-26,GOOGL,856.98,-0.0017123886073737715,False,False,1.0,825.792,803.6401666666666,True,False,False,0.5688815685604799,True,False,False,False
2017-01-26,MSFT,64.27,0.009265075376884369,True,False,1.0,62.8155,61.5185,True,False,True,0.5898214469461983,True,False,True,False
2017-01-26,NVDA,109.65,0.017255775118285577,True,False,1.0,105.37650000000001,94.7765,True,False,True,0.6059464652015493,True,False,True,False
2017-01-27,AAPL,121.95,8.20075446941182e-05,False,False,1.0,119.04850000000002,114.3785,True,False,False,0.5888822202534844,True,False,False,False
2017-01-27,AMZN,835.77,-0.0040278853601859455,False,False,1.0,800.5629999999999,775.9351666666666,True,False,False,0.5918905798641112,True,False,False,False
2017-01-27,BAC,23.36,-0.0034129692832765013,True,False,1.0,22.748,21.360333333333333,True,False,True,0.5918905798641112,True,False,True,False
2017-01-27,FB,132.18,-0.004518752824220429,False,False,1.0,125.32249999999999,121.47183333333334,True,False,False,0.5597962599566951,True,False,False,False
2017-01-27,GOOG,823.31,-0.010623084780388203,True,False,1.0,805.67975,784.7340833333333,True,False,True,0.5560756384473697,True,False,True,False
2017-01-27,GOOGL,845.03,-0.013944316086723196,True,False,1.0,827.8149999999999,804.2256666666666,True,False,True,0.5781936783173135,True,False,True,False
2017-01-27,MSFT,65.78,0.023494632021160866,False,False,1.0,62.955,61.616166666666665,True,False,False,0.6231163308234896,True,False,False,False
2017-01-27,NVDA,111.77,0.019334245326037225,True,False,1.0,105.50250000000001,95.45333333333333,True,False,True,0.5918905798641112,True,False,True,False
2017-01-30,AAPL,121.63,-0.002624026240262478,False,False,1.0,119.2935,114.5475,True,False,False,0.5673847715708518,True,False,False,False
2017-01-30,AMZN,830.38,-0.006449142706725475,True,False,1.0,803.8245,776.6846666666665,True,False,True,0.5918905798641112,True,False,True,False
2017-01-30,BAC,22.95,-0.017551369863013755,True,False,1.0,22.7955,21.466,True,False,True,0.5572101238650746,True,False,True,False
2017-01-30,FB,130.98,-0.00907852927825703,True,False,1.0,126.054,121.4965,True,False,True,0.5635281437626204,True,False,True,False
2017-01-30,GOOG,802.32,-0.02549464964594128,True,False,1.0,806.65625,785.0459166666666,True,False,True,0.7242207664870169,True,False,True,False
2017-01-30,GOOGL,823.83,-0.025087866702957262,True,False,1.0,828.8625,804.5314999999999,True,False,True,0.7055099871428974,True,False,True,False
2017-01-30,MSFT,65.13,-0.00988142292490124,False,False,1.0,63.0665,61.705,True,False,True,0.48677612798550574,False,False,False,False
2017-01-30,NVDA,110.02,-0.015657153082222375,False,False,1.0,105.43199999999999,96.13616666666667,True,False,True,0.5304209497003495,False,False,False,False
2017-01-31,AAPL,121.35,-0.002302063635616247,True,False,1.0,119.57000000000001,114.71016666666667,True,False,True,0.5653386215244244,True,False,True,False
2017-01-31,AMZN,823.48,-0.008309448686143694,True,False,1.0,807.505,777.65,True,False,True,0.5918905798641112,True,False,True,False
2017-01-31,BAC,22.64,-0.01350762527233107,True,False,1.0,22.822499999999998,21.56866666666667,True,False,True,0.5918905798641112,True,False,True,False
2017-01-31,FB,130.32,-0.005038937242327068,True,False,1.0,126.8175,121.549,True,False,True,0.5551896517190621,True,False,True,False
2017-01-31,GOOG,796.79,-0.006892511716023675,True,False,1.0,807.9047499999999,785.5140833333334,True,False,True,0.6591971122068029,True,False,True,False
2017-01-31,GOOGL,820.19,-0.004418387288639636,True,False,1.0,830.2495000000001,805.061,True,False,True,0.6208841523228718,True,False,True,False
2017-01-31,MSFT,64.65,-0.007369875633348566,True,False,1.0,63.19200000000001,61.792,True,False,True,0.557518651506163,True,False,True,False
2017-01-31,NVDA,109.18,-0.007634975459007376,True,False,1.0,105.554,96.80983333333333,True,False,True,0.5829530964769601,True,False,True,False
2017-02-01,AAPL,128.75,0.06098063452822422,False,False,1.0,120.2,115.0255,True,False,False,0.7225164446967319,True,False,False,False
2017-02-01,AMZN,832.35,0.010771360567348287,True,False,1.0,811.4390000000001,778.7386666666666,True,False,True,0.6220759212423003,True,False,True,False
2017-02-01,BAC,22.89,0.011042402826855202,True,False,1.0,22.8405,21.6755,True,False,True,0.606267240644404,True,False,True,False
2017-02-01,FB,133.23,0.0223296500920811,False,False,1.0,127.636,121.76950000000001,True,False,False,0.6548013773825071,True,False,False,False
2017-02-01,GOOG,795.695,-0.0013742642352437828,True,False,1.0,808.3824999999999,786.0735000000001,True,False,True,0.6429699500316466,True,False,True,False
2017-02-01,GOOGL,815.24,-0.006035186968873174,True,False,1.0,830.6110000000001,805.6118333333333,True,False,True,0.6549262181792587,True,False,True,False
2017-02-01,MSFT,63.58,-0.016550657385924317,True,False,1.0,63.242,61.86483333333333,True,False,True,0.6341072718272416,True,False,True,False
2017-02-01,NVDA,113.95,0.043689320388349495,False,False,1.0,106.151,97.57633333333334,True,False,True,0.5220076779517127,False,False,False,False
2017-02-02,AAPL,128.53,-0.0017087378640776585,False,False,1.0,120.82549999999999,115.35366666666667,True,False,False,0.5500582026591478,True,False,False,False
2017-02-02,AMZN,839.95,0.009130774313690138,True,False,1.0,815.5775000000001,780.1536666666667,True,False,True,0.6307872990452086,True,False,True,False
2017-02-02,BAC,22.72,-0.00742682394058547,True,False,1.0,22.829,21.778333333333332,True,False,True,0.5918905798641112,True,False,True,False
2017-02-02,FB,130.84,-0.017938902649553334,True,False,1.0,128.2435,121.93766666666667,True,False,True,0.6313216662142928,True,False,True,False
2017-02-02,GOOG,798.53,0.0035629229792821793,False,False,1.0,808.9639999999999,786.682,True,False,True,0.541794819504417,False,False,False,False
2017-02-02,GOOGL,818.26,0.003704430597124775,False,False,1.0,831.1355,806.2311666666667,True,False,True,0.5432219992778455,False,False,False,False
2017-02-02,MSFT,63.17,-0.006448568732305704,True,False,1.0,63.2855,61.939166666666665,True,False,True,0.6660228292118995,True,False,True,False
2017-02-02,NVDA,115.39,0.012637121544537111,True,False,1.0,106.701,98.37333333333335,True,False,True,0.6009196285759424,True,False,True,False
2017-02-03,AAPL,129.08,0.004279156617132296,False,False,1.0,121.449,115.66483333333333,True,False,False,0.6038588731042432,True,False,False,False
2017-02-03,AMZN,810.2,-0.03541877492707901,True,False,1.0,817.0649999999999,780.5748333333333,True,False,True,0.773301914482575,True,False,True,False
2017-02-03,BAC,23.29,0.02508802816901401,True,False,1.0,22.859500000000004,21.883,True,False,True,0.6377192473858276,True,False,True,False
2017-02-03,FB,130.98,0.0010700091715070137,True,False,1.0,128.75900000000001,122.08483333333334,True,False,True,0.5863409475938383,True,False,True,False
2017-02-03,GOOG,801.49,0.0037068112657008268,False,False,1.0,809.3375,786.9981666666666,True,False,True,0.5082167464597251,False,False,False,False
2017-02-03,GOOGL,820.13,0.0022853371788917887,False,False,1.0,831.491,806.5328333333333,True,False,True,0.5094199694290499,False,False,False,False
2017-02-03,MSFT,63.68,0.008073452588253982,True,False,1.0,63.354499999999994,61.9935,True,False,True,0.6090770933935408,True,False,True,False
2017-02-03,NVDA,114.38,-0.008752924863506428,True,False,1.0,107.333,99.09183333333334,True,False,True,0.5906593764462391,True,False,True,False
2017-02-06,AAPL,130.29,0.009374031608304856,False,False,1.0,122.06799999999998,115.98533333333333,True,False,False,0.5956081565868975,True,False,False,False
2017-02-06,AMZN,807.64,-0.0031597136509504686,True,False,1.0,817.6475,780.9063333333332,True,False,True,0.5630757466426707,True,False,True,False
2017-02-06,BAC,23.12,-0.007299270072992581,True,False,1.0,22.8815,21.985000000000003,True,False,True,0.5814206747187113,True,False,True,False
2017-02-06,FB,132.06,0.008245533669262617,True,False,1.0,129.1915,122.2155,True,False,True,0.5918905798641112,True,False,True,False
2017-02-06,GOOG,801.34,-0.00018715143046077465,True,False,1.0,809.097,787.1786666666667,True,False,True,0.5631185936683124,True,False,True,False
2017-02-06,GOOGL,821.62,0.0018167851438186666,False,False,1.0,831.3115,806.6935,True,False,True,0.5206878549371078,False,False,False,False
2017-02-06,MSFT,63.64,-0.0006281407035175768,True,False,1.0,63.39450000000001,62.04633333333334,True,False,True,0.5915009046800795,True,False,True,False
2017-02-06,NVDA,117.31,0.02561636649763943,True,False,1.0,108.0435,99.861,True,False,True,0.5908114932549894,True,False,True,False
2017-02-07,AAPL,131.53,0.009517230792846831,False,False,1.0,122.69500000000001,116.32950000000001,True,False,False,0.563392701615525,True,False,False,False
2017-02-07,AMZN,812.5,0.006017532564013717,False,False,1.0,818.4264999999999,781.5833333333334,True,False,True,0.49659279315150184,False,False,False,False
2017-02-07,BAC,22.9,-0.009515570934256146,True,False,1.0,22.899,22.067166666666665,True,False,True,0.5833511356465645,True,False,True,False
2017-02-07,FB,131.84,-0.0016659094351052506,True,False,1.0,129.5385,122.35983333333334,True,False,True,0.5918905798641112,True,False,True,False
2017-02-07,GOOG,806.97,0.0070257318990689654,True,False,1.0,809.1129999999999,787.5396666666668,True,False,True,0.5679372531684664,True,False,True,False
2017-02-07,GOOGL,829.23,0.0092621893332685,False,False,1.0,831.414,807.0875,True,False,True,0.49537821251686925,False,False,False,False
2017-02-07,MSFT,63.43,-0.003299811439346323,True,False,1.0,63.434000000000005,62.10066666666667,True,False,True,0.5918905798641112,True,False,True,False
2017-02-07,NVDA,119.13,0.015514448896087218,False,False,1.0,108.63600000000001,100.6805,True,False,False,0.554168417711039,True,False,False,False
2017-02-08,AAPL,132.04,0.003877442408575904,False,False,1.0,123.3415,116.73366666666666,True,False,False,0.6189653159745918,True,False,False,False
2017-02-08,AMZN,819.71,0.008873846153846232,False,False,1.0,819.617,782.8721666666667,True,False,True,0.512048716164333,False,False,False,False
2017-02-08,BAC,22.67,-0.010043668122270644,True,False,1.0,22.8855,22.132333333333335,True,False,True,0.5918905798641112,True,False,True,False
2017-02-08,FB,134.2,0.017900485436893154,True,False,1.0,130.031,122.58316666666666,True,False,True,0.6419003012555418,True,False,True,False
2017-02-08,GOOG,808.38,0.0017472768504405156,True,False,1.0,809.2925,788.3033333333333,True,False,True,0.5918905798641112,True,False,True,False
2017-02-08,GOOGL,829.88,0.0007838597252873836,True,False,1.0,831.6075000000001,807.9140000000001,True,False,True,0.5657353960920498,True,False,True,False
2017-02-08,MSFT,63.34,-0.0014188869620053168,True,False,1.0,63.470000000000006,62.178000000000004,True,False,True,0.5909709628174306,True,False,True,False
2017-02-08,NVDA,118.61,-0.004364979434231531,True,False,1.0,109.24300000000001,101.52783333333333,True,False,True,0.5918905798641112,True,False,True,False
2017-02-09,AAPL,132.42,0.002877915783096041,False,False,1.0,123.975,117.1335,True,False,False,0.6390535735050225,True,False,False,False
2017-02-09,AMZN,821.36,0.0020129070036964958,False,False,1.0,820.734,784.2446666666667,True,False,True,0.5420262712727699,False,False,False,False
2017-02-09,BAC,23.12,0.019850022055579952,True,False,1.0,22.888,22.20066666666667,True,False,True,0.5760559846346044,True,False,True,False
2017-02-09,FB,134.14,-0.00044709388971686526,True,False,1.0,130.4335,122.83516666666668,True,False,True,0.5918905798641112,True,False,True,False
2017-02-09,GOOG,809.56,0.0014597095425417095,True,False,1.0,809.375,789.2289999999999,True,False,True,0.5918905798641112,True,False,True,False
2017-02-09,GOOGL,830.06,0.00021689882874631472,True,False,1.0,831.6175,808.8858333333334,True,False,True,0.5918905798641112,True,False,True,False
2017-02-09,MSFT,64.06,0.011367224502683904,True,False,1.0,63.5135,62.26200000000001,True,False,True,0.5918905798641112,True,False,True,False
2017-02-09,NVDA,116.38,-0.018801112890987293,True,False,1.0,109.804,102.00133333333333,True,False,True,0.5837881341485259,True,False,True,False
2017-02-10,AAPL,132.12,-0.002265518803805988,False,False,1.0,124.6185,117.57366666666667,True,False,False,0.5844468917334268,True,False,False,False
2017-02-10,AMZN,827.46,0.007426706925099946,True,False,1.0,821.425,786.0511666666666,True,False,True,0.5593621604709251,True,False,True,False
2017-02-10,BAC,23.08,-0.0017301038062285112,True,False,1.0,22.896,22.250666666666667,True,False,True,0.5918905798641112,True,False,True,False
2017-02-10,FB,134.19,0.00037274489339500505,True,False,1.0,130.812,123.15366666666667,True,False,True,0.5918905798641112,True,False,True,False
2017-02-10,GOOG,813.67,0.005076831859281539,True,False,1.0,809.7405,790.5221666666667,True,False,True,0.5918905798641112,True,False,True,False
2017-02-10,GOOGL,834.85,0.005770667180685862,True,False,1.0,831.8835000000001,810.2463333333333,True,False,True,0.5918905798641112,True,False,True,False
2017-02-10,MSFT,64.0,-0.0009366219169528733,True,False,1.0,63.58299999999999,62.36,True,False,True,0.5918905798641112,True,False,True,False
2017-02-10,NVDA,113.62,-0.02371541501976282,True,False,1.0,110.31300000000002,102.50099999999999,True,False,True,0.707248758398328,True,False,True,False
2017-02-13,AAPL,133.29,0.008855585831062607,False,False,1.0,125.33099999999999,118.00999999999999,True,False,False,0.6503815095349406,True,False,False,False
2017-02-13,AMZN,836.53,0.01096125492470934,False,False,1.0,822.3945,787.606,True,False,True,0.5332383796121576,False,False,False,False
2017-02-13,BAC,23.4,0.013864818024263537,True,False,1.0,22.9155,22.304666666666666,True,False,True,0.6054895266193933,True,False,True,False
2017-02-13,FB,134.05,-0.0010432968179445723,True,False,1.0,131.09750000000003,123.43450000000001,True,False,True,0.5918905798641112,True,False,True,False
2017-02-13,GOOG,819.24,0.006845527056423384,True,False,1.0,810.3085,791.5346666666667,True,False,True,0.5918905798641112,True,False,True,False
2017-02-13,GOOGL,838.96,0.0049230400670778884,True,False,1.0,832.2845,811.3096666666665,True,False,True,0.5918905798641112,True,False,True,False
2017-02-13,MSFT,64.72,0.011249999999999982,True,False,1.0,63.684000000000005,62.457499999999996,True,False,True,0.5918905798641112,True,False,True,False
2017-02-13,NVDA,108.38,-0.04611864108431618,True,False,1.0,110.5605,102.87083333333334,True,False,True,0.7298753353793322,True,False,True,False
2017-02-14,AAPL,135.02,0.012979218245930069,False,False,1.0,126.082,118.42716666666666,True,False,False,0.6795288672767725,True,False,False,False
2017-02-14,AMZN,836.39,-0.00016735801465572742,True,False,1.0,823.7280000000001,789.1043333333333,True,False,True,0.5830384249691684,True,False,True,False
2017-02-14,BAC,24.06,0.028205128205128105,True,False,1.0,23.016,22.376500000000004,True,False,True,0.6236510042981626,True,False,True,False
2017-02-14,FB,133.85,-0.0014919806042522632,True,False,1.0,131.3965,123.72633333333333,True,False,True,0.5918905798641112,True,False,True,False
2017-02-14,GOOG,820.45,0.0014769786631512183,True,False,1.0,811.1005,792.4675,True,False,True,0.5918905798641112,True,False,True,False
2017-02-14,GOOGL,840.03,0.0012753885763325812,True,False,1.0,832.9129999999999,812.3105,True,False,True,0.5918905798641112,True,False,True,False
2017-02-14,MSFT,64.57,-0.0023176761433869597,True,False,1.0,63.786,62.5395,True,False,True,0.5918905798641112,True,False,True,False
2017-02-14,NVDA,108.78,0.0036907178446208277,True,False,1.0,110.944,103.15666666666668,True,False,True,0.6986713217026266,True,False,True,False
2017-02-15,AAPL,135.51,0.0036290919863721793,False,False,1.0,126.85799999999999,118.85316666666667,True,False,False,0.6342844280315547,True,False,False,False
2017-02-15,AMZN,842.7,0.007544327407071005,True,False,1.0,825.4889999999999,790.5426666666666,True,False,True,0.5918905798641112,True,False,True,False
2017-02-15,BAC,24.58,0.021612635078969156,True,False,1.0,23.1135,22.4515,True,False,True,0.588472888587095,True,False,True,False
2017-02-15,FB,133.44,-0.00306313036981698,True,False,1.0,131.6725,123.98716666666668,True,False,True,0.5918905798641112,True,False,True,False
2017-02-15,GOOG,818.98,-0.0017916996770065419,True,False,1.0,811.746,793.2633333333334,True,False,True,0.5918905798641112,True,False,True,False
2017-02-15,GOOGL,837.32,-0.0032260752592168096,True,False,1.0,833.3280000000001,813.1631666666667,True,False,True,0.5918905798641112,True,False,True,False
2017-02-15,MSFT,64.53,-0.0006194827319186968,True,False,1.0,63.8875,62.60433333333333,True,False,True,0.5918905798641112,True,False,True,False
2017-02-15,NVDA,109.0,0.0020224305938592035,True,False,1.0,111.24650000000001,103.43350000000001,True,False,True,0.5601307526522662,True,False,True,False
2017-02-16,AAPL,135.345,-0.0012176223156962207,False,False,1.0,127.63624999999999,119.27458333333333,True,False,False,0.6146608581021229,True,False,False,False
2017-02-16,AMZN,844.14,0.0017087931648271937,True,False,1.0,827.244,791.9423333333333,True,False,True,0.5918905798641112,True,False,True,False
2017-02-16,BAC,24.58,0.0,True,False,1.0,23.216,22.52783333333333,True,False,True,0.5591032848160863,True,False,True,False
2017-02-16,FB,133.84,0.002997601918465209,True,False,1.0,131.987,124.2675,True,False,True,0.5918905798641112,True,False,True,False
2017-02-16,GOOG,824.16,0.00632494077999457,True,False,1.0,812.84525,794.3236666666667,True,False,True,0.5918905798641112,True,False,True,False
2017-02-16,GOOGL,842.17,0.0057922896861413165,True,False,1.0,834.2180000000001,814.2665,True,False,True,0.5918905798641112,True,False,True,False
2017-02-16,MSFT,64.52,-0.00015496668216341547,True,False,1.0,63.99849999999999,62.67383333333334,True,False,True,0.5918905798641112,True,False,True,False
2017-02-16,NVDA,107.25,-0.016055045871559592,True,False,1.0,111.351,103.665,True,False,True,0.690361658017032,True,False,True,False
2017-02-17,AAPL,135.72,0.002770697107392195,False,False,1.0,128.42225000000002,119.67441666666667,True,False,False,0.6357604892105613,True,False,False,False
2017-02-17,AMZN,845.07,0.0011017129859975938,True,False,1.0,829.0809999999999,793.0268333333333,True,False,True,0.5918905798641112,True,False,True,False
2017-02-17,BAC,24.52,-0.0024410089503661414,True,False,1.0,23.31,22.597666666666665,True,False,True,0.5923645226864593,True,False,True,False
2017-02-17,FB,133.53,-0.0023161984459055818,True,False,1.0,132.3115,124.46350000000001,True,False,True,0.5918905798641112,True,False,True,False
2017-02-17,GOOG,828.07,0.004744224422442267,True,False,1.0,813.99775,795.3048333333332,True,False,True,0.5918905798641112,True,False,True,False
2017-02-17,GOOGL,846.55,0.005200850184642114,True,False,1.0,835.137,815.2956666666666,True,False,True,0.5918905798641112,True,False,True,False
2017-02-17,MSFT,64.62,0.001549907005579776,True,False,1.0,64.0925,62.7365,True,False,True,0.5918905798641112,True,False,True,False
2017-02-17,NVDA,107.23,-0.00018648018648015352,True,False,1.0,111.51200000000001,103.90249999999999,True,False,True,0.6015986409109443,True,False,True,False
2017-02-21,AAPL,136.7,0.007220748600058835,False,False,1.0,129.25325,120.08941666666666,True,False,False,0.662372456232325,True,False,False,False
2017-02-21,AMZN,856.44,0.013454506727253346,True,False,1.0,831.009,794.212,True,False,True,0.5957431822313045,True,False,True,False
2017-02-21,BAC,24.78,0.01060358890701485,False,False,1.0,23.421,22.672333333333334,True,False,False,0.5966895533035496,True,False,False,False
2017-02-21,FB,133.72,0.0014229012206994351,True,False,1.0,132.551,124.66766666666668,True,False,True,0.5918905798641112,True,False,True,False
2017-02-21,GOOG,831.66,0.0043353822744451875,True,False,1.0,814.61525,796.3613333333334,True,False,True,0.5918905798641112,True,False,True,False
2017-02-21,GOOGL,849.27,0.0032130411670900916,True,False,1.0,835.3789999999999,816.3668333333334,True,False,True,0.5918905798641112,True,False,True,False
2017-02-21,MSFT,64.49,-0.002011761064686035,True,False,1.0,64.16900000000001,62.79266666666667,True,False,True,0.5918905798641112,True,False,True,False
2017-02-21,NVDA,111.07,0.035810873822624156,False,False,1.0,111.81099999999999,104.19283333333333,True,False,True,0.5165146320589005,False,False,False,False
2017-02-22,AAPL,137.11,0.0029992684711048767,False,False,1.0,130.11025,120.52074999999999,True,False,False,0.6557506359026948,True,False,False,False
2017-02-22,AMZN,855.61,-0.0009691280183083961,True,False,1.0,832.6674999999999,795.4701666666667,True,False,True,0.5918905798641112,True,False,True,False
2017-02-22,BAC,24.79,0.0004035512510087713,False,False,1.0,23.512999999999998,22.742833333333337,True,False,False,0.5918905798641112,True,False,False,False
2017-02-22,FB,136.12,0.017947950942267532,False,False,1.0,132.8885,124.92233333333334,True,False,False,0.6385777180016675,True,False,False,False
2017-02-22,GOOG,830.76,-0.0010821730033907517,True,False,1.0,814.95975,797.5241666666667,True,False,True,0.5918905798641112,True,False,True,False
2017-02-22,GOOGL,851.36,0.0024609370400461295,True,False,1.0,835.4705,817.5728333333334,True,False,True,0.5918905798641112,True,False,True,False
2017-02-22,MSFT,64.36,-0.0020158164056441885,True,False,1.0,64.21099999999998,62.858666666666664,True,False,True,0.5918905798641112,True,False,True,False
2017-02-22,NVDA,110.76,-0.0027910326820922426,True,False,1.0,111.9825,104.47266666666665,True,False,True,0.5880121551066241,True,False,True,False
2017-02-23,AAPL,136.53,-0.004230180147327012,False,False,1.0,130.84275,120.93308333333334,True,False,False,0.5940873172926759,True,False,False,False
2017-02-23,AMZN,852.19,-0.003997148233424008,True,False,1.0,833.451,796.6671666666666,True,False,True,0.5918905798641112,True,False,True,False
2017-02-23,BAC,24.58,-0.008471157724889156,True,False,1.0,23.5735,22.80483333333333,True,False,True,0.5899675632650712,True,False,True,False
2017-02-23,FB,135.36,-0.005583308845136581,True,False,1.0,133.08249999999998,125.172,True,False,True,0.564585154663708,True,False,True,False
2017-02-23,GOOG,831.33,0.0006861187346527409,True,False,1.0,814.74275,798.685,True,False,True,0.5918905798641112,True,False,True,False
2017-02-23,GOOGL,851.0,-0.0004228528472092208,True,False,1.0,835.098,818.7523333333334,True,False,True,0.5918905798641112,True,False,True,False
2017-02-23,MSFT,64.62,0.004039776258545791,True,False,1.0,64.25800000000001,62.92683333333333,True,False,True,0.5918905798641112,True,False,True,False
2017-02-23,NVDA,100.49,-0.09272300469483574,True,False,1.0,111.61749999999999,104.57816666666666,True,False,True,0.8222813652068933,True,False,True,False
2017-02-24,AAPL,136.66,0.0009521716838789551,False,False,1.0,131.57875,121.35125,True,False,False,0.637975816133319,True,False,False,False
2017-02-24,AMZN,845.24,-0.008155458289818007,True,False,1.0,833.7555,797.975,True,False,True,0.5846388901197899,True,False,True,False
2017-02-24,BAC,24.23,-0.01423921887713575,True,False,1.0,23.613,22.870333333333335,True,False,True,0.5717692753267752,True,False,True,False
2017-02-24,FB,135.44,0.0005910165484632746,True,False,1.0,133.2155,125.4225,True,False,True,0.5918905798641112,True,False,True,False
2017-02-24,GOOG,828.64,-0.003235778812264778,True,False,1.0,814.5672500000001,799.6916666666667,True,False,True,0.5918905798641112,True,False,True,False
2017-02-24,GOOGL,847.81,-0.0037485311398355314,True,False,1.0,834.6395,819.786,True,False,True,0.5918905798641112,True,False,True,False
2017-02-24,MSFT,64.62,0.0,True,False,1.0,64.2755,62.99366666666666,True,False,True,0.5918905798641112,True,False,True,False
2017-02-24,NVDA,101.46,0.009652701761369231,True,False,1.0,111.208,104.70066666666666,True,False,True,0.6486120982261994,True,False,True,False
2017-02-27,AAPL,136.93,0.001975706132006483,False,False,1.0,132.32774999999998,121.77575,True,False,False,0.6479442391561406,True,False,False,False
2017-02-27,AMZN,848.64,0.004022526146419958,True,False,1.0,834.399,799.4103333333334,True,False,True,0.5918905798641112,True,False,True,False
2017-02-27,BAC,24.57,0.014032191498142721,True,False,1.0,23.673499999999997,22.941666666666666,True,False,True,0.592624277182679,True,False,True,False
2017-02-27,FB,136.41,0.007161842882457137,True,False,1.0,133.427,125.6815,True,False,True,0.6008894462743231,True,False,True,False
2017-02-27,GOOG,829.28,0.0007723498744931501,True,False,1.0,814.8657499999999,800.6656666666667,True,False,True,0.5918905798641112,True,False,True,False
2017-02-27,GOOGL,849.67,0.0021938877814604574,True,False,1.0,834.8715,820.7898333333334,True,False,True,0.5918905798641112,True,False,True,False
2017-02-27,MSFT,64.23,-0.00603528319405755,True,False,1.0,64.19800000000001,63.046,True,False,True,0.5907449771954278,True,False,True,False
2017-02-27,NVDA,104.41,0.029075497733096922,False,False,1.0,110.84,104.88666666666667,True,False,True,0.5121186857513217,False,False,False,False
2017-02-28,AAPL,136.99,0.00043818009201790353,False,False,1.0,133.09575,122.21691666666668,True,False,False,0.6401053013849267,True,False,False,False
2017-02-28,AMZN,845.04,-0.004242081447963786,True,False,1.0,835.132,800.9848333333334,True,False,True,0.5852668386180532,True,False,True,False
2017-02-28,BAC,24.68,0.004477004477004387,True,False,1.0,23.759999999999998,23.000999999999998,True,False,True,0.5918905798641112,True,False,True,False
2017-02-28,FB,135.54,-0.006377831537277334,True,False,1.0,133.65500000000003,125.96683333333334,True,False,True,0.5752769330882265,True,False,True,False
2017-02-28,GOOG,823.21,-0.00731960254678754,True,False,1.0,815.91025,801.7518333333334,True,False,True,0.6162551612202574,True,False,True,False
2017-02-28,GOOGL,844.93,-0.005578636411783355,True,False,1.0,835.9264999999999,821.9406666666666,True,False,True,0.5918905798641112,True,False,True,False
2017-02-28,MSFT,63.98,-0.0038922621827807147,True,False,1.0,64.1405,63.108,True,False,True,0.5918905798641112,True,False,True,False
2017-02-28,NVDA,101.48,-0.02806244612584996,True,False,1.0,110.41300000000001,105.04133333333334,True,False,True,0.6874325112166565,True,False,True,False
2017-03-01,AAPL,139.79,0.020439448134900173,False,False,1.0,134.01775,122.72191666666667,True,False,False,0.6863119087185336,True,False,False,False
2017-03-01,AMZN,853.08,0.009514342516330654,True,False,1.0,836.6120000000001,802.8086666666666,True,False,True,0.592238672514308,True,False,True,False
2017-03-01,BAC,25.5,0.03322528363047006,False,False,1.0,23.903,23.067666666666664,True,False,False,0.6774135481692092,True,False,False,False
2017-03-01,FB,137.42,0.013870444149328476,True,False,1.0,134.01,126.33883333333333,True,False,True,0.6271929979248476,True,False,True,False
2017-03-01,GOOG,835.24,0.014613525102950664,True,False,1.0,817.83275,803.2071666666667,True,False,True,0.6420093428189002,True,False,True,False
2017-03-01,GOOGL,856.75,0.013989324559430916,True,False,1.0,837.7545,823.481,True,False,True,0.6443686604971569,True,False,True,False
2017-03-01,MSFT,64.94,0.015004688965301716,True,False,1.0,64.155,63.20366666666666,True,False,True,0.6227921507302502,True,False,True,False
2017-03-01,NVDA,102.79,0.012908947575877017,False,False,1.0,110.09349999999999,105.29383333333334,True,False,True,0.5320272537262021,False,False,False,False
2017-03-02,AAPL,138.96,-0.0059374776450388245,False,False,1.0,134.52824999999999,123.20625,True,False,False,0.5647758292451509,True,False,False,False
2017-03-02,AMZN,848.91,-0.004888169925446717,True,False,1.0,837.4399999999999,804.6181666666668,True,False,True,0.591579050950787,True,False,True,False
2017-03-02,BAC,25.23,-0.010588235294117676,False,False,1.0,24.020000000000003,23.134333333333334,True,False,True,0.544081114307583,False,False,False,False
2017-03-02,FB,136.76,-0.004802794353078177,True,False,1.0,134.1865,126.69483333333332,True,False,True,0.5918905798641112,True,False,True,False
2017-03-02,GOOG,830.63,-0.005519371677601637,True,False,1.0,819.5795,804.5426666666666,True,False,True,0.5918905798641112,True,False,True,False
2017-03-02,GOOGL,849.85,-0.008053691275167751,True,False,1.0,839.485,824.9041666666667,True,False,True,0.5918905798641112,True,False,True,False
2017-03-02,MSFT,64.01,-0.014320911610717468,True,False,1.0,64.1765,63.283,True,False,True,0.5918905798641112,True,False,True,False
2017-03-02,NVDA,99.0,-0.036871290981613014,True,False,1.0,109.346,105.46966666666667,True,False,True,0.6862543610022113,True,False,True,False
2017-03-03,AAPL,139.78,0.005900978698906156,False,False,1.0,135.09075,123.71741666666667,True,False,False,0.6272286914005673,True,False,False,False
2017-03-03,AMZN,849.88,0.001142641740585093,True,False,1.0,837.9365,806.1268333333334,True,False,True,0.5918905798641112,True,False,True,False
2017-03-03,BAC,25.44,0.00832342449464929,True,False,1.0,24.156,23.194333333333336,True,False,True,0.5918905798641112,True,False,True,False
2017-03-03,FB,137.17,0.0029979526177243976,True,False,1.0,134.503,127.02383333333333,True,False,True,0.5918905798641112,True,False,True,False
2017-03-03,GOOG,829.08,-0.0018660534774809223,True,False,1.0,821.107,805.6519999999999,True,False,True,0.5918905798641112,True,False,True,False
2017-03-03,GOOGL,849.08,-0.0009060422427487058,True,False,1.0,841.0260000000001,826.0851666666666,True,False,True,0.5918905798641112,True,False,True,False
2017-03-03,MSFT,64.25,0.0037494141540383996,True,False,1.0,64.23049999999999,63.350166666666674,True,False,True,0.5918905798641112,True,False,True,False
2017-03-03,NVDA,98.43,-0.005757575757575739,True,False,1.0,108.498,105.57883333333334,True,False,True,0.6309492055684779,True,False,True,False
2017-03-06,AAPL,139.34,-0.0031478036915152385,False,False,1.0,135.60375000000002,124.20725,True,False,False,0.5751879311289162,True,False,False,False
2017-03-06,AMZN,846.61,-0.0038476020144020406,True,False,1.0,839.757,807.4916666666667,True,False,True,0.5682660887187129,True,False,True,False
2017-03-06,BAC,25.25,-0.007468553459119565,True,False,1.0,24.253999999999998,23.245833333333334,True,False,True,0.5918905798641112,True,False,True,False
2017-03-06,FB,137.42,0.0018225559524678303,True,False,1.0,134.825,127.359,True,False,True,0.5918905798641112,True,False,True,False
2017-03-06,GOOG,827.78,-0.0015680030877600615,True,False,1.0,822.4215,806.7965,True,False,True,0.5918905798641112,True,False,True,False
2017-03-06,GOOGL,847.27,-0.0021317190370755412,True,False,1.0,842.383,827.2700000000001,True,False,True,0.5918905798641112,True,False,True,False
2017-03-06,MSFT,64.27,0.0003112840466925615,True,False,1.0,64.26,63.42216666666666,True,False,True,0.5918905798641112,True,False,True,False
2017-03-06,NVDA,97.67,-0.007721223204307681,True,False,1.0,107.6625,105.65016666666666,True,False,True,0.6567375544187369,True,False,True,False
2017-03-07,AAPL,139.52,0.001291804219893944,False,False,1.0,136.06525000000002,124.68208333333332,True,False,False,0.5879738457917112,True,False,False,False
2017-03-07,AMZN,846.02,-0.0006968970364158444,True,False,1.0,841.676,808.7516666666668,True,False,True,0.5918905798641112,True,False,True,False
2017-03-07,BAC,25.21,-0.0015841584158415856,True,False,1.0,24.3585,23.28983333333333,True,False,True,0.5918905798641112,True,False,True,False
2017-03-07,FB,137.3,-0.0008732353369230728,True,False,1.0,135.087,127.6815,True,False,True,0.5918905798641112,True,False,True,False
2017-03-07,GOOG,831.91,0.004989248351011222,True,False,1.0,823.95,807.8085,True,False,True,0.5918905798641112,True,False,True,False
2017-03-07,GOOGL,851.15,0.004579413882233485,True,False,1.0,843.8594999999999,828.2646666666667,True,False,True,0.5918905798641112,True,False,True,False
2017-03-07,MSFT,64.4,0.0020227166640736094,True,False,1.0,64.298,63.47266666666667,True,False,True,0.5918905798641112,True,False,True,False
2017-03-07,NVDA,98.74,0.01095525749974402,True,False,1.0,106.734,105.71133333333334,True,False,True,0.5918905798641112,True,False,True,False
2017-03-08,AAPL,139.0,-0.0037270642201835402,False,False,1.0,136.43875,125.13008333333332,True,False,False,0.5835807453016131,True,False,False,False
2017-03-08,AMZN,850.5,0.0052953830878703645,True,False,1.0,843.576,810.1378333333334,True,False,True,0.5933588114868596,True,False,True,False
2017-03-08,BAC,25.26,0.0019833399444664224,True,False,1.0,24.476499999999998,23.32833333333333,True,False,True,0.607362713708853,True,False,True,False
2017-03-08,FB,137.72,0.0030589949016750495,True,False,1.0,135.38100000000003,127.99499999999999,True,False,True,0.5918905798641112,True,False,True,False
2017-03-08,GOOG,835.37,0.004159103749203696,True,False,1.0,825.3699999999999,808.7909999999999,True,False,True,0.5918905798641112,True,False,True,False
2017-03-08,GOOGL,853.64,0.002925453797802957,True,False,1.0,845.0799999999999,829.2391666666667,True,False,True,0.5918905798641112,True,False,True,False
2017-03-08,MSFT,64.99,0.009161490683229578,True,False,1.0,64.376,63.539,True,False,True,0.6084378219907071,True,False,True,False
2017-03-08,NVDA,98.56,-0.0018229694146242315,False,True,0.0,105.7055,105.79599999999999,False,True,True,0.5918905798641112,True,False,False,True
2017-03-09,AAPL,138.68,-0.002302158273381205,False,False,1.0,136.77075,125.54225,True,False,False,0.5844402908863054,True,False,False,False
2017-03-09,AMZN,853.0,0.0029394473838917357,True,False,1.0,845.2405000000001,811.5435,True,False,True,0.5918905798641112,True,False,True,False
2017-03-09,BAC,25.35,0.0035629453681709222,True,False,1.0,24.6105,23.366,True,False,True,0.5918905798641112,True,False,True,False
2017-03-09,FB,138.24,0.0037757769387163354,False,False,1.0,135.583,128.30433333333335,True,False,False,0.5955150644500766,True,False,False,False
2017-03-09,GOOG,838.68,0.003962316099452856,True,False,1.0,826.885,809.6141666666666,True,False,True,0.5873978909200258,True,False,True,False
2017-03-09,GOOGL,857.84,0.004920106836605598,True,False,1.0,846.4780000000001,830.0456666666666,True,False,True,0.5861405416607739,True,False,True,False
2017-03-09,MSFT,64.73,-0.004000615479304415,True,False,1.0,64.44550000000001,63.585,True,False,True,0.5918905798641112,True,False,True,False
2017-03-09,NVDA,98.54,-0.00020292207792205197,False,True,0.0,104.702,105.90799999999999,False,True,True,0.5918905798641112,True,False,False,True
2017-03-10,AAPL,139.14,0.003316988751081551,False,False,1.0,137.10674999999998,125.97291666666666,True,False,False,0.6072079072102106,True,False,False,False
2017-03-10,AMZN,852.46,-0.0006330597889799838,True,False,1.0,846.7955,813.0825000000001,True,False,True,0.5709050670167506,True,False,True,False
2017-03-10,BAC,25.31,-0.0015779092702170594,True,False,1.0,24.72,23.411,True,False,True,0.5918905798641112,True,False,True,False
2017-03-10,FB,138.79,0.0039785879629627985,False,False,1.0,135.8155,128.65466666666666,True,False,False,0.5957659259821128,True,False,False,False
2017-03-10,GOOG,843.25,0.005449038965994246,True,False,1.0,828.5695,810.5138333333332,True,False,True,0.594125774105118,True,False,True,False
2017-03-10,GOOGL,861.405,0.004155786626876656,True,False,1.0,848.0452499999999,830.9374166666665,True,False,True,0.5900506016456588,True,False,True,False
2017-03-10,MSFT,64.93,0.003089757454039832,True,False,1.0,64.489,63.63099999999999,True,False,True,0.5918905798641112,True,False,True,False
2017-03-10,NVDA,99.12,0.005885934645829094,False,True,0.0,103.83899999999998,106.06683333333334,False,True,True,0.5918905798641112,True,False,False,True
2017-03-13,AAPL,139.2,0.0004312203536007697,False,False,1.0,137.46075000000002,126.37308333333334,True,False,False,0.5813497039464474,True,False,False,False
2017-03-13,AMZN,854.59,0.002498650963095095,True,False,1.0,848.152,814.42,True,False,True,0.5918905798641112,True,False,True,False
2017-03-13,BAC,25.3,-0.0003951007506913795,True,False,1.0,24.831,23.45583333333333,True,False,True,0.5918905798641112,True,False,True,False
2017-03-13,FB,139.6,0.005836155342603844,False,False,1.0,136.08599999999998,128.97616666666667,True,False,False,0.5928573913684783,True,False,False,False
2017-03-13,GOOG,845.54,0.0027156833679216064,True,False,1.0,830.1630000000001,811.3378333333333,True,False,True,0.5918905798641112,True,False,True,False
2017-03-13,GOOGL,864.58,0.003685838833069388,True,False,1.0,849.5317500000001,831.7580833333334,True,False,True,0.5918905798641112,True,False,True,False
2017-03-13,MSFT,64.71,-0.003388264284614362,True,False,1.0,64.5245,63.65983333333333,True,False,True,0.5918905798641112,True,False,True,False
2017-03-13,NVDA,101.85,0.027542372881355748,False,True,0.0,103.25050000000002,106.24483333333333,False,True,True,0.5499713642817192,False,False,False,True
2017-03-14,AAPL,138.99,-0.0015086206896550713,False,False,1.0,137.74575,126.76974999999999,True,False,False,0.5898484335880855,True,False,False,False
2017-03-14,AMZN,852.53,-0.002410512643489904,True,False,1.0,848.952,815.8151666666666,True,False,True,0.5918905798641112,True,False,True,False
2017-03-14,BAC,25.32,0.0007905138339920903,True,False,1.0,24.927,23.5,True,False,True,0.5918905798641112,True,False,True,False
2017-03-14,FB,139.32,-0.0020057306590257618,False,False,1.0,136.34949999999998,129.29466666666667,True,False,False,0.5887007918102084,True,False,False,False
2017-03-14,GOOG,845.62,9.461409276911859e-05,True,False,1.0,831.482,812.147,True,False,True,0.5918905798641112,True,False,True,False
2017-03-14,GOOGL,865.91,0.0015383191838811427,True,False,1.0,850.87925,832.5584166666667,True,False,True,0.5918905798641112,True,False,True,False
2017-03-14,MSFT,64.41,-0.004636068613815492,True,False,1.0,64.509,63.68866666666667,True,False,True,0.574109860625303,True,False,True,False
2017-03-14,NVDA,101.78,-0.0006872852233675841,False,True,0.0,102.92049999999999,106.33366666666666,False,True,True,0.578735286905449,True,False,False,True
2017-03-15,AAPL,140.46,0.01057630045326996,False,False,1.0,138.01775,127.18041666666666,True,False,False,0.6210510914290556,True,False,False,False
2017-03-15,AMZN,852.97,0.0005161108699986983,False,False,1.0,849.781,817.348,True,False,True,0.540120880617963,False,False,False,False
2017-03-15,BAC,25.18,-0.005529225908372903,False,False,1.0,24.983,23.533666666666665,True,False,True,0.5438623637795722,False,False,False,False
2017-03-15,FB,139.72,0.0028710881424061085,False,False,1.0,136.64299999999997,129.61383333333333,True,False,False,0.5857580131350362,True,False,False,False
2017-03-15,GOOG,847.2,0.0018684515503417654,False,False,1.0,832.8195,812.9694999999999,True,False,False,0.5981569200575698,True,False,False,False
2017-03-15,GOOGL,868.39,0.0028640389878855643,False,False,1.0,852.29725,833.4374166666668,True,False,False,0.6009277867423036,True,False,False,False
2017-03-15,MSFT,64.75,0.005278683434249309,True,False,1.0,64.518,63.724833333333336,True,False,True,0.5792550371376592,True,False,True,False
2017-03-15,NVDA,102.55,0.007565337001375516,False,True,0.0,102.609,106.39766666666667,False,True,True,0.5929089233831516,True,False,False,True
2017-03-16,AAPL,140.69,0.0016374768617399837,False,False,1.0,138.27675,127.59241666666667,True,False,False,0.6039064672808112,True,False,False,False
2017-03-16,AMZN,853.42,0.0005275683787235863,True,False,1.0,850.317,818.9421666666666,True,False,True,0.5918905798641112,True,False,True,False
2017-03-16,BAC,25.22,0.001588562351072298,True,False,1.0,25.015,23.57633333333333,True,False,True,0.5918905798641112,True,False,True,False
2017-03-16,FB,139.99,0.001932436301173901,False,False,1.0,136.9705,129.94916666666666,True,False,False,0.5953064045760492,True,False,False,False
2017-03-16,GOOG,848.78,0.00186496694995264,False,False,1.0,834.3095,813.9358333333332,True,False,False,0.5918905798641112,True,False,False,False
2017-03-16,GOOGL,870.0,0.0018540056886882095,False,False,1.0,853.93125,834.4400833333334,True,False,False,0.5918905798641112,True,False,False,False
2017-03-16,MSFT,64.64,-0.0016988416988417132,True,False,1.0,64.5235,63.76383333333333,True,False,True,0.5918905798641112,True,False,True,False
2017-03-16,NVDA,103.81,0.012286689419795271,False,True,0.0,102.3495,106.45433333333334,False,True,True,0.5918905798641112,True,False,False,True
2017-03-17,AAPL,139.99,-0.004975478001279288,False,False,1.0,138.50900000000001,127.98158333333335,True,False,False,0.5558698121010482,True,False,False,False
2017-03-17,AMZN,852.31,-0.0013006491528204656,False,False,1.0,850.7255000000001,820.3806666666667,True,False,True,0.5358958760607153,False,False,False,False
2017-03-17,BAC,24.86,-0.014274385408405976,True,False,1.0,25.029,23.616,True,False,True,0.6042536645099805,True,False,True,False
2017-03-17,FB,139.84,-0.001071505107507753,False,False,1.0,137.27050000000003,130.2925,True,False,False,0.5781136078008825,True,False,False,False
2017-03-17,GOOG,852.12,0.003935059732792956,False,False,1.0,835.7075000000001,814.9011666666667,True,False,False,0.61473984652217,True,False,False,False
2017-03-17,GOOGL,872.37,0.0027241379310345426,False,False,1.0,855.4412500000001,835.4379166666666,True,False,False,0.6034652851040013,True,False,False,False
2017-03-17,MSFT,64.87,0.0035581683168317557,True,False,1.0,64.541,63.784666666666666,True,False,True,0.6308603524715805,True,False,True,False
2017-03-17,NVDA,106.07,0.02177054233696163,False,True,0.0,102.2905,106.52833333333334,False,True,True,0.5705592964218815,True,False,False,True
2017-03-20,AAPL,141.46,0.010500750053575203,False,False,1.0,138.796,128.39008333333334,True,False,False,0.6302235104332145,True,False,False,False
2017-03-20,AMZN,856.97,0.005467494221586211,True,False,1.0,851.3205,821.8098333333334,True,False,True,0.586318420924466,True,False,True,False
2017-03-20,BAC,24.44,-0.016894609814963713,True,False,1.0,25.025,23.64483333333333,True,False,True,0.6129508357216809,True,False,True,False
2017-03-20,FB,139.94,0.0007151029748282411,False,False,1.0,137.59099999999998,130.64,True,False,False,0.5873337004837874,True,False,False,False
2017-03-20,GOOG,848.4,-0.004365582312350402,True,False,1.0,836.7239999999999,815.7675,True,False,True,0.5918905798641112,True,False,True,False
2017-03-20,GOOGL,867.91,-0.0051125096002843096,True,False,1.0,856.5092500000001,836.3164166666667,True,False,True,0.5642011622437663,True,False,True,False
2017-03-20,MSFT,64.93,0.0009249267766302527,True,False,1.0,64.5565,63.807833333333335,True,False,True,0.5918905798641112,True,False,True,False
2017-03-20,NVDA,109.45,0.03186574903365713,False,True,0.0,102.40149999999998,106.59966666666666,False,True,True,0.5774547943085355,True,False,False,True
2017-03-21,AAPL,139.84,-0.011452000565530973,False,False,1.0,138.953,128.76975000000002,True,False,True,0.5232735002764244,False,False,False,False
2017-03-21,AMZN,843.2,-0.016068240428486424,True,False,1.0,850.6584999999999,823.0198333333334,True,False,True,0.7130674975261776,True,False,True,False
2017-03-21,BAC,23.02,-0.05810147299509005,True,False,1.0,24.937,23.651333333333334,True,False,True,0.8488438520386278,True,False,True,False
2017-03-21,FB,138.51,-0.01021866514220382,True,False,1.0,137.8305,130.9645,True,False,True,0.593701180990985,True,False,True,False
2017-03-21,GOOG,830.46,-0.021145685997171038,True,False,1.0,836.6640000000001,816.3658333333333,True,False,True,0.7362375551027792,True,False,True,False
2017-03-21,GOOGL,850.14,-0.020474473159659445,True,False,1.0,856.5527500000001,836.94875,True,False,True,0.7540115617664958,True,False,True,False
2017-03-21,MSFT,64.21,-0.011088864931464881,True,False,1.0,64.54249999999999,63.818999999999996,True,False,True,0.6024291801107311,True,False,True,False
2017-03-21,NVDA,105.91,-0.03234353586112382,False,True,0.0,102.14349999999999,106.60099999999998,False,True,True,0.621712347334391,True,False,False,True
2017-03-22,AAPL,141.42,0.01129862700228812,True,False,1.0,139.1685,129.18858333333336,True,False,True,0.6231797940913486,True,False,True,False
2017-03-22,AMZN,848.06,0.0057637571157493905,False,False,1.0,850.281,824.3818333333332,True,False,True,0.5333777543716526,False,False,False,False
2017-03-22,BAC,22.94,-0.0034752389226758718,True,False,1.0,24.8445,23.658,True,False,True,0.7446602821385804,True,False,True,False
2017-03-22,FB,139.59,0.007797270955165692,True,False,1.0,138.004,131.33433333333335,True,False,True,0.6176670923132013,True,False,True,False
2017-03-22,GOOG,829.59,-0.0010476121667509775,True,False,1.0,836.6055,817.0046666666666,True,False,True,0.5882509733813314,True,False,True,False
2017-03-22,GOOGL,849.8,-0.0003999341284964819,True,False,1.0,856.47475,837.6174166666666,True,False,True,0.5769851485478995,True,False,True,False
2017-03-22,MSFT,65.03,0.012770596480299101,True,False,1.0,64.57600000000001,63.843666666666664,True,False,True,0.5918905798641112,True,False,True,False
2017-03-22,NVDA,108.07,0.02039467472382217,False,True,0.0,102.009,106.617,False,True,True,0.5957998481705026,True,False,False,True
2017-03-23,AAPL,140.92,-0.0035355678121906653,True,False,1.0,139.388,129.59525,True,False,True,0.57981968357429,True,False,True,False
2017-03-23,AMZN,847.38,-0.0008018300591938754,True,False,1.0,850.0405000000001,825.8283333333334,True,False,True,0.5918905798641112,True,False,True,False
2017-03-23,BAC,23.07,0.005666957279860441,True,False,1.0,24.769,23.665833333333335,True,False,True,0.6173132031025039,True,False,True,False
2017-03-23,FB,139.53,-0.0004298302170643309,True,False,1.0,138.2125,131.70533333333333,True,False,True,0.5918905798641112,True,False,True,False
2017-03-23,GOOG,817.58,-0.01447703082245444,True,False,1.0,835.918,817.4658333333333,True,False,True,0.8010481804189883,True,False,True,False
2017-03-23,GOOGL,839.65,-0.011943986820428298,True,False,1.0,855.90725,838.14825,True,False,True,0.7885384682238831,True,False,True,False
2017-03-23,MSFT,64.87,-0.002460402890973379,True,False,1.0,64.5885,63.87083333333333,True,False,True,0.5918905798641112,True,False,True,False
2017-03-23,NVDA,107.09,-0.009068196539280038,False,True,0.0,102.339,106.57216666666666,False,True,True,0.5675619752257511,True,False,False,True
2017-03-24,AAPL,140.64,-0.001986942946352599,True,False,1.0,139.587,129.98491666666666,True,False,True,0.5658906571148217,True,False,True,False
2017-03-24,AMZN,845.61,-0.0020887913332860997,True,False,1.0,850.059,827.0651666666668,True,False,True,0.5657778386896927,True,False,True,False
2017-03-24,BAC,23.12,0.0021673168617251104,True,False,1.0,24.7135,23.674333333333333,True,False,True,0.609377670297773,True,False,True,False
2017-03-24,FB,140.34,0.005805203182111418,True,False,1.0,138.4575,132.0775,True,False,True,0.6075507198193897,True,False,True,False
2017-03-24,GOOG,814.43,-0.0038528339734339445,True,False,1.0,835.2074999999999,817.8471666666666,True,False,True,0.694747762371101,True,False,True,False
2017-03-24,GOOGL,835.14,-0.005371285654737101,True,False,1.0,855.27375,838.5684166666666,True,False,True,0.7106182229235612,True,False,True,False
2017-03-24,MSFT,64.98,0.0016956990904886116,True,False,1.0,64.60650000000001,63.899166666666666,True,False,True,0.5852519105593411,True,False,True,False
2017-03-24,NVDA,107.47,0.003548417219161326,False,True,0.0,102.6395,106.40799999999999,False,True,True,0.5864163841544842,True,False,False,True
2017-03-27,AAPL,140.88,0.0017064846416383617,True,False,1.0,139.7845,130.38691666666668,True,False,True,0.5881551063975802,True,False,True,False
2017-03-27,AMZN,846.82,0.0014309196911106437,False,False,1.0,849.9680000000001,828.3100000000001,True,False,True,0.5404957278591997,False,False,False,False
2017-03-27,BAC,23.03,-0.0038927335640138727,True,False,1.0,24.6365,23.686,True,False,True,0.6366019540219015,True,False,True,False
2017-03-27,FB,140.32,-0.0001425110446060529,True,False,1.0,138.65299999999996,132.4675,True,False,True,0.5918905798641112,True,False,True,False
2017-03-27,GOOG,819.51,0.0062374912515501535,True,False,1.0,834.719,818.4215,True,False,True,0.5992026905414333,True,False,True,False
2017-03-27,GOOGL,838.51,0.004035251574586285,True,False,1.0,854.71575,839.1340833333333,True,False,True,0.6220900837873354,True,False,True,False
2017-03-27,MSFT,65.1,0.0018467220683284769,True,False,1.0,64.65,63.934333333333335,True,False,True,0.5918905798641112,True,False,True,False
2017-03-27,NVDA,108.25,0.007257839397041055,False,True,0.0,102.8315,106.39133333333332,False,True,True,0.5918905798641112,True,False,False,True
2017-03-28,AAPL,143.8,0.020726859738784853,False,False,1.0,140.125,130.83808333333334,True,False,False,0.6331481263761045,True,False,False,False
2017-03-28,AMZN,856.0,0.01084055643466142,True,False,1.0,850.516,829.8241666666668,True,False,True,0.554935248565233,True,False,True,False
2017-03-28,BAC,23.48,0.019539730785931297,True,False,1.0,24.576500000000003,23.71066666666667,True,False,True,0.5822308504200073,True,False,True,False
2017-03-28,FB,141.76,0.010262257696693311,False,False,1.0,138.964,132.891,True,False,False,0.6154980352398229,True,False,False,False
2017-03-28,GOOG,820.92,0.0017205403228757188,True,False,1.0,834.6045,819.057,True,False,True,0.5589607053343185,True,False,True,False
2017-03-28,GOOGL,840.63,0.002528294236204598,False,False,1.0,854.5007499999999,839.76325,True,False,True,0.5430007974380081,False,False,False,False
2017-03-28,MSFT,65.29,0.0029185867895547,True,False,1.0,64.7155,63.97416666666667,True,False,True,0.5918905798641112,True,False,True,False
2017-03-28,NVDA,107.69,-0.005173210161662833,False,True,0.0,103.14200000000001,106.329,False,True,True,0.5790184189800905,True,False,False,True
2017-03-29,AAPL,144.12,0.0022253129346314626,False,False,1.0,140.3415,131.30975,True,False,False,0.5803949671606123,True,False,False,False
2017-03-29,AMZN,874.32,0.02140186915887865,True,False,1.0,851.5780000000001,831.8983333333333,True,False,True,0.6307964213640327,True,False,True,False
2017-03-29,BAC,23.35,-0.005536626916524678,True,False,1.0,24.469,23.731499999999997,True,False,True,0.5918905798641112,True,False,True,False
2017-03-29,FB,142.65,0.006278216704288964,False,False,1.0,139.2255,133.351,True,False,False,0.5982881744340087,True,False,False,False
2017-03-29,GOOG,831.41,0.012778346245675642,False,False,1.0,834.4129999999999,820.0501666666667,True,False,True,0.5357398430576589,False,False,False,False
2017-03-29,GOOGL,849.87,0.010991756182862966,False,False,1.0,854.1567500000001,840.72025,True,False,True,0.5026829384687074,False,False,False,False
2017-03-29,MSFT,65.47,0.002756930617245912,True,False,1.0,64.74199999999999,64.02966666666667,True,False,True,0.5918905798641112,True,False,True,False
2017-03-29,NVDA,107.34,-0.0032500696443494848,False,True,0.0,103.36950000000002,106.339,False,True,True,0.5769928640357849,True,False,False,True
2017-03-30,AAPL,143.93,-0.0013183458229253375,False,False,1.0,140.58999999999997,131.77275,True,False,False,0.585321717577687,True,False,False,False
2017-03-30,AMZN,876.34,0.002310366913715889,False,False,1.0,852.9495000000001,833.9428333333333,True,False,False,0.5918905798641112,True,False,False,False
2017-03-30,BAC,23.87,0.022269807280513865,True,False,1.0,24.401,23.753833333333333,True,False,True,0.5918905798641112,True,False,True,False
2017-03-30,FB,142.41,-0.0016824395373291612,False,False,1.0,139.50799999999998,133.77683333333334,True,False,False,0.5918905798641112,True,False,False,False
2017-03-30,GOOG,831.5,0.00010824984063217968,True,False,1.0,834.4565,820.8061666666667,True,False,True,0.5744694152168781,True,False,True,False
2017-03-30,GOOGL,849.48,-0.0004588937131561055,True,False,1.0,854.13825,841.4114166666667,True,False,True,0.5883207779714259,True,False,True,False
2017-03-30,MSFT,65.71,0.003665801130288582,True,False,1.0,64.827,64.08183333333334,True,False,True,0.5918905798641112,True,False,True,False
2017-03-30,NVDA,109.4,0.01919135457425014,False,True,0.0,103.8895,106.46216666666666,False,True,True,0.6025574198773905,True,False,False,True
2017-03-31,AAPL,143.66,-0.001875911901618954,False,False,1.0,140.784,132.23341666666667,True,False,False,0.5918905798641112,True,False,False,False
2017-03-31,AMZN,886.54,0.011639318072893978,False,False,1.0,854.7825,836.0988333333333,True,False,False,0.6210663778865871,True,False,False,False
2017-03-31,BAC,23.59,-0.011730205278592476,True,False,1.0,24.308500000000002,23.764499999999998,True,False,True,0.607501613346743,True,False,True,False
2017-03-31,FB,142.05,-0.0025279123657045988,False,False,1.0,139.752,134.16616666666667,True,False,False,0.5918905798641112,True,False,False,False
2017-03-31,GOOG,829.56,-0.0023331328923632544,False,False,1.0,834.4805,821.5171666666666,True,False,True,0.5483295652288023,False,False,False,False
2017-03-31,GOOGL,847.8,-0.001977680463342346,False,False,1.0,854.07425,842.0785833333333,True,False,True,0.546737874025874,False,False,False,False
2017-03-31,MSFT,65.86,0.0022827575711459325,True,False,1.0,64.9075,64.14116666666668,True,False,True,0.5851511092569075,True,False,True,False
2017-03-31,NVDA,108.93,-0.004296160877513722,False,True,0.0,104.4145,106.53783333333334,False,True,True,0.5918905798641112,True,False,False,True
2017-04-03,AAPL,143.7,0.0002784351942084484,False,False,1.0,141.002,132.68491666666668,True,False,False,0.5918905798641112,True,False,False,False
2017-04-03,AMZN,891.51,0.005606064024183954,False,False,1.0,857.0274999999999,837.9498333333335,True,False,False,0.6010169762902104,True,False,False,False
2017-04-03,BAC,23.59,0.0,True,False,1.0,24.2255,23.77966666666667,True,False,True,0.5918905798641112,True,False,True,False
2017-04-03,FB,142.28,0.001619148187257835,False,False,1.0,139.99499999999998,134.52633333333333,True,False,False,0.5918905798641112,True,False,False,False
2017-04-03,GOOG,838.55,0.010837070254110515,True,False,1.0,835.019,822.2593333333334,True,False,True,0.5500606960916162,True,False,True,False
2017-04-03,GOOGL,856.75,0.010556735079028101,False,False,1.0,854.54825,842.8074166666667,True,False,True,0.5436789270622935,False,False,False,False
2017-04-03,MSFT,65.55,-0.004706954145156428,True,False,1.0,64.9715,64.19533333333332,True,False,True,0.577191398745649,True,False,True,False
2017-04-03,NVDA,108.38,-0.005049114109978992,False,True,0.0,104.95,106.64850000000001,False,True,True,0.5918905798641112,True,False,False,True
2017-04-04,AAPL,144.77,0.007446068197634048,False,False,1.0,141.2645,133.13258333333334,True,False,False,0.6114631489408751,True,False,False,False
2017-04-04,AMZN,906.83,0.017184327713654524,False,False,1.0,860.068,839.7971666666667,True,False,False,0.6662996357122302,True,False,False,False
2017-04-04,BAC,23.44,-0.006358626536667966,True,False,1.0,24.137,23.792333333333332,True,False,True,0.5918905798641112,True,False,True,False
2017-04-04,FB,141.73,-0.003865617093055995,True,False,1.0,140.2165,134.83166666666665,True,False,True,0.5918905798641112,True,False,True,False
2017-04-04,GOOG,834.57,-0.004746288235644713,True,False,1.0,835.152,822.7330000000001,True,False,True,0.5894809679055555,True,False,True,False
2017-04-04,GOOGL,852.57,-0.004878902830463883,True,False,1.0,854.6192500000001,843.2634166666667,True,False,True,0.575311789187792,True,False,True,False
2017-04-04,MSFT,65.73,0.0027459954233410855,True,False,1.0,65.038,64.2435,True,False,True,0.5918905798641112,True,False,True,False
2017-04-04,NVDA,100.78,-0.07012363904779473,False,True,0.0,105.05199999999999,106.60983333333334,False,True,True,0.786543844365661,True,False,False,True
2017-04-05,AAPL,144.02,-0.0051806313462734455,True,False,1.0,141.5155,133.54975,True,False,True,0.5617671674862509,True,False,True,False
2017-04-05,AMZN,909.28,0.0027017191755895897,False,False,1.0,863.007,841.6698333333334,True,False,False,0.6434633273750558,True,False,False,False
2017-04-05,BAC,23.17,-0.011518771331058053,True,False,1.0,24.032500000000002,23.802666666666667,True,False,True,0.599960113449845,True,False,True,False
2017-04-05,FB,141.85,0.0008466803076272456,True,False,1.0,140.42299999999997,135.11416666666668,True,False,True,0.6004180460986734,True,False,True,False
2017-04-05,GOOG,831.41,-0.0037863810105803752,True,False,1.0,834.954,823.1456666666667,True,False,True,0.5918905798641112,True,False,True,False
2017-04-05,GOOGL,848.91,-0.0042929026355608135,True,False,1.0,854.3827500000001,843.6255833333333,True,False,True,0.5757199406822376,True,False,True,False
2017-04-05,MSFT,65.56,-0.002586338049596848,True,False,1.0,65.06649999999999,64.29216666666666,True,False,True,0.570337264252317,True,False,True,False
2017-04-05,NVDA,100.03,-0.0074419527684064235,False,True,0.0,105.12550000000002,106.489,False,True,True,0.6584990143308641,True,False,False,True
2017-04-06,AAPL,143.66,-0.0024996528259965123,True,False,1.0,141.7645,133.95891666666665,True,False,True,0.5898174548926225,True,False,True,False
2017-04-06,AMZN,898.28,-0.012097483723385483,False,False,1.0,865.2710000000001,843.3761666666667,True,False,False,0.5918905798641112,True,False,False,False
2017-04-06,BAC,23.26,0.0038843331894691246,True,False,1.0,23.928,23.808,True,False,True,0.5918905798641112,True,False,True,False
2017-04-06,FB,141.17,-0.004793796263658834,True,False,1.0,140.5695,135.3945,True,False,True,0.5614481167551034,True,False,True,False
2017-04-06,GOOG,827.88,-0.004245799304795406,True,False,1.0,834.414,823.5305000000001,True,False,True,0.5918905798641112,True,False,True,False
2017-04-06,GOOGL,845.095,-0.0044939981859088984,True,False,1.0,853.7455,843.9436666666667,True,False,True,0.5918905798641112,True,False,True,False
2017-04-06,MSFT,65.73,0.002593044539353384,True,False,1.0,65.1165,64.344,True,False,True,0.5918905798641112,True,False,True,False
2017-04-06,NVDA,100.76,0.0072978106568029055,False,True,0.0,105.2365,106.39383333333333,False,True,True,0.6173129356720256,True,False,False,True
2017-04-07,AAPL,143.34,-0.0022274815536683645,True,False,1.0,141.9745,134.35208333333333,True,False,True,0.5918905798641112,True,False,True,False
2017-04-07,AMZN,894.88,-0.0037850113550340625,True,False,1.0,867.392,844.9738333333333,True,False,True,0.5918905798641112,True,False,True,False
2017-04-07,BAC,23.16,-0.004299226139295009,True,False,1.0,23.820500000000003,23.809500000000003,True,False,True,0.5918905798641112,True,False,True,False
2017-04-07,FB,140.78,-0.002762626620386621,True,False,1.0,140.669,135.63933333333333,True,False,True,0.5918905798641112,True,False,True,False
2017-04-07,GOOG,824.67,-0.0038773735323960334,True,False,1.0,833.4849999999999,823.8098333333334,True,False,True,0.5918905798641112,True,False,True,False
2017-04-07,GOOGL,842.1,-0.0035439802625740757,True,False,1.0,852.78025,844.1476666666666,True,False,True,0.5918905798641112,True,False,True,False
2017-04-07,MSFT,65.68,-0.0007606876616460534,True,False,1.0,65.15400000000001,64.38550000000001,True,False,True,0.5918905798641112,True,False,True,False
2017-04-07,NVDA,100.33,-0.004267566494640773,False,True,0.0,105.297,106.31333333333333,False,True,True,0.5918905798641112,True,False,False,True
2017-04-10,AAPL,143.17,-0.00118599134923969,True,False,1.0,142.173,134.75075,True,False,True,0.5918905798641112,True,False,True,False
2017-04-10,AMZN,907.04,0.01358841408903988,False,False,1.0,870.0145,846.5305000000001,True,False,False,0.5508988911015986,True,False,False,False
2017-04-10,BAC,23.02,-0.006044905008635637,False,True,0.0,23.7065,23.81116666666667,False,True,True,0.5918905798641112,True,False,False,True
2017-04-10,FB,141.04,0.001846853246199709,True,False,1.0,140.741,135.87966666666665,True,False,True,0.5918905798641112,True,False,True,False
2017-04-10,GOOG,824.73,7.275637527737189e-05,True,False,1.0,832.4445,824.116,True,False,True,0.5918905798641112,True,False,True,False
2017-04-10,GOOGL,841.7,-0.0004750029687685675,True,False,1.0,851.6362499999999,844.3505,True,False,True,0.5918905798641112,True,False,True,False
2017-04-10,MSFT,65.53,-0.002283800243605416,True,False,1.0,65.19500000000001,64.43416666666667,True,False,True,0.5918905798641112,True,False,True,False
2017-04-10,NVDA,97.77,-0.025515797867038836,False,True,0.0,105.093,106.21883333333334,False,True,True,0.7393255261172609,True,False,False,True
2017-04-11,AAPL,141.63,-0.010756443388978076,True,False,1.0,142.305,135.12725,True,False,True,0.5732449678098025,True,False,True,False
2017-04-11,AMZN,902.36,-0.0051596401481742715,False,False,1.0,872.506,847.9508333333334,True,False,True,0.5191652853534093,False,False,False,False
2017-04-11,BAC,22.92,-0.004344048653344812,False,True,0.0,23.5865,23.80966666666667,False,True,True,0.5997130372789126,True,False,False,True
2017-04-11,FB,139.92,-0.00794100964265465,True,False,1.0,140.77100000000002,136.07266666666666,True,False,True,0.5997130372789126,True,False,True,False
2017-04-11,GOOG,823.35,-0.0016732748899639383,True,False,1.0,831.3309999999999,824.3738333333333,True,False,True,0.5997130372789126,True,False,True,False
2017-04-11,GOOGL,839.88,-0.0021622906023524013,True,False,1.0,850.33475,844.4995,True,False,True,0.5997130372789126,True,False,True,False
2017-04-11,MSFT,65.48,-0.0007630093087135359,True,False,1.0,65.2485,64.48049999999999,True,False,True,0.5997130372789126,True,False,True,False
2017-04-11,NVDA,98.12,0.0035798302137670657,False,True,0.0,104.91000000000001,106.13033333333334,False,True,True,0.5997130372789126,True,False,False,True
2017-04-12,AAPL,141.8,0.0012003106686437892,True,False,1.0,142.372,135.49058333333335,True,False,True,0.5997130372789126,True,False,True,False
2017-04-12,AMZN,896.23,-0.006793297575247159,True,False,1.0,874.6690000000001,849.3926666666667,True,False,True,0.5508602139629196,True,False,True,False
2017-04-12,BAC,22.65,-0.01178010471204205,False,True,0.0,23.46,23.819666666666667,False,True,True,0.5997130372789126,True,False,False,True
2017-04-12,FB,139.58,-0.002429959977129581,True,False,1.0,140.764,136.26783333333333,True,False,True,0.5997130372789126,True,False,True,False
2017-04-12,GOOG,824.32,0.0011781138033644112,True,False,1.0,830.1870000000001,824.7023333333333,True,False,True,0.5997130372789126,True,False,True,False
2017-04-12,GOOGL,841.46,0.001881221126827759,True,False,1.0,848.98825,844.7328333333334,True,False,True,0.5997130372789126,True,False,True,False
2017-04-12,MSFT,65.23,-0.003817959682345773,True,False,1.0,65.27250000000001,64.52550000000001,True,False,True,0.5997130372789126,True,False,True,False
2017-04-12,NVDA,97.31,-0.008255197717081164,False,True,0.0,104.648,106.067,False,True,True,0.5997130372789126,True,False,False,True
2017-04-13,AAPL,141.05,-0.005289139633286366,True,False,1.0,142.39000000000001,135.84158333333332,True,False,True,0.5997130372789126,True,False,True,False
2017-04-13,AMZN,884.67,-0.012898474721890651,True,False,1.0,876.2315000000001,850.6791666666667,True,False,True,0.5997130372789126,True,False,True,False
2017-04-13,BAC,22.34,-0.013686534216335478,False,True,0.0,23.316000000000003,23.814833333333336,False,True,True,0.5997130372789126,True,False,False,True
2017-04-13,FB,139.39,-0.0013612265367533016,True,False,1.0,140.73399999999998,136.459,True,False,True,0.5994815956990832,True,False,True,False
2017-04-13,GOOG,823.56,-0.0009219720496895789,True,False,1.0,828.926,824.9938333333333,True,False,True,0.5997130372789126,True,False,True,False
2017-04-13,GOOGL,840.18,-0.0015211655931358647,True,False,1.0,847.49725,844.9188333333334,True,False,True,0.5997130372789126,True,False,True,False
2017-04-13,MSFT,64.95,-0.004292503449333185,True,False,1.0,65.28800000000001,64.56633333333335,True,False,True,0.5997130372789126,True,False,True,False
2017-04-13,NVDA,95.49,-0.018703113760148105,False,True,0.0,104.232,105.94266666666665,False,True,True,0.5997130372789126,True,False,False,True
2017-04-17,AAPL,141.83,0.0055299539170508005,True,False,1.0,142.482,136.20908333333333,True,False,True,0.6138225140856531,True,False,True,False
2017-04-17,AMZN,901.99,0.019577921710920432,True,False,1.0,878.7154999999999,852.2283333333332,True,False,True,0.5763645523757942,True,False,True,False
2017-04-17,BAC,22.81,0.021038495971351878,False,True,0.0,23.2135,23.8195,False,True,True,0.5257970905069348,False,False,False,True
2017-04-17,FB,141.42,0.014563455054164676,True,False,1.0,140.813,136.69016666666667,True,False,True,0.6163392912763027,True,False,True,False
2017-04-17,GOOG,837.17,0.016525814755451895,True,False,1.0,828.1785,825.5770833333333,True,False,True,0.6180949734641088,True,False,True,False
2017-04-17,GOOGL,855.13,0.01779380608917136,True,False,1.0,846.63525,845.4315,True,False,True,0.6237549805649271,True,False,True,False
2017-04-17,MSFT,65.48,0.008160123171670586,True,False,1.0,65.3185,64.61933333333333,True,False,True,0.5997130372789126,True,False,True,False
2017-04-17,NVDA,99.23,0.039166404859147574,False,True,0.0,103.89000000000001,105.84383333333334,False,True,True,0.4699489717891782,False,False,False,True
2017-04-18,AAPL,141.2,-0.004441937530846984,True,False,1.0,142.469,136.56241666666665,True,False,True,0.5997130372789126,True,False,True,False
2017-04-18,AMZN,903.78,0.001984500936817346,True,False,1.0,881.0559999999999,853.8191666666667,True,False,True,0.5979290011223518,True,False,True,False
2017-04-18,BAC,22.71,-0.004384042086803985,False,True,0.0,23.127000000000002,23.820666666666668,False,True,True,0.5997130372789126,True,False,False,True
2017-04-18,FB,140.96,-0.00325272238721519,True,False,1.0,140.864,136.92216666666667,True,False,True,0.5725819810179029,True,False,True,False
2017-04-18,GOOG,836.82,-0.0004180751818625428,True,False,1.0,827.5994999999999,826.1070833333332,True,False,True,0.5910469916707818,True,False,True,False
2017-04-18,GOOGL,853.99,-0.001333130635108093,True,False,1.0,845.93925,845.8618333333333,True,False,True,0.5831349959167299,True,False,True,False
2017-04-18,MSFT,65.39,-0.0013744654856445715,True,False,1.0,65.3415,64.6635,True,False,True,0.592184996911309,True,False,True,False
2017-04-18,NVDA,99.29,0.0006046558500454324,False,True,0.0,103.38199999999999,105.76516666666666,False,True,True,0.5723624242796267,True,False,False,True
2017-04-19,AAPL,140.68,-0.0036827195467420415,True,False,1.0,142.51100000000002,136.90574999999998,True,False,True,0.5974483640327414,True,False,True,False
2017-04-19,AMZN,899.2,-0.005067604948106763,True,False,1.0,883.856,855.1745,True,False,True,0.5997130372789126,True,False,True,False
2017-04-19,BAC,22.74,0.0013210039630118242,False,True,0.0,23.113000000000003,23.823666666666668,False,True,True,0.5997130372789126,True,False,False,True
2017-04-19,FB,142.27,0.009293416572077273,True,False,1.0,141.052,137.1445,True,False,True,0.5892557293445914,True,False,True,False
2017-04-19,GOOG,838.21,0.0016610501661049604,True,False,1.0,827.9870000000001,826.4220833333333,True,False,True,0.5872536952676547,True,False,True,False
2017-04-19,GOOGL,856.51,0.002950854225459265,True,False,1.0,846.2577500000001,846.0631666666667,True,False,True,0.5836011315232978,True,False,True,False
2017-04-19,MSFT,65.04,-0.005352500382321379,True,False,1.0,65.38300000000001,64.69816666666667,True,False,True,0.5586091432613164,True,False,True,False
2017-04-19,NVDA,99.68,0.003927888004834346,False,True,0.0,103.07050000000001,105.675,False,True,True,0.5707584612208653,True,False,False,True
2017-04-20,AAPL,142.44,0.012510662496445724,True,False,1.0,142.562,137.28025,True,False,True,0.6119744333424137,True,False,True,False
2017-04-20,AMZN,902.06,0.003180604982206292,True,False,1.0,886.5559999999999,856.5015000000001,True,False,True,0.6031068341468223,True,False,True,False
2017-04-20,BAC,23.07,0.014511873350923521,False,True,0.0,23.119500000000002,23.825666666666667,False,True,True,0.5674172472052726,True,False,False,True
2017-04-20,FB,143.8,0.01075419976101788,True,False,1.0,141.2625,137.38500000000002,True,False,True,0.5878428361957942,True,False,True,False
2017-04-20,GOOG,841.65,0.0041039834886245075,True,False,1.0,828.5899999999999,826.7184166666666,True,False,True,0.5796068650446696,True,False,True,False
2017-04-20,GOOGL,860.08,0.004168077430502848,True,False,1.0,846.7717500000001,846.239,True,False,True,0.5809647765821381,True,False,True,False
2017-04-20,MSFT,65.5,0.007072570725707106,True,False,1.0,65.4065,64.73116666666667,True,False,True,0.5662349854033459,True,False,True,False
2017-04-20,NVDA,101.26,0.015850722311396392,False,True,0.0,102.72999999999999,105.57383333333333,False,True,True,0.5869712450208824,True,False,False,True
2017-04-21,AAPL,142.27,-0.0011934849761302546,True,False,1.0,142.6295,137.62008333333333,True,False,True,0.5997130372789126,True,False,True,False
2017-04-21,AMZN,898.53,-0.003913265193002613,True,False,1.0,889.1135,857.535,True,False,True,0.5997130372789126,True,False,True,False
2017-04-21,BAC,22.71,-0.015604681404421283,False,True,0.0,23.1015,23.814666666666668,False,True,True,0.5847694628161302,True,False,False,True
2017-04-21,FB,143.68,-0.0008344923504868262,True,False,1.0,141.47,137.5883333333333,True,False,True,0.5997130372789126,True,False,True,False
2017-04-21,GOOG,843.19,0.0018297392027566417,True,False,1.0,829.8705,826.84375,True,False,True,0.5922297229540098,True,False,True,False
2017-04-21,GOOGL,858.95,-0.0013138312715096356,True,False,1.0,847.73675,846.2473333333332,True,False,True,0.5692368170564843,True,False,True,False
2017-04-21,MSFT,66.4,0.013740458015267354,True,False,1.0,65.483,64.7765,True,False,True,0.5897089560092216,True,False,True,False
2017-04-21,NVDA,101.68,0.0041477384949635265,False,True,0.0,102.4595,105.472,False,True,True,0.5476181705550434,False,False,False,True
2017-04-24,AAPL,143.64,0.009629577563786906,True,False,1.0,142.7795,137.98174999999998,True,False,True,0.6099347428238415,True,False,True,False
2017-04-24,AMZN,907.41,0.00988280858735946,True,False,1.0,892.2035,858.6726666666667,True,False,True,0.6307101176478607,True,False,True,False
2017-04-24,BAC,23.63,0.0405107881990312,False,True,0.0,23.127000000000002,23.817833333333333,False,True,True,0.6575753348742597,True,False,False,True
2017-04-24,FB,145.47,0.012458240534521048,False,False,1.0,141.7265,137.79983333333334,True,False,False,0.6306548805508028,True,False,False,False
2017-04-24,GOOG,862.76,0.023209478290776575,False,False,1.0,832.2869999999999,827.3539166666666,True,False,False,0.4780335095992332,False,False,False,False
2017-04-24,GOOGL,878.93,0.02326095814657414,False,False,1.0,849.9262500000001,846.6131666666666,True,False,False,0.5487138528449221,False,False,False,False
2017-04-24,MSFT,67.53,0.01701807228915664,False,False,1.0,65.6105,64.83083333333333,True,False,False,0.6217345399570694,True,False,False,False
2017-04-24,NVDA,102.95,0.012490165224232852,False,True,0.0,102.2335,105.36033333333333,False,True,True,0.5786410035934038,True,False,False,True
2017-04-25,AAPL,144.53,0.006196045669730088,True,False,1.0,142.962,138.35808333333335,True,False,True,0.6062310889994789,True,False,True,False
2017-04-25,AMZN,907.62,0.00023142791020602793,True,False,1.0,895.2435000000002,859.8701666666667,True,False,True,0.5830463620581903,True,False,True,False
2017-04-25,BAC,23.98,0.014811680067710498,False,True,0.0,23.174500000000002,23.828166666666668,False,True,True,0.5522546364521944,True,False,False,True
2017-04-25,FB,146.49,0.007011755001031128,False,False,1.0,142.03500000000003,138.03833333333333,True,False,False,0.5738489672031308,True,False,False,False
2017-04-25,GOOG,872.3,0.0110575362789187,False,False,1.0,834.9264999999999,828.1704166666666,True,False,False,0.4791683987738271,False,False,False,False
2017-04-25,GOOGL,888.84,0.01127507310024689,False,False,1.0,852.4427499999999,847.3433333333335,True,False,False,0.5338012254768282,False,False,False,False
2017-04-25,MSFT,67.92,0.005775211017325699,False,False,1.0,65.75150000000001,64.8665,True,False,False,0.5665991058047771,True,False,False,False
2017-04-25,NVDA,104.74,0.017387081107333557,False,True,0.0,102.058,105.24316666666667,False,True,True,0.5871072731174635,True,False,False,True
2017-04-26,AAPL,143.68,-0.0058811319449249,True,False,1.0,142.956,138.72558333333333,True,False,True,0.5704993827943119,True,False,True,False
2017-04-26,AMZN,909.29,0.0018399770829200524,True,False,1.0,897.908,861.1853333333333,True,False,True,0.6041703633042202,True,False,True,False
2017-04-26,BAC,23.89,-0.003753127606338613,False,True,0.0,23.195,23.843833333333336,False,True,True,0.5440777247423988,False,False,False,True
2017-04-26,FB,146.56,0.00047784831729114075,False,False,1.0,142.275,138.29800000000003,True,False,False,0.6061648166132741,True,False,False,False
2017-04-26,GOOG,871.73,-0.0006534449157399314,False,False,1.0,837.467,829.32725,True,False,False,0.4666593823367923,False,False,False,False
2017-04-26,GOOGL,889.14,0.00033751856352104426,False,False,1.0,854.8682499999999,848.4318333333334,True,False,False,0.4558857975379993,False,False,False,False
2017-04-26,MSFT,67.83,-0.0013250883392226243,False,False,1.0,65.8785,64.9115,True,False,False,0.5199283367461751,False,False,False,False
2017-04-26,NVDA,104.02,-0.006874164598052346,False,True,0.0,101.8745,105.14316666666667,False,True,True,0.5315450955330915,False,False,False,True
2017-04-27,AAPL,143.79,0.0007655902004453097,True,False,1.0,142.9395,139.0995833333333,True,False,True,0.5997130372789126,True,False,True,False
2017-04-27,AMZN,918.38,0.009996810698457148,True,False,1.0,900.1110000000001,862.767,True,False,True,0.6072006202451924,True,False,True,False
2017-04-27,BAC,23.65,-0.010046044370029428,False,True,0.0,23.21,23.860666666666663,False,True,True,0.5508478283946446,True,False,False,True
2017-04-27,FB,147.7,0.007778384279475858,False,False,1.0,142.52749999999997,138.58766666666668,True,False,False,0.5922548522751339,True,False,False,False
2017-04-27,GOOG,874.25,0.0028908033450725235,False,False,1.0,839.609,830.61825,True,False,False,0.520513793590259,False,False,False,False
2017-04-27,GOOGL,891.44,0.0025867692376904117,False,False,1.0,856.9467500000001,849.6193333333333,True,False,False,0.518286917115696,False,False,False,False
2017-04-27,MSFT,68.27,0.006486805248415051,False,False,1.0,66.0185,64.97183333333334,True,False,False,0.5718556347186321,True,False,False,False
2017-04-27,NVDA,105.64,0.015573928090751865,False,True,0.0,101.7895,105.08416666666668,False,True,True,0.573765865362515,True,False,False,True
2017-04-28,AAPL,143.65,-0.0009736421169760368,True,False,1.0,142.9255,139.34791666666666,True,False,True,0.5609938659504147,True,False,True,False
2017-04-28,AMZN,924.99,0.007197456390600765,False,False,1.0,902.5435000000001,864.311,True,False,False,0.5782307345298249,True,False,False,False
2017-04-28,BAC,23.34,-0.013107822410147962,False,True,0.0,23.183500000000002,23.86816666666667,False,True,True,0.5406084926598851,False,False,False,True
2017-04-28,FB,150.25,0.01726472579553162,False,False,1.0,142.9195,138.87133333333335,True,False,False,0.6153659250564395,True,False,False,False
2017-04-28,GOOG,905.96,0.03627108950529023,False,False,1.0,843.332,832.456,True,False,False,0.4942475877064936,False,False,False,False
2017-04-28,GOOGL,924.52,0.03710849860899201,False,False,1.0,860.6987500000001,851.4406666666667,True,False,False,0.47674311635006544,False,False,False,False
2017-04-28,MSFT,68.46,0.002783067233045333,False,False,1.0,66.156,65.05316666666667,True,False,False,0.575669820383919,True,False,False,False
2017-04-28,NVDA,104.3,-0.012684589170768645,False,True,0.0,101.53450000000001,104.92333333333333,False,True,True,0.5390878525262184,False,False,False,True
2017-05-01,AAPL,146.58,0.020396797772363362,True,False,1.0,143.07150000000001,139.64875,True,False,True,0.6377243726465239,True,False,True,False
2017-05-01,AMZN,948.23,0.025124595941577788,False,False,1.0,905.628,866.1156666666666,True,False,False,0.5630868980759657,True,False,False,False
2017-05-01,BAC,23.61,0.011568123393316254,False,True,0.0,23.1845,23.883,False,True,True,0.5781020983381752,True,False,False,True
2017-05-01,FB,152.46,0.014708818635607468,False,False,1.0,143.44,139.23166666666665,True,False,False,0.6200366921368805,True,False,False,False
2017-05-01,GOOG,912.57,0.007296127864364843,False,True,0.0,847.4825000000001,834.3566666666667,True,False,False,0.34534295325661396,False,True,False,True
2017-05-01,GOOGL,932.82,0.00897763163587606,False,True,0.0,864.94975,853.35,True,False,False,0.3325392638933433,False,True,False,True
2017-05-01,MSFT,69.41,0.013876716330704086,False,False,1.0,66.3335,65.15716666666667,True,False,False,0.6398778652909218,True,False,False,False
2017-05-01,NVDA,106.64,0.022435282837967474,False,True,0.0,101.42,104.77749999999999,False,True,True,0.5621140918609524,True,False,False,True
2017-05-02,AAPL,147.51,0.006344658207122267,False,False,1.0,143.262,139.9559166666667,True,False,False,0.565895921105351,True,False,False,False
2017-05-02,AMZN,946.94,-0.001360429431677912,False,False,1.0,908.3994999999999,868.3946666666667,True,False,False,0.5457926830310679,False,False,False,False
2017-05-02,BAC,23.53,-0.0033883947479880216,False,True,0.0,23.1815,23.887,False,True,True,0.5701440035862713,True,False,False,True
2017-05-02,FB,152.78,0.002098911189820196,False,False,1.0,143.965,139.595,True,False,False,0.5872326673977988,True,False,False,False
2017-05-02,GOOG,916.44,0.004240770571024788,False,True,0.0,851.3770000000001,836.2725000000002,True,False,False,0.2919490318021062,False,True,False,True
2017-05-02,GOOGL,937.09,0.0045775176346991575,False,True,0.0,868.9667499999999,855.2993333333333,True,False,False,0.2654594623769041,False,True,False,True
2017-05-02,MSFT,69.3,-0.0015847860538826808,False,False,1.0,66.521,65.25083333333333,True,False,False,0.6139136657769392,True,False,False,False
2017-05-02,NVDA,103.48,-0.029632408102025498,False,True,0.0,101.175,104.59583333333333,False,True,True,0.5753549493715298,True,False,False,True
2017-05-03,AAPL,147.06,-0.003050640634533197,False,False,1.0,143.3765,140.23541666666668,True,False,True,0.5175403885015263,False,False,False,False
2017-05-03,AMZN,941.03,-0.006241155722643499,False,False,1.0,910.1094999999999,870.6178333333334,True,False,False,0.5511629138444021,True,False,False,False
2017-05-03,BAC,23.77,0.010199745006374883,False,True,0.0,23.198,23.89783333333333,False,True,True,0.5816762984564601,True,False,False,True
2017-05-03,FB,151.8,-0.006414452153423178,False,False,1.0,144.4685,139.924,True,False,False,0.53179673904137,False,False,False,False
2017-05-03,GOOG,927.04,0.011566496442756646,False,True,0.0,856.0004999999999,838.3675,True,False,False,0.2589472314965501,False,True,False,True
2017-05-03,GOOGL,948.45,0.01212263496569177,False,True,0.0,873.76075,857.4131666666667,True,False,False,0.24121362028024568,False,True,False,True
2017-05-03,MSFT,69.08,-0.0031746031746031633,False,False,1.0,66.6885,65.3415,True,False,False,0.5812329036985173,True,False,False,False
2017-05-03,NVDA,104.25,0.007441051410900679,False,True,0.0,101.3485,104.37816666666667,False,True,True,0.5621282185305155,True,False,False,True
2017-05-04,AAPL,146.53,-0.0036039711682306352,True,False,1.0,143.502,140.4854166666667,True,False,True,0.572882666447404,True,False,True,False
2017-05-04,AMZN,937.53,-0.003719328820547707,False,False,1.0,911.5220000000002,872.7016666666666,True,False,True,0.5385835090792056,False,False,False,False
2017-05-04,BAC,23.85,0.0033655868742112904,False,True,0.0,23.232,23.913666666666668,False,True,True,0.5993040313859761,True,False,False,True
2017-05-04,FB,150.85,-0.006258234519104233,False,False,1.0,144.91850000000002,140.24083333333334,True,False,False,0.521338843660648,False,False,False,False
2017-05-04,GOOG,931.66,0.004983603727994446,False,True,0.0,861.0129999999999,840.4456666666666,True,False,False,0.2653428464180781,False,True,False,True
2017-05-04,GOOGL,954.72,0.006610786019294546,False,True,0.0,879.0512500000001,859.5046666666668,True,False,False,0.2534560000114598,False,True,False,True
2017-05-04,MSFT,68.81,-0.003908511870295284,False,False,1.0,66.851,65.43116666666667,True,False,False,0.5905712125206619,True,False,False,False
2017-05-04,NVDA,103.85,-0.003836930455635601,False,True,0.0,101.5395,104.12349999999999,False,True,True,0.5399890088309941,False,False,False,True
2017-05-05,AAPL,148.96,0.016583634750563014,False,False,1.0,143.767,140.76741666666666,True,False,False,0.6190930046526457,True,False,False,False
2017-05-05,AMZN,934.15,-0.003605217966358376,True,False,1.0,913.3154999999999,874.609,True,False,True,0.5974226067525968,True,False,True,False
2017-05-05,BAC,23.74,-0.004612159329140608,False,True,0.0,23.256,23.931500000000003,False,True,True,0.5707627761630677,True,False,False,True
2017-05-05,FB,150.24,-0.004043752071594242,False,False,1.0,145.372,140.50816666666665,True,False,False,0.5792914297427816,True,False,False,False
2017-05-05,GOOG,927.13,-0.004862288817809035,False,True,0.0,865.9754999999999,842.4248333333333,True,False,False,0.338062577033062,False,True,False,True
2017-05-05,GOOGL,950.28,-0.004650578179990039,False,True,0.0,884.3104999999999,861.5113333333334,True,False,False,0.26062590709918243,False,True,False,True
2017-05-05,MSFT,69.0,0.0027612265659060498,False,False,1.0,67.0145,65.5255,True,False,False,0.5999701093359988,True,False,False,False
2017-05-05,NVDA,103.86,9.62927298988614e-05,False,True,0.0,101.6945,103.87766666666668,False,True,True,0.5518931266629626,True,False,False,True
2017-05-08,AAPL,153.01,0.027188506981739913,False,False,1.0,144.25050000000002,141.11058333333332,True,False,False,0.6578828173012363,True,False,False,False
2017-05-08,AMZN,949.04,0.015939624257346185,False,False,1.0,916.0235,876.737,True,False,False,0.5495744094464601,False,False,False,False
2017-05-08,BAC,23.96,0.009267059814658918,False,True,0.0,23.296,23.945499999999996,False,True,True,0.5941366276655794,True,False,False,True
2017-05-08,FB,151.06,0.005457933972310869,False,False,1.0,145.886,140.79016666666666,True,False,False,0.632838223199733,True,False,False,False
2017-05-08,GOOG,934.3,0.0077335433002923,False,True,0.0,871.457,844.5038333333334,True,False,False,0.3012657964912018,False,True,False,True
2017-05-08,GOOGL,958.69,0.008850023151071307,False,True,0.0,890.14,863.6551666666667,True,False,False,0.28735202467253074,False,True,False,True
2017-05-08,MSFT,68.94,-0.0008695652173913437,False,False,1.0,67.1775,65.60683333333333,True,False,False,0.5893110059840009,True,False,False,False
2017-05-08,NVDA,102.77,-0.010494896976699475,False,True,0.0,101.81649999999999,103.65083333333334,False,True,True,0.5997130372789126,True,False,False,True
2017-05-09,AAPL,153.99,0.0064048101431279925,False,False,1.0,144.79149999999998,141.47508333333332,True,False,False,0.5925244336373425,True,False,False,False
2017-05-09,AMZN,952.82,0.003982972266711737,False,False,1.0,918.3125,878.8263333333333,True,False,False,0.5370128774005768,False,False,False,False
2017-05-09,BAC,23.98,0.0008347245409014992,False,True,0.0,23.344,23.9605,False,True,True,0.5997130372789126,True,False,False,True
2017-05-09,FB,150.48,-0.003839533960016017,True,False,1.0,146.358,141.06166666666667,True,False,True,0.5956674933523256,True,False,True,False
2017-05-09,GOOG,932.17,-0.002279781654714763,False,True,0.0,876.8290000000001,846.4788333333332,True,False,False,0.391915812831155,False,True,False,True
2017-05-09,GOOGL,956.71,-0.0020653182989287533,False,True,0.0,895.8905000000001,865.6861666666667,True,False,False,0.33974851854912724,False,True,False,True
2017-05-09,MSFT,69.04,0.0014505366985786416,False,False,1.0,67.353,65.69083333333333,True,False,False,0.6296046191970752,True,False,False,False
2017-05-09,NVDA,102.94,0.0016541792351854046,False,True,0.0,102.075,103.47283333333334,False,True,True,0.5505444227824388,True,False,False,True
2017-05-10,AAPL,153.26,-0.00474056756932284,False,False,1.0,145.373,141.80791666666667,True,False,False,0.5721499255219907,True,False,False,False
2017-05-10,AMZN,948.95,-0.004061627589681205,True,False,1.0,920.642,880.7,True,False,True,0.5787531740071507,True,False,True,False
2017-05-10,BAC,24.15,0.007089241034195171,False,True,0.0,23.405499999999996,23.973000000000003,False,True,True,0.5997130372789126,True,False,False,True
2017-05-10,FB,150.29,-0.0012626262626262985,True,False,1.0,146.8765,141.33233333333334,True,False,True,0.591398295200376,True,False,True,False
2017-05-10,GOOG,928.78,-0.0036366757136573336,False,True,0.0,882.1004999999999,848.3045,True,False,False,0.4222422930957971,False,True,False,True
2017-05-10,GOOGL,954.84,-0.001954615296171247,False,True,0.0,901.6385,867.6175000000001,True,False,False,0.35846675223441116,False,True,False,True
2017-05-10,MSFT,69.31,0.003910776361529589,False,False,1.0,67.5445,65.76733333333333,True,False,False,0.5921019358516871,True,False,False,False
2017-05-10,NVDA,121.29,0.1782591801049156,False,True,0.0,103.2335,103.68800000000002,False,True,False,0.4907509679786673,False,False,False,True
2017-05-11,AAPL,153.95,0.004502153203706172,False,False,1.0,145.9805,142.12341666666666,True,False,False,0.5878795035948706,True,False,False,False
2017-05-11,AMZN,947.62,-0.0014015490805627806,True,False,1.0,923.2115,882.5538333333333,True,False,True,0.5938054328087347,True,False,True,False
2017-05-11,BAC,24.07,-0.0033126293995858758,False,True,0.0,23.476499999999998,23.973166666666664,False,True,True,0.5997130372789126,True,False,False,True
2017-05-11,FB,150.04,-0.0016634506620533118,True,False,1.0,147.3995,141.60216666666668,True,False,True,0.5931960822945678,True,False,True,False
2017-05-11,GOOG,930.6,0.0019595598527100133,False,True,0.0,887.4144999999999,850.1403333333333,True,False,False,0.43763117952715336,False,True,False,True
2017-05-11,GOOGL,955.89,0.0010996606761342065,False,True,0.0,907.36,869.5485,True,False,False,0.4112256036324835,False,True,False,True
2017-05-11,MSFT,68.46,-0.012263742605684747,True,False,1.0,67.70599999999999,65.83216666666667,True,False,True,0.5504346452126233,True,False,True,False
2017-05-11,NVDA,126.5,0.04295490147580172,False,False,0.0,104.69300000000001,103.98333333333333,True,False,False,0.5801816458797279,True,False,False,False
2017-05-12,AAPL,156.1,0.013965573238064355,False,False,1.0,146.733,142.46658333333332,True,False,False,0.6214938796102218,True,False,False,False
2017-05-12,AMZN,961.35,0.014488930161879354,False,False,1.0,927.0455,884.5313333333332,True,False,False,0.5984389559662864,True,False,False,False
2017-05-12,BAC,24.0,-0.00290818446198593,False,True,0.0,23.559499999999996,23.9635,False,True,True,0.597331233902496,True,False,False,True
2017-05-12,FB,150.33,0.0019328179152227065,True,False,1.0,147.94650000000001,141.88366666666667,True,False,True,0.5944941008996599,True,False,True,False
2017-05-12,GOOG,932.22,0.0017408123791102792,False,False,0.0,892.8475000000001,852.0276666666666,True,False,False,0.48782955040670156,False,False,False,False
2017-05-12,GOOGL,955.14,-0.0007846091077424733,False,False,0.0,913.108,871.5121666666666,True,False,False,0.4756098436917086,False,False,False,False
2017-05-12,MSFT,68.38,-0.0011685655857435195,True,False,1.0,67.8775,65.89633333333333,True,False,True,0.5997130372789126,True,False,True,False
2017-05-12,NVDA,127.89,0.010988142292490233,False,False,0.0,106.31300000000002,104.29816666666666,True,False,False,0.574349601934994,True,False,False,False
2017-05-15,AAPL,155.7,-0.002562459961563124,False,False,1.0,147.42649999999998,142.80583333333334,True,False,False,0.581306093971548,True,False,False,False
2017-05-15,AMZN,957.97,-0.0035158891142663684,False,False,1.0,929.8444999999999,886.4285,True,False,False,0.5704402992769463,True,False,False,False
2017-05-15,BAC,24.06,0.0024999999999999467,False,True,0.0,23.622,23.954833333333333,False,True,True,0.5997130372789126,True,False,False,True
2017-05-15,FB,150.19,-0.000931284507417085,True,False,1.0,148.385,142.15616666666665,True,False,True,0.599672541899737,True,False,True,False
2017-05-15,GOOG,937.08,0.0052133616528287074,False,False,0.0,897.8430000000001,853.9096666666667,True,False,False,0.5123858137891288,False,False,False,False
2017-05-15,GOOGL,959.22,0.004271625102079346,False,False,0.0,918.3125,873.463,True,False,False,0.49464984088806324,False,False,False,False
2017-05-15,MSFT,68.43,0.000731207955542823,True,False,1.0,68.025,65.96150000000002,True,False,True,0.5880803467267858,True,False,True,False
2017-05-15,NVDA,134.31,0.050199390100867936,False,False,0.0,108.06700000000001,104.74916666666667,True,False,False,0.5810684228985745,True,False,False,False
2017-05-16,AAPL,155.47,-0.0014771997430956807,False,False,1.0,148.14000000000001,143.13500000000002,True,False,False,0.5835212860344229,True,False,False,False
2017-05-16,AMZN,966.07,0.00845537960478926,False,False,1.0,932.9590000000001,888.4451666666666,True,False,False,0.5674172629813456,True,False,False,False
2017-05-16,BAC,23.99,-0.0029093931837074205,False,True,0.0,23.686,23.946,False,True,True,0.5997130372789126,True,False,False,True
2017-05-16,FB,149.78,-0.002729875491044642,True,False,1.0,148.826,142.42700000000002,True,False,True,0.5997130372789126,True,False,True,False
2017-05-16,GOOG,943.0,0.006317496905280162,False,False,0.0,903.152,855.8251666666667,True,False,False,0.533973418108421,False,False,False,False
2017-05-16,GOOGL,964.61,0.0056191488918078125,False,False,0.0,923.8435,875.4306666666668,True,False,False,0.525213828706546,False,False,False,False
2017-05-16,MSFT,69.41,0.014321204150226308,True,False,1.0,68.226,66.04133333333333,True,False,True,0.6442277635437722,True,False,True,False
2017-05-16,NVDA,136.81,0.018613654977291283,False,False,0.0,109.94300000000001,105.24216666666666,True,False,False,0.6281463032506924,True,False,False,False
2017-05-17,AAPL,150.25,-0.033575609442336174,False,False,1.0,148.61849999999998,143.36083333333332,True,False,True,0.4834908112083378,False,False,False,False
2017-05-17,AMZN,944.76,-0.02205844296997117,False,False,1.0,935.2370000000001,889.9171666666666,True,False,True,0.5018146954224717,False,False,False,False
2017-05-17,BAC,22.57,-0.059191329720716945,False,True,0.0,23.6775,23.90916666666667,False,True,True,0.4970958479582917,False,False,False,True
2017-05-17,FB,144.85,-0.03291494191480848,False,False,1.0,148.95499999999998,142.6125,True,False,True,0.5392601237495909,False,False,False,False
2017-05-17,GOOG,919.62,-0.024793213149522764,False,False,0.0,907.2225000000001,857.2911666666666,True,False,True,0.4701203881510852,False,False,False,False
2017-05-17,GOOGL,942.17,-0.02326328775359998,False,False,0.0,928.1265,876.9789999999999,True,False,True,0.49083228195030154,False,False,False,False
2017-05-17,MSFT,67.48,-0.0278057916726695,True,False,1.0,68.348,66.09116666666667,True,False,True,0.571807751734423,True,False,True,False
2017-05-17,NVDA,127.72,-0.0664425115123164,False,True,0.0,111.34499999999998,105.51966666666667,True,False,True,0.38677416550886645,False,True,False,True
2017-05-18,AAPL,152.54,0.015241264559068268,True,False,1.0,149.12349999999998,143.618,True,False,True,0.6356262509021278,True,False,True,False
2017-05-18,AMZN,958.49,0.014532791396756783,True,False,1.0,938.0584999999999,891.6318333333332,True,False,True,0.634055612907473,True,False,True,False
2017-05-18,BAC,22.74,0.007532122286220577,False,True,0.0,23.660999999999998,23.875,False,True,True,0.5997130372789126,True,False,False,True
2017-05-18,FB,147.66,0.01939937866758723,True,False,1.0,149.148,142.80483333333333,True,False,True,0.6423429564344332,True,False,True,False
2017-05-18,GOOG,930.24,0.011548248189469534,True,False,1.0,911.6519999999998,858.9491666666667,True,False,True,0.6410038480849151,True,False,True,False
2017-05-18,GOOGL,950.5,0.008841291911226179,True,False,1.0,932.6475,878.6313333333333,True,False,True,0.6362321865352109,True,False,True,False
2017-05-18,MSFT,67.71,0.0034084173088320124,True,False,1.0,68.4585,66.147,True,False,True,0.5944041184079925,True,False,True,False
2017-05-18,NVDA,133.07,0.04188850610710926,False,False,0.0,112.9355,105.8915,True,False,False,0.4543198420421109,False,False,False,False
2017-05-19,AAPL,153.06,0.003408941916874353,True,False,1.0,149.66299999999998,143.89350000000002,True,False,True,0.5987319918647642,True,False,True,False
2017-05-19,AMZN,959.84,0.0014084653987000983,True,False,1.0,941.124,893.426,True,False,True,0.5974008480435731,True,False,True,False
2017-05-19,BAC,23.05,0.013632365875110075,False,True,0.0,23.678,23.8495,False,True,True,0.5630202623356246,True,False,False,True
2017-05-19,FB,148.06,0.0027089259108763475,True,False,1.0,149.36700000000002,143.0165,True,False,True,0.5997130372789126,True,False,True,False
2017-05-19,GOOG,934.01,0.004052717578259424,True,False,1.0,916.193,860.6605000000001,True,False,True,0.6104808340769271,True,False,True,False
2017-05-19,GOOGL,954.65,0.004366123093108909,True,False,1.0,937.4325000000001,880.3588333333333,True,False,True,0.6222917483104217,True,False,True,False
2017-05-19,MSFT,67.69,-0.00029537734455764575,True,False,1.0,68.523,66.19816666666667,True,False,True,0.5997130372789126,True,False,True,False
2017-05-19,NVDA,136.0,0.022018486510859026,False,False,0.0,114.65150000000001,106.48333333333333,True,False,False,0.508401668646607,False,False,False,False
2017-05-22,AAPL,153.99,0.00607604860838884,True,False,1.0,150.1805,144.18233333333333,True,False,True,0.5912644664657556,True,False,True,False
2017-05-22,AMZN,970.67,0.01128313052175356,True,False,1.0,944.287,895.5165,True,False,True,0.6101398424476704,True,False,True,False
2017-05-22,BAC,23.04,-0.00043383947939268364,False,True,0.0,23.648500000000002,23.829666666666665,False,True,True,0.5997130372789126,True,False,False,True
2017-05-22,FB,148.24,0.0012157233553964364,True,False,1.0,149.5055,143.22983333333332,True,False,True,0.5997130372789126,True,False,True,False
2017-05-22,GOOG,941.86,0.008404620935535956,False,False,1.0,920.1480000000001,862.5475000000001,True,False,False,0.6536246184924237,True,False,False,False
2017-05-22,GOOGL,964.07,0.009867490703399318,False,False,1.0,941.6895000000001,882.2965,True,False,False,0.6493679988105275,True,False,False,False
2017-05-22,MSFT,68.45,0.011227655488255328,True,False,1.0,68.56899999999999,66.262,True,False,True,0.5998352879665553,True,False,True,False
2017-05-22,NVDA,138.9,0.021323529411764852,False,False,0.0,116.449,107.10733333333334,True,False,False,0.4792059188849495,False,False,False,False
2017-05-23,AAPL,153.8,-0.001233846353659307,True,False,1.0,150.644,144.4635,True,False,True,0.5946977809684196,True,False,True,False
2017-05-23,AMZN,971.54,0.0008962881308787196,True,False,1.0,947.483,897.5648333333334,True,False,True,0.6008174915264588,True,False,True,False
2017-05-23,BAC,23.39,0.015190972222222321,False,True,0.0,23.619,23.810000000000002,False,True,True,0.5506280391197105,True,False,False,True
2017-05-23,FB,148.07,-0.0011467889908257645,True,False,1.0,149.5845,143.42416666666665,True,False,True,0.5997130372789126,True,False,True,False
2017-05-23,GOOG,948.82,0.0073896332788312424,False,False,1.0,923.9739999999999,864.5398333333334,True,False,False,0.6559925752822794,True,False,False,False
2017-05-23,GOOGL,970.55,0.006721503625255254,False,False,1.0,945.775,884.3111666666667,True,False,False,0.6336279524040548,True,False,False,False
2017-05-23,MSFT,68.68,0.003360116873630359,True,False,1.0,68.607,66.33616666666667,True,False,True,0.5934978178798347,True,False,True,False
2017-05-23,NVDA,137.03,-0.013462922966162694,False,False,0.0,118.0635,107.65100000000001,True,False,False,0.5826600936253041,True,False,False,False
2017-05-24,AAPL,153.34,-0.002990897269180781,True,False,1.0,151.127,144.736,True,False,True,0.5997130372789126,True,False,True,False
2017-05-24,AMZN,980.35,0.009068077485229642,False,False,1.0,951.0360000000001,899.8199999999999,True,False,False,0.5939696046020437,True,False,False,False
2017-05-24,BAC,23.36,-0.001282599401453699,False,True,0.0,23.5925,23.788,False,True,True,0.5574698774742203,True,False,False,True
2017-05-24,FB,150.04,0.013304518133315346,True,False,1.0,149.7585,143.66583333333335,True,False,True,0.5734839763433468,True,False,True,False
2017-05-24,GOOG,954.96,0.006471195801100338,False,False,1.0,928.1355,866.7356666666667,True,False,False,0.6127475533467551,True,False,False,False
2017-05-24,GOOGL,977.61,0.007274225954355895,False,False,1.0,950.1985000000001,886.5225000000002,True,False,False,0.6043452357872864,True,False,False,False
2017-05-24,MSFT,68.77,0.001310425160162998,True,False,1.0,68.654,66.416,True,False,True,0.5997130372789126,True,False,True,False
2017-05-24,NVDA,138.57,0.01123841494563238,False,False,0.0,119.79100000000001,108.26916666666666,True,False,False,0.5699384614167038,True,False,False,False
2017-05-25,AAPL,153.87,0.003456371462110308,True,False,1.0,151.631,144.97066666666666,True,False,True,0.6013657713297348,True,False,True,False
2017-05-25,AMZN,993.38,0.0132911715203754,False,False,1.0,954.7860000000001,902.1583333333333,True,False,False,0.614464783086309,True,False,False,False
2017-05-25,BAC,23.25,-0.004708904109589018,False,True,0.0,23.5725,23.7505,False,True,True,0.5692244966467672,True,False,False,True
2017-05-25,FB,151.96,0.012796587576646257,True,False,1.0,149.97150000000002,143.90816666666666,True,False,True,0.5899093526403372,True,False,True,False
2017-05-25,GOOG,969.54,0.015267655189746154,False,False,1.0,932.9,868.974,True,False,False,0.6257802429120759,True,False,False,False
2017-05-25,GOOGL,991.86,0.014576364808052356,False,False,1.0,955.2194999999999,888.7743333333334,True,False,False,0.6271664777841749,True,False,False,False
2017-05-25,MSFT,69.62,0.012360040715428289,True,False,1.0,68.7215,66.494,True,False,True,0.6126084789168945,True,False,True,False
2017-05-25,NVDA,138.26,-0.0022371364653244186,False,False,0.0,121.42199999999998,108.86033333333333,True,False,False,0.5892374397604259,True,False,False,False
2017-05-26,AAPL,153.61,-0.0016897380905959158,True,False,1.0,152.129,145.21483333333336,True,False,True,0.5997130372789126,True,False,True,False
2017-05-26,AMZN,995.78,0.0024159938794821034,False,False,1.0,958.3254999999999,904.6061666666667,True,False,False,0.5688578867673589,True,False,False,False
2017-05-26,BAC,23.24,-0.00043010752688177334,False,True,0.0,23.5675,23.717333333333332,False,True,True,0.5660495583142575,True,False,False,True
2017-05-26,FB,152.13,0.0011187154514344932,True,False,1.0,150.06550000000001,144.16433333333333,True,False,True,0.5997130372789126,True,False,True,False
2017-05-26,GOOG,971.47,0.0019906347339977426,False,False,1.0,936.1755,871.3213333333333,True,False,False,0.6048293281519636,True,False,False,False
2017-05-26,GOOGL,993.27,0.001421571592765014,False,False,1.0,958.6569999999999,891.1646666666667,True,False,False,0.5969017892522583,True,False,False,False
2017-05-26,MSFT,69.96,0.004883654122378456,True,False,1.0,68.79650000000001,66.59316666666668,True,False,True,0.5997130372789126,True,False,True,False
2017-05-26,NVDA,141.84,0.025893244611601363,False,False,0.0,123.299,109.57433333333333,True,False,False,0.5378392823237144,False,False,False,False
2017-05-30,AAPL,153.67,0.0003905995703403775,True,False,1.0,152.4835,145.44633333333334,True,False,True,0.5997130372789126,True,False,True,False
2017-05-30,AMZN,996.7,0.0009238988531603542,False,False,1.0,960.749,907.0531666666667,True,False,False,0.5559271992380156,True,False,False,False
2017-05-30,BAC,22.91,-0.014199655765920749,False,True,0.0,23.5325,23.675166666666666,False,True,True,0.5997130372789126,True,False,False,True
2017-05-30,FB,152.38,0.0016433313613357647,True,False,1.0,150.0615,144.41783333333333,True,False,True,0.5997130372789126,True,False,True,False
2017-05-30,GOOG,975.88,0.00453951228550542,False,False,1.0,939.341,873.768,True,False,False,0.6039654216397761,True,False,False,False
2017-05-30,GOOGL,996.17,0.002919649239381039,False,False,1.0,961.8245000000001,893.6161666666667,True,False,False,0.5969650039837062,True,False,False,False
2017-05-30,MSFT,70.41,0.0064322469982847075,True,False,1.0,68.84649999999999,66.69583333333334,True,False,True,0.6048342302586385,True,False,True,False
2017-05-30,NVDA,144.87,0.021362098138747898,False,False,0.0,125.21049999999998,110.34833333333333,True,False,False,0.5707278028658496,True,False,False,False
2017-05-31,AAPL,152.76,-0.005921780438602142,True,False,1.0,152.746,145.67000000000002,True,False,True,0.5997130372789126,True,False,True,False
2017-05-31,AMZN,994.62,-0.002086886726196502,False,False,1.0,963.133,909.5200000000001,True,False,False,0.564875938316704,True,False,False,False
2017-05-31,BAC,22.41,-0.02182453077258839,False,True,0.0,23.4765,23.62783333333333,False,True,True,0.5567854591221543,True,False,False,True
2017-05-31,FB,151.46,-0.006037537734610798,True,False,1.0,149.9955,144.65183333333334,True,False,True,0.5630130201219469,True,False,True,False
2017-05-31,GOOG,964.86,-0.011292372012952412,False,False,1.0,941.762,876.0526666666667,True,False,False,0.48477290081719654,False,False,False,False
2017-05-31,GOOGL,987.09,-0.009114910105704754,False,False,1.0,964.3245000000001,895.9465,True,False,False,0.5294950516482568,False,False,False,False
2017-05-31,MSFT,69.84,-0.008095440988495906,False,False,1.0,68.8735,66.78866666666667,True,False,True,0.4957875016732898,False,False,False,False
2017-05-31,NVDA,144.35,-0.0035894250017257656,False,False,0.0,127.25399999999999,111.12633333333333,True,False,False,0.5719888941261371,True,False,False,False
2017-06-01,AAPL,153.18,0.002749410840534372,True,False,1.0,153.052,145.89766666666665,True,False,True,0.6071691225169232,True,False,True,False
2017-06-01,AMZN,995.95,0.0013371941042810143,False,False,1.0,965.8790000000001,912.0188333333333,True,False,False,0.5608791858712587,True,False,False,False
2017-06-01,BAC,22.63,0.009817045961624249,False,True,0.0,23.4195,23.584833333333336,False,True,True,0.5834658395225566,True,False,False,True
2017-06-01,FB,151.53,0.00046216822923539347,True,False,1.0,149.982,144.88899999999998,True,False,True,0.5997130372789126,True,False,True,False
2017-06-01,GOOG,966.95,0.002166117364177156,False,False,1.0,943.7575,878.3033333333333,True,False,False,0.6264657202218642,True,False,False,False
2017-06-01,GOOGL,988.29,0.0012156946175119199,False,False,1.0,966.3165000000001,898.2321666666667,True,False,False,0.6111184878521911,True,False,False,False
2017-06-01,MSFT,70.1,0.0037227949599081267,True,False,1.0,68.9245,66.88366666666667,True,False,True,0.598042304055763,True,False,True,False
2017-06-01,NVDA,144.36,6.927606511952789e-05,False,False,0.0,129.25949999999997,111.88666666666667,True,False,False,0.5997130372789126,True,False,False,False
2017-06-02,AAPL,155.45,0.014819166993079946,True,False,1.0,153.498,146.17183333333332,True,False,True,0.6415989182334865,True,False,True,False
2017-06-02,AMZN,1006.73,0.010823836537978693,False,False,1.0,969.3389999999999,914.6226666666666,True,False,False,0.6190132818990559,True,False,False,False
2017-06-02,BAC,22.45,-0.00795404330534688,False,True,0.0,23.3495,23.538000000000004,False,True,True,0.5997130372789126,True,False,False,True
2017-06-02,FB,153.61,0.013726654787830972,True,False,1.0,150.11999999999998,145.15383333333332,True,False,True,0.6393558720511756,True,False,True,False
2017-06-02,GOOG,975.6,0.008945653860075398,False,False,1.0,945.9545,880.6405,True,False,False,0.642817316276186,True,False,False,False
2017-06-02,GOOGL,996.12,0.007922775703487872,False,False,1.0,968.3865,900.6068333333333,True,False,False,0.6412518537953735,True,False,False,False
2017-06-02,MSFT,71.76,0.023680456490727586,False,False,1.0,69.072,66.9965,True,False,False,0.6506313984423948,True,False,False,False
2017-06-02,NVDA,143.64,-0.004987531172069959,False,False,0.0,131.249,112.638,True,False,False,0.5970972065722864,True,False,False,False
2017-06-05,AAPL,153.93,-0.009778063686072591,True,False,1.0,153.7465,146.426,True,False,True,0.5713401635431105,True,False,True,False
2017-06-05,AMZN,1011.34,0.004579182104437196,False,False,1.0,973.1985000000001,917.2616666666667,True,False,False,0.5242454575306125,False,False,False,False
2017-06-05,BAC,22.41,-0.0017817371937638438,False,True,0.0,23.282999999999998,23.488999999999997,False,True,True,0.5997130372789126,True,False,False,True
2017-06-05,FB,153.63,0.0001301998567799778,True,False,1.0,150.2895,145.41033333333334,True,False,True,0.5990531779645657,True,False,True,False
2017-06-05,GOOG,983.68,0.008282082820828096,False,False,1.0,948.7819999999999,883.0571666666667,True,False,False,0.6414503332856735,True,False,False,False
2017-06-05,GOOGL,1003.88,0.007790226077179385,False,False,1.0,971.0665000000001,903.0408333333334,True,False,False,0.6614009573095505,True,False,False,False
2017-06-05,MSFT,72.28,0.007246376811594235,False,False,1.0,69.236,67.12233333333333,True,False,False,0.5853390399955761,True,False,False,False
2017-06-05,NVDA,148.01,0.030423280423280463,False,False,0.0,133.4565,113.4625,True,False,False,0.5619901940564779,True,False,False,False
2017-06-06,AAPL,154.45,0.0033781589033974324,True,False,1.0,153.81850000000003,146.68116666666666,True,False,True,0.5869533770210426,True,False,True,False
2017-06-06,AMZN,1003.0,-0.00824648486166868,False,False,1.0,975.8965000000001,919.7706666666667,True,False,False,0.5820004649790952,True,False,False,False
2017-06-06,BAC,22.23,-0.008032128514056214,False,True,0.0,23.1965,23.437666666666665,False,True,True,0.5997130372789126,True,False,False,True
2017-06-06,FB,152.81,-0.005337499186356842,True,False,1.0,150.377,145.64399999999998,True,False,True,0.5997130372789126,True,False,True,False
2017-06-06,GOOG,976.57,-0.007227960312296555,False,False,1.0,950.8955,885.2791666666667,True,False,False,0.5724698972357263,True,False,False,False
2017-06-06,GOOGL,996.68,-0.007172171972745778,False,False,1.0,972.966,905.2954166666666,True,False,False,0.5773021344650198,True,False,False,False
2017-06-06,MSFT,72.52,0.003320420586607531,False,False,1.0,69.41499999999999,67.24883333333334,True,False,False,0.5839416808970183,True,False,False,False
2017-06-06,NVDA,147.34,-0.004526721167488645,False,False,0.0,135.685,114.26616666666665,True,False,False,0.5937210790174215,True,False,False,False
2017-06-07,AAPL,155.37,0.005956620265458179,True,False,1.0,153.8875,146.95066666666668,True,False,True,0.6050751084476033,True,False,True,False
2017-06-07,AMZN,1010.07,0.007048853439681091,False,False,1.0,978.759,922.362,True,False,False,0.5813115346571588,True,False,False,False
2017-06-07,BAC,22.6,0.016644174538911427,False,True,0.0,23.1275,23.39266666666667,False,True,True,0.5594102918455515,True,False,False,True
2017-06-07,FB,153.12,0.0020286630456121113,True,False,1.0,150.50900000000001,145.86933333333334,True,False,True,0.5997130372789126,True,False,True,False
2017-06-07,GOOG,981.08,0.004618204532189196,False,False,1.0,953.341,887.5381666666667,True,False,False,0.6116969092847713,True,False,False,False
2017-06-07,GOOGL,1001.59,0.004926355500260993,False,False,1.0,975.2099999999998,907.5789166666667,True,False,False,0.6321951240904213,True,False,False,False
2017-06-07,MSFT,72.39,-0.0017926089354660668,False,False,1.0,69.58250000000001,67.37683333333334,True,False,False,0.5896602975822512,True,False,False,False
2017-06-07,NVDA,149.12,0.01208090131668249,False,False,0.0,137.994,115.054,True,False,False,0.6059355066383323,True,False,False,False
2017-06-08,AAPL,154.99,-0.002445774602561568,True,False,1.0,153.974,147.21733333333333,True,False,True,0.5997130372789126,True,False,True,False
2017-06-08,AMZN,1010.27,0.00019800607878650567,False,False,1.0,981.825,924.9910000000001,True,False,False,0.598297298150355,True,False,False,False
2017-06-08,BAC,22.97,0.01637168141592915,False,True,0.0,23.0685,23.353499999999997,False,True,True,0.5607684065874199,True,False,False,True
2017-06-08,FB,154.71,0.010384012539184972,True,False,1.0,150.73000000000002,146.12583333333336,True,False,True,0.6190825626663443,True,False,True,False
2017-06-08,GOOG,983.41,0.002374933746483343,False,False,1.0,956.0725,889.8346666666667,True,False,False,0.5985596694521532,True,False,False,False
2017-06-08,GOOGL,1004.28,0.0026857296897930816,False,False,1.0,977.682,909.8850833333332,True,False,False,0.5944501559386929,True,False,False,False
2017-06-08,MSFT,71.95,-0.006078187594971696,True,False,1.0,69.71450000000002,67.5025,True,False,True,0.5695772079859359,True,False,True,False
2017-06-08,NVDA,159.94,0.07255901287553645,False,False,0.0,139.9265,116.02333333333334,True,False,False,0.5163038667627404,False,False,False,False
2017-06-09,AAPL,148.98,-0.03877669527066274,True,False,1.0,153.72549999999998,147.35933333333332,True,False,True,0.5886228735601355,True,False,True,False
2017-06-09,AMZN,978.31,-0.0316351074465242,True,False,1.0,983.3595000000001,927.08,True,False,True,0.5550441173501527,True,False,True,False
2017-06-09,BAC,23.67,0.03047453199825867,False,True,0.0,23.048499999999997,23.328333333333333,False,True,True,0.5806192769543453,True,False,False,True
2017-06-09,FB,149.6,-0.03302953913774165,False,False,1.0,150.70800000000003,146.2905,True,False,True,0.5499728718143477,False,False,False,False
2017-06-09,GOOG,949.83,-0.034146490273639585,True,False,1.0,957.034,891.5451666666667,True,False,True,0.5592319649616421,True,False,True,False
2017-06-09,GOOGL,970.12,-0.03401441828971996,True,False,1.0,978.3934999999999,911.5805833333333,True,False,True,0.5628352696424928,True,False,True,False
2017-06-09,MSFT,70.32,-0.02265462126476736,False,False,1.0,69.8075,67.59533333333333,True,False,True,0.5245759395854658,False,False,False,False
2017-06-09,NVDA,149.6,-0.06464924346629985,False,True,0.0,141.0815,116.80749999999999,True,False,True,0.42981682969342916,False,True,False,True
2017-06-12,AAPL,145.42,-0.0238958249429454,True,False,1.0,153.1915,147.43816666666666,True,False,True,0.6504449346755335,True,False,True,False
2017-06-12,AMZN,964.91,-0.013697089879486035,True,False,1.0,983.5375,928.9381666666667,True,False,True,0.6048237254554376,True,False,True,False
2017-06-12,BAC,23.78,0.004647232784114941,False,True,0.0,23.0375,23.304333333333332,False,True,True,0.5726119450049084,True,False,False,True
2017-06-12,FB,148.44,-0.007754010695187108,True,False,1.0,150.6135,146.43133333333333,True,False,True,0.605758068378235,True,False,True,False
2017-06-12,GOOG,942.9,-0.007296042449701612,True,False,1.0,957.568,893.1138333333333,True,False,True,0.5892432269175003,True,False,True,False
2017-06-12,GOOGL,961.81,-0.008565950604049077,True,False,1.0,978.7270000000001,913.1107499999999,True,False,True,0.5964521044743475,True,False,True,False
2017-06-12,MSFT,69.78,-0.00767918088737185,True,False,1.0,69.8775,67.681,True,False,True,0.6154135606784066,True,False,True,False
2017-06-12,NVDA,149.97,0.0024732620320855325,True,False,1.0,142.1855,117.57683333333333,True,False,True,0.5741554697571336,True,False,True,False
2017-06-13,AAPL,146.59,0.008045660844450575,True,False,1.0,152.73600000000002,147.54816666666665,True,False,True,0.6262746949876291,True,False,True,False
2017-06-13,AMZN,980.79,0.016457493444984594,True,False,1.0,984.6785,931.0794999999999,True,False,True,0.558075482459279,True,False,True,False
2017-06-13,BAC,23.77,-0.00042052144659388,False,True,0.0,23.023000000000003,23.286166666666663,False,True,True,0.5538402202295245,True,False,False,True
2017-06-13,FB,150.68,0.015090272163837293,True,False,1.0,150.638,146.612,True,False,True,0.6102283440499331,True,False,True,False
2017-06-13,GOOG,953.4,0.011135857461024523,False,False,1.0,958.384,894.8018333333333,True,False,True,0.5307716774276846,False,False,False,False
2017-06-13,GOOGL,970.5,0.009035048502302967,False,False,1.0,979.2909999999999,914.74625,True,False,True,0.5049882156222729,False,False,False,False
2017-06-13,MSFT,70.65,0.012467755803955427,True,False,1.0,69.9885,67.77733333333335,True,False,True,0.574994604088289,True,False,True,False
2017-06-13,NVDA,151.4,0.009535240381409738,True,False,1.0,143.04,118.33233333333334,True,False,True,0.5805587607729192,True,False,True,False
2017-06-14,AAPL,145.16,-0.009755099256429589,True,False,1.0,152.2205,147.60983333333334,True,False,True,0.5997130372789126,True,False,True,False
2017-06-14,AMZN,976.47,-0.004404612608203573,False,False,1.0,985.1985000000001,933.0711666666666,True,False,True,0.5152937410349743,False,False,False,False
2017-06-14,BAC,23.76,-0.0004206983592762725,False,True,0.0,23.0115,23.274833333333333,False,True,True,0.5401501482329816,False,False,False,True
2017-06-14,FB,150.25,-0.0028537297584284582,True,False,1.0,150.6615,146.78383333333332,True,False,True,0.5997130372789126,True,False,True,False
2017-06-14,GOOG,950.76,-0.0027690371302705463,False,False,1.0,958.7719999999999,896.5078333333333,True,False,True,0.4630623678657178,False,False,False,False
2017-06-14,GOOGL,967.93,-0.0026481195260176227,False,False,1.0,979.4570000000001,916.41325,True,False,True,0.4621014872294925,False,False,False,False
2017-06-14,MSFT,70.27,-0.005378627034678174,True,False,1.0,70.03150000000001,67.86633333333333,True,False,True,0.5997130372789126,True,False,True,False
2017-06-14,NVDA,151.72,0.0021136063408189187,True,False,1.0,143.7855,119.03683333333333,True,False,True,0.5769356564423047,True,False,True,False
2017-06-15,AAPL,144.29,-0.005993386607880957,True,False,1.0,151.92249999999999,147.68400000000003,True,False,True,0.6055037357970321,True,False,True,False
2017-06-15,AMZN,964.17,-0.01259639313035743,True,False,1.0,986.1690000000001,935.0873333333333,True,False,True,0.5907660389025602,True,False,True,False
2017-06-15,BAC,23.54,-0.009259259259259411,False,True,0.0,23.060000000000002,23.283500000000004,False,True,True,0.5563917372519336,True,False,False,True
2017-06-15,FB,149.8,-0.002995008319467529,True,False,1.0,150.90900000000002,146.97200000000004,True,False,True,0.5997130372789126,True,False,True,False
2017-06-15,GOOG,942.31,-0.00888762674071275,True,False,1.0,959.9065,898.372,True,False,True,0.5549491856664971,True,False,True,False
2017-06-15,GOOGL,960.18,-0.008006777349601757,True,False,1.0,980.3574999999998,918.24725,True,False,True,0.5554966859449573,True,False,True,False
2017-06-15,MSFT,69.9,-0.005265404866941714,True,False,1.0,70.1525,67.96116666666667,True,False,True,0.5997130372789126,True,False,True,False
2017-06-15,NVDA,152.37,0.0042842077511204835,True,False,1.0,145.018,119.81116666666667,True,False,True,0.6954461216034932,True,False,True,False
2017-06-16,AAPL,142.27,-0.013999584170767077,True,False,1.0,151.409,147.69816666666668,True,False,True,0.6243917538060126,True,False,True,False
2017-06-16,AMZN,987.71,0.02441478162564703,True,False,1.0,987.6300000000001,937.4148333333334,True,False,True,0.6061383449270694,True,False,True,False
2017-06-16,BAC,23.43,-0.004672897196261627,False,True,0.0,23.0945,23.291666666666668,False,True,True,0.5854246183498958,True,False,False,True
2017-06-16,FB,150.64,0.005607476635513864,False,False,1.0,151.05800000000002,147.15616666666668,True,False,True,0.5425552657793624,False,False,False,False
2017-06-16,GOOG,939.78,-0.0026848913839394584,False,False,1.0,960.3835000000001,900.2085,True,False,True,0.534816804740457,False,False,False,False
2017-06-16,GOOGL,958.62,-0.0016246953696181787,False,False,1.0,980.7635,920.0609166666668,True,False,True,0.5010932907407248,False,False,False,False
2017-06-16,MSFT,70.0,0.0014306151645206988,False,False,1.0,70.267,68.044,True,False,True,0.5393507130739653,False,False,False,False
2017-06-16,NVDA,151.62,-0.004922228785193883,True,False,1.0,145.94549999999998,120.537,True,False,True,0.5586068328723581,True,False,True,False
2017-06-19,AAPL,146.34,0.028607577142053753,False,False,1.0,151.073,147.78850000000003,True,False,True,0.524072448347186,False,False,False,False
2017-06-19,AMZN,995.17,0.0075528242095350695,False,False,1.0,989.3965000000001,939.878,True,False,True,0.5107023608928086,False,False,False,False
2017-06-19,BAC,23.91,0.020486555697823317,False,True,0.0,23.1375,23.305666666666664,False,True,True,0.5724324207337765,True,False,False,True
2017-06-19,FB,152.87,0.014803505045140941,True,False,1.0,151.2985,147.3785,True,False,True,0.5699825001403319,True,False,True,False
2017-06-19,GOOG,957.37,0.0187171465662177,False,False,1.0,961.5514999999999,902.5383333333334,True,False,True,0.5057455546334007,False,False,False,False
2017-06-19,GOOGL,975.22,0.0173165592205462,False,False,1.0,981.7919999999998,922.3204166666667,True,False,True,0.49540677961470864,False,False,False,False
2017-06-19,MSFT,70.87,0.012428571428571455,True,False,1.0,70.426,68.144,True,False,True,0.6056810036929664,True,False,True,False
2017-06-19,NVDA,157.32,0.037593984962405846,False,False,1.0,147.0115,121.37416666666667,True,False,False,0.5666201886149874,True,False,False,False
2017-06-20,AAPL,145.01,-0.009088424217575608,True,False,1.0,150.62399999999997,147.8613333333333,True,False,True,0.5997130372789126,True,False,True,False
2017-06-20,AMZN,992.59,-0.002592521880683596,False,False,1.0,990.4925,942.3276666666666,True,False,True,0.4947512963469834,False,False,False,False
2017-06-20,BAC,23.49,-0.017565872020075313,False,True,0.0,23.16,23.311833333333333,False,True,True,0.5997130372789126,True,False,False,True
2017-06-20,FB,152.25,-0.004055733629881653,True,False,1.0,151.499,147.57700000000003,True,False,True,0.5947064577204767,True,False,True,False
2017-06-20,GOOG,950.63,-0.007040120329653177,False,True,0.0,961.99,904.8083333333333,True,False,True,0.4482886974943901,False,True,False,True
2017-06-20,GOOGL,968.99,-0.006388302126699608,False,True,0.0,982.0379999999999,924.5512500000001,True,False,True,0.43191409260348707,False,True,False,True
2017-06-20,MSFT,69.91,-0.013545929166078885,True,False,1.0,70.499,68.22616666666667,True,False,True,0.5997130372789126,True,False,True,False
2017-06-20,NVDA,157.09,-0.0014619883040934978,False,False,1.0,147.921,122.20116666666668,True,False,False,0.5283922620772527,False,False,False,False
2017-06-21,AAPL,145.87,0.005930625474105389,True,False,1.0,150.22750000000002,147.9445,True,False,True,0.5937974331141015,True,False,True,False
2017-06-21,AMZN,1002.23,0.009711965665581967,True,False,1.0,992.0269999999998,944.9178333333333,True,False,True,0.5797904901943879,True,False,True,False
2017-06-21,BAC,23.13,-0.01532567049808431,False,True,0.0,23.147,23.313499999999998,False,True,True,0.5997130372789126,True,False,False,True
2017-06-21,FB,153.91,0.010903119868637123,True,False,1.0,151.791,147.8035,True,False,True,0.602856841249563,True,False,True,False
2017-06-21,GOOG,959.45,0.009278057709098286,False,False,0.0,962.5215000000001,907.1406666666667,True,False,True,0.5063922188786075,False,False,False,False
2017-06-21,GOOGL,978.59,0.009907222984757436,False,False,0.0,982.4399999999999,926.8859166666666,True,False,True,0.5048703098838394,False,False,False,False
2017-06-21,MSFT,70.27,0.0051494779001572955,True,False,1.0,70.57849999999999,68.31233333333333,True,False,True,0.5997130372789126,True,False,True,False
2017-06-21,NVDA,159.47,0.015150550639760674,False,False,1.0,149.043,123.05483333333333,True,False,False,0.5802300319902669,True,False,False,False
2017-06-22,AAPL,145.63,-0.0016453006101323497,True,False,1.0,149.842,147.975,True,False,True,0.5862963769139883,True,False,True,False
2017-06-22,AMZN,1001.3,-0.0009279307145066973,True,False,1.0,993.0745000000001,947.3394999999999,True,False,True,0.5997130372789126,True,False,True,False
2017-06-22,BAC,22.93,-0.008646779074794608,False,True,0.0,23.1255,23.304333333333332,False,True,True,0.5997130372789126,True,False,False,True
2017-06-22,FB,153.4,-0.0033136248456889783,True,False,1.0,151.959,147.9975,True,False,True,0.5860657242388605,True,False,True,False
2017-06-22,GOOG,957.09,-0.0024597425608421375,False,False,0.0,962.628,909.4101666666667,True,False,True,0.5423131596034704,False,False,False,False
2017-06-22,GOOGL,976.62,-0.0020131004813047637,False,False,0.0,982.3904999999999,929.1524166666667,True,False,True,0.5296824723343075,False,False,False,False
2017-06-22,MSFT,70.26,-0.00014230823964689332,True,False,1.0,70.65299999999999,68.39516666666667,True,False,True,0.5970397063095642,True,False,True,False
2017-06-22,NVDA,158.37,-0.0068978491252272844,False,False,1.0,150.033,123.8995,True,False,False,0.5893392686916429,True,False,False,False
2017-06-23,AAPL,146.28,0.004463366064684449,True,False,1.0,149.4625,148.011,True,False,True,0.580840883585392,True,False,True,False
2017-06-23,AMZN,1003.74,0.0024368321182464125,True,False,1.0,993.5925,949.4965,True,False,True,0.6007692706637647,True,False,True,False
2017-06-23,BAC,22.82,-0.004797208896641925,False,True,0.0,23.104,23.2955,False,True,True,0.5997130372789126,True,False,False,True
2017-06-23,FB,155.07,0.01088657105606261,True,False,1.0,152.1145,148.2045,True,False,True,0.5966384892978979,True,False,True,False
2017-06-23,GOOG,965.59,0.00888108746303895,False,False,0.0,962.4305,911.6465000000001,True,False,True,0.5246793741267453,False,False,False,False
2017-06-23,GOOGL,986.09,0.009696709057770647,False,False,0.0,982.1019999999999,931.42275,True,False,True,0.5289164946973004,False,False,False,False
2017-06-23,MSFT,71.21,0.013521206945630304,True,False,1.0,70.73249999999999,68.49083333333333,True,False,True,0.6038218890945044,True,False,True,False
2017-06-23,NVDA,153.83,-0.028667045526299173,False,False,1.0,150.81149999999997,124.67433333333334,True,False,True,0.5102902966324051,False,False,False,False
2017-06-26,AAPL,145.82,-0.0031446540880503138,True,False,1.0,149.073,148.0425,True,False,True,0.5997130372789126,True,False,True,False
2017-06-26,AMZN,993.98,-0.009723633610297489,True,False,1.0,993.5024999999999,951.4571666666667,True,False,True,0.5724663058382985,True,False,True,False
2017-06-26,BAC,22.89,0.0030674846625766694,False,True,0.0,23.0865,23.279166666666665,False,True,True,0.5785211287570945,True,False,False,True
2017-06-26,FB,153.59,-0.009544076868510887,True,False,1.0,152.1875,148.39083333333335,True,False,True,0.5859653256147214,True,False,True,False
2017-06-26,GOOG,952.27,-0.013794674758437875,False,False,0.0,961.4705,913.6593333333333,True,False,True,0.5441065489635529,False,False,False,False
2017-06-26,GOOGL,972.09,-0.014197487044793067,True,False,1.0,981.043,933.46625,True,False,True,0.5564053824482692,True,False,True,False
2017-06-26,MSFT,70.53,-0.00954922061508201,True,False,1.0,70.761,68.57116666666666,True,False,True,0.587863157436222,True,False,True,False
2017-06-26,NVDA,152.15,-0.010921146720405672,True,False,1.0,151.327,125.38683333333333,True,False,True,0.5747007644405916,True,False,True,False
2017-06-27,AAPL,143.73,-0.01433273899327936,True,False,1.0,148.576,148.04366666666664,True,False,True,0.5997130372789126,True,False,True,False
2017-06-27,AMZN,976.78,-0.017304171110082756,True,False,1.0,992.5065000000001,952.9611666666666,True,False,True,0.5906843750193173,True,False,True,False
2017-06-27,BAC,23.27,0.01660113586719092,False,True,0.0,23.104499999999998,23.273833333333336,False,True,True,0.5928918598976576,True,False,False,True
2017-06-27,FB,150.58,-0.019597630054039916,True,False,1.0,152.09750000000003,148.533,True,False,True,0.5997130372789126,True,False,True,False
2017-06-27,GOOG,927.33,-0.02619005114095785,True,False,1.0,959.043,915.2888333333334,True,False,True,0.6133262527870214,True,False,True,False
2017-06-27,GOOGL,948.09,-0.024689071999506207,True,False,1.0,978.6389999999999,935.13775,True,False,True,0.6092658975233356,True,False,True,False
2017-06-27,MSFT,69.21,-0.0187154402381966,True,False,1.0,70.701,68.627,True,False,True,0.5997130372789126,True,False,True,False
2017-06-27,NVDA,146.58,-0.03660860992441661,True,False,1.0,151.4125,126.01433333333333,True,False,True,0.5706447531455368,True,False,True,False
2017-06-28,AAPL,145.83,0.014610728449175658,True,False,1.0,148.2295,148.07916666666668,True,False,True,0.5741263768357118,True,False,True,False
2017-06-28,AMZN,990.33,0.013872110403571059,True,False,1.0,992.292,954.6081666666666,True,False,True,0.6022903549673366,True,False,True,False
2017-06-28,BAC,23.88,0.02621400945423291,False,True,0.0,23.177999999999997,23.278666666666666,False,True,True,0.6263680484527538,True,False,False,True
2017-06-28,FB,153.24,0.017665028556249185,True,False,1.0,152.1865,148.71566666666666,True,False,True,0.5837755413003248,True,False,True,False
2017-06-28,GOOG,940.49,0.014191280342488621,True,False,1.0,957.8245000000001,916.9878333333332,True,False,True,0.564464683526341,True,False,True,False
2017-06-28,GOOGL,961.01,0.013627398242782807,True,False,1.0,977.335,936.8754166666666,True,False,True,0.5657273049205876,True,False,True,False
2017-06-28,MSFT,69.8,0.008524779656119197,True,False,1.0,70.69899999999998,68.69783333333334,True,False,True,0.5902593249380844,True,False,True,False
2017-06-28,NVDA,151.75,0.03527084186109963,True,False,1.0,151.78249999999997,126.73716666666665,True,False,True,0.6222646593698495,True,False,True,False
2017-06-29,AAPL,143.68,-0.014743194130151571,False,True,0.0,147.75449999999998,148.061,False,True,True,0.5997130372789126,True,False,False,True
2017-06-29,AMZN,975.93,-0.014540607676229222,True,False,1.0,991.2909999999999,955.7598333333333,True,False,True,0.580516946599485,True,False,True,False
2017-06-29,BAC,24.32,0.018425460636515956,False,True,0.0,23.2625,23.293333333333337,False,True,True,0.5851637024699724,True,False,False,True
2017-06-29,FB,151.04,-0.014356564865570465,True,False,1.0,152.16199999999998,148.87083333333334,True,False,True,0.5967285528194628,True,False,True,False
2017-06-29,GOOG,917.79,-0.024136354453529574,True,False,1.0,955.3664999999999,918.3748333333333,True,False,True,0.6340510417887371,True,False,True,False
2017-06-29,GOOGL,937.82,-0.024130862321932067,True,False,1.0,974.8115,938.29625,True,False,True,0.6324639500990226,True,False,True,False
2017-06-29,MSFT,68.49,-0.018767908309455628,True,False,1.0,70.6185,68.74383333333334,True,False,True,0.5997130372789126,True,False,True,False
2017-06-29,NVDA,146.68,-0.033410214168039465,True,False,1.0,151.8985,127.50216666666667,True,False,True,0.6093669295052095,True,False,True,False
2017-06-30,AAPL,144.02,0.002366369710467664,False,True,0.0,147.183,148.061,False,True,True,0.5997130372789126,True,False,False,True
2017-06-30,AMZN,968.0,-0.008125582777453233,True,False,1.0,989.3545,956.7384999999999,True,False,True,0.5932474902792699,True,False,True,False
2017-06-30,BAC,24.26,-0.002467105263157854,True,False,1.0,23.353,23.311500000000002,True,False,True,0.5557326668627538,True,False,True,False
2017-06-30,FB,150.98,-0.00039724576271182865,True,False,1.0,152.03050000000002,149.02300000000002,True,False,True,0.5997130372789126,True,False,True,False
2017-06-30,GOOG,908.73,-0.009871539241002814,True,False,1.0,952.0230000000001,919.6635000000001,True,False,True,0.6374207169276105,True,False,True,False
2017-06-30,GOOGL,929.68,-0.008679703994370014,True,False,1.0,971.4895,939.6424166666667,True,False,True,0.6413217946672369,True,False,True,False
2017-06-30,MSFT,68.93,0.0064242955175939365,True,False,1.0,70.477,68.8,True,False,True,0.5853583047269947,True,False,True,False
2017-06-30,NVDA,144.56,-0.014453231524406918,True,False,1.0,151.9445,128.24433333333334,True,False,True,0.6114265878324552,True,False,True,False
2017-07-03,AAPL,143.5,-0.0036106096375504437,False,True,0.0,146.6615,148.05833333333334,False,True,True,0.5826008720457208,True,False,False,True
2017-07-03,AMZN,953.66,-0.0148140495867769,True,False,1.0,986.4705,957.6615,True,False,True,0.6093645463008458,True,False,True,False
2017-07-03,BAC,24.68,0.01731244847485569,True,False,1.0,23.466500000000003,23.33516666666667,True,False,True,0.5950036591588787,True,False,True,False
2017-07-03,FB,148.43,-0.016889654258842146,True,False,1.0,151.77050000000003,149.14400000000003,True,False,True,0.5997130372789126,True,False,True,False
2017-07-03,GOOG,898.7,-0.011037381840590665,True,False,1.0,947.774,920.8438333333332,True,False,True,0.620631618658439,True,False,True,False
2017-07-03,GOOGL,919.46,-0.010993029859736603,True,False,1.0,967.2684999999999,940.8818333333332,True,False,True,0.6232123940771226,True,False,True,False
2017-07-03,MSFT,68.17,-0.011025678224285573,True,False,1.0,70.2715,68.84066666666668,True,False,True,0.5997130372789126,True,False,True,False
2017-07-03,NVDA,139.33,-0.036178749308245606,True,False,1.0,151.5105,128.88716666666667,True,False,True,0.5868388028727126,True,False,True,False
2017-07-05,AAPL,144.09,0.004111498257839852,False,True,0.0,146.1435,148.07083333333333,False,True,True,0.5727365176188549,True,False,False,True
2017-07-05,AMZN,971.4,0.01860201749051016,False,False,1.0,984.8905000000001,958.9368333333333,True,False,True,0.5069768342901246,False,False,False,False
2017-07-05,BAC,24.92,0.009724473257698651,True,False,1.0,23.601,23.3645,True,False,True,0.5672626194984017,True,False,True,False
2017-07-05,FB,150.34,0.01286801859462372,True,False,1.0,151.647,149.30333333333334,True,False,True,0.6047883806479727,True,False,True,False
2017-07-05,GOOG,911.71,0.014476466006453803,False,True,0.0,944.5310000000002,922.2945,True,False,True,0.44250167714024813,False,True,False,True
2017-07-05,GOOGL,932.26,0.013921214625976175,False,False,1.0,964.0475,942.3845,True,False,True,0.45615558337435774,False,False,False,False
2017-07-05,MSFT,69.08,0.01334898048995159,True,False,1.0,70.0995,68.89733333333334,True,False,True,0.5813795763659103,True,False,True,False
2017-07-05,NVDA,143.05,0.02669920333022313,True,False,1.0,151.296,129.59916666666666,True,False,True,0.612061075206136,True,False,True,False
2017-07-06,AAPL,142.73,-0.00943854535359856,False,True,0.0,145.5115,148.0635,False,True,True,0.5997130372789126,True,False,False,True
2017-07-06,AMZN,965.14,-0.006444307185505482,True,False,1.0,982.644,959.9051666666667,True,False,True,0.5534038794442669,True,False,True,False
2017-07-06,BAC,24.71,-0.008426966292134908,False,False,1.0,23.7065,23.392666666666667,True,False,True,0.5476650016895853,False,False,False,False
2017-07-06,FB,148.82,-0.010110416389517152,True,False,1.0,151.432,149.43300000000002,True,False,True,0.5997130372789126,True,False,True,False
2017-07-06,GOOG,906.69,-0.005506136819822038,True,False,1.0,940.8115,923.6605000000001,True,False,True,0.5507601778187875,True,False,True,False
2017-07-06,GOOGL,927.69,-0.004902065947267831,True,False,1.0,960.3525000000002,943.8176666666667,True,False,True,0.5781330498800189,True,False,True,False
2017-07-06,MSFT,68.57,-0.007382744643891215,True,False,1.0,69.90849999999999,68.94800000000001,True,False,True,0.5997130372789126,True,False,True,False
2017-07-06,NVDA,143.48,0.003005941978329041,True,False,1.0,151.014,130.361,True,False,True,0.6221322050253991,True,False,True,False
2017-07-07,AAPL,144.18,0.010159041546976999,False,True,0.0,144.971,148.10600000000002,False,True,True,0.558040228039886,True,False,False,True
2017-07-07,AMZN,978.76,0.014111942308887793,True,False,1.0,981.0685,961.1785,True,False,True,0.5587490967726859,True,False,True,False
2017-07-07,BAC,24.83,0.004856333468231444,True,False,1.0,23.799500000000002,23.4245,True,False,True,0.5985748067575151,True,False,True,False
2017-07-07,FB,151.44,0.017605160596694036,True,False,1.0,151.2685,149.625,True,False,True,0.6153619983565904,True,False,True,False
2017-07-07,GOOG,918.59,0.013124662232957274,False,False,1.0,937.5705,925.2478333333332,True,False,True,0.46615105358615055,False,False,False,False
2017-07-07,GOOGL,940.81,0.014142655412907157,False,False,1.0,957.1789999999999,945.4998333333333,True,False,True,0.4742557305984947,False,False,False,False
2017-07-07,MSFT,69.46,0.012979437071605648,True,False,1.0,69.78399999999999,69.01433333333333,True,False,True,0.5858089658858586,True,False,True,False
2017-07-07,NVDA,146.76,0.022860328965709442,True,False,1.0,150.355,131.17166666666665,True,False,True,0.6210238467157871,True,False,True,False
2017-07-10,AAPL,145.06,0.00610348175891251,False,True,0.0,144.775,148.1603333333333,False,True,True,0.5680796343473902,True,False,False,True
2017-07-10,AMZN,996.47,0.018094323429645787,True,False,1.0,981.9765,962.8491666666666,True,False,True,0.5649259945060309,True,False,True,False
2017-07-10,BAC,24.89,0.002416431735803526,True,False,1.0,23.8605,23.461833333333335,True,False,True,0.5997130372789126,True,False,True,False
2017-07-10,FB,153.5,0.013602746962493306,True,False,1.0,151.4635,149.857,True,False,True,0.6092269804784923,True,False,True,False
2017-07-10,GOOG,928.8,0.011114860819299022,True,False,1.0,936.519,926.9891666666666,True,False,True,0.5504873265535103,True,False,True,False
2017-07-10,GOOGL,951.0,0.010831092356586414,False,False,1.0,956.223,947.3255,True,False,True,0.5441126028290243,False,False,False,False
2017-07-10,MSFT,69.98,0.007486323063633948,True,False,1.0,69.767,69.09349999999999,True,False,True,0.5883529617866612,True,False,True,False
2017-07-10,NVDA,153.7,0.04728808939765594,False,False,1.0,150.56,132.1115,True,False,True,0.5460398197029347,False,False,False,False
2017-07-11,AAPL,145.53,0.003240038604715334,False,True,0.0,144.78050000000002,148.235,False,True,True,0.558815429320063,True,False,False,True
2017-07-11,AMZN,994.13,-0.0023482894618002126,True,False,1.0,983.4375,964.6735,True,False,True,0.5689704702367838,True,False,True,False
2017-07-11,BAC,24.6,-0.011651265568501379,True,False,1.0,23.901500000000002,23.499499999999998,True,False,True,0.5867309052638391,True,False,True,False
2017-07-11,FB,155.27,0.011530944625407269,True,False,1.0,151.805,150.12166666666664,True,False,True,0.5997130372789126,True,False,True,False
2017-07-11,GOOG,930.09,0.001388888888888884,True,False,1.0,935.8785,928.7646666666666,True,False,True,0.5932797795291873,True,False,True,False
2017-07-11,GOOGL,953.53,0.002660357518401657,True,False,1.0,955.809,949.2146666666666,True,False,True,0.5997130372789126,True,False,True,False
2017-07-11,MSFT,69.99,0.0001428979708486544,True,False,1.0,69.7775,69.1775,True,False,True,0.5767327162620258,True,False,True,False
2017-07-11,NVDA,155.88,0.01418347430058553,True,False,1.0,150.85549999999998,133.11800000000002,True,False,True,0.5878753963866572,True,False,True,False
2017-07-12,AAPL,145.74,0.0014430014430015792,False,True,0.0,144.738,148.30016666666668,False,True,True,0.5931567287162988,True,False,False,True
2017-07-12,AMZN,1006.51,0.0124530996952108,True,False,1.0,984.7235000000001,966.4155,True,False,True,0.6144242580383075,True,False,True,False
2017-07-12,BAC,24.35,-0.010162601626016232,True,False,1.0,23.930500000000002,23.525166666666667,True,False,True,0.6018829256160314,True,False,True,False
2017-07-12,FB,158.9,0.023378630772203257,True,False,1.0,152.216,150.41299999999998,True,False,True,0.6138836539119045,True,False,True,False
2017-07-12,GOOG,943.83,0.014772763926071741,True,False,1.0,935.4,930.5423333333333,True,False,True,0.6018829256160314,True,False,True,False
2017-07-12,GOOGL,967.66,0.014818621333361204,True,False,1.0,955.667,951.0901666666667,True,False,True,0.6023256087152555,True,False,True,False
2017-07-12,MSFT,71.15,0.016573796256608153,True,False,1.0,69.8025,69.272,True,False,True,0.658070735890388,True,False,True,False
2017-07-12,NVDA,162.51,0.042532717474980775,True,False,1.0,151.411,134.17266666666666,True,False,True,0.5827258201176994,True,False,True,False
2017-07-13,AAPL,147.77,0.01392891450528344,False,True,0.0,144.86849999999998,148.40966666666665,False,True,True,0.6027553639065886,True,False,False,True
2017-07-13,AMZN,1000.63,-0.005841968783221185,True,False,1.0,985.9315,968.0296666666667,True,False,True,0.5576284172775244,True,False,True,False
2017-07-13,BAC,24.62,0.011088295687885052,True,False,1.0,23.9735,23.557,True,False,True,0.6482304579466175,True,False,True,False
2017-07-13,FB,159.26,0.0022655758338576693,True,False,1.0,152.66649999999998,150.718,True,False,True,0.5806526291425793,True,False,True,False
2017-07-13,GOOG,947.16,0.003528177743873373,True,False,1.0,935.22,932.3813333333334,True,False,True,0.5865115415775936,True,False,True,False
2017-07-13,GOOGL,968.85,0.0012297707872599428,True,False,1.0,955.713,953.0045000000001,True,False,True,0.580363131005474,True,False,True,False
2017-07-13,MSFT,71.77,0.008713984539704622,True,False,1.0,69.8775,69.37833333333333,True,False,True,0.6027536998031243,True,False,True,False
2017-07-13,NVDA,160.63,-0.011568518860377797,False,False,1.0,151.8565,135.195,True,False,True,0.45092154654783545,False,False,False,False
2017-07-14,AAPL,149.04,0.008594437301211233,False,True,0.0,145.10600000000002,148.54899999999998,False,True,True,0.6019640348337436,True,False,False,True
2017-07-14,AMZN,1001.81,0.0011792570680471126,True,False,1.0,987.8134999999999,969.7398333333333,True,False,True,0.6018829256160314,True,False,True,False
2017-07-14,BAC,24.21,-0.0166531275385865,True,False,1.0,24.006999999999998,23.5815,True,False,True,0.5840518278396434,True,False,True,False
2017-07-14,FB,159.97,0.004458118799447464,True,False,1.0,153.175,151.013,True,False,True,0.6025874597706018,True,False,True,False
2017-07-14,GOOG,955.99,0.009322606528991972,True,False,1.0,935.9039999999999,934.3443333333333,True,False,True,0.596438201606637,True,False,True,False
2017-07-14,GOOGL,976.91,0.008319141249935491,True,False,1.0,956.5495000000001,955.0111666666667,True,False,True,0.5886089693268275,True,False,True,False
2017-07-14,MSFT,72.78,0.014072732339417637,True,False,1.0,70.0215,69.50733333333332,True,False,True,0.5667755953909209,True,False,True,False
2017-07-14,NVDA,164.95,0.02689410446367435,False,False,1.0,152.4855,136.28283333333331,True,False,True,0.5495106392444312,False,False,False,False
2017-07-17,AAPL,149.56,0.0034889962426194465,False,True,0.0,145.47050000000002,148.6676666666667,False,True,True,0.60206723908249,True,False,False,True
2017-07-17,AMZN,1010.04,0.008215130613589361,True,False,1.0,988.93,971.5395000000001,True,False,True,0.629434641771597,True,False,True,False
2017-07-17,BAC,24.02,-0.00784799669558034,True,False,1.0,24.0365,23.59733333333333,True,False,True,0.6336468152589517,True,False,True,False
2017-07-17,FB,159.73,-0.0015002813027442663,True,False,1.0,153.6295,151.2785,True,False,True,0.6003377959200044,True,False,True,False
2017-07-17,GOOG,953.42,-0.0026883126392536205,True,False,1.0,936.586,936.2071666666667,True,False,True,0.5879106699137401,True,False,True,False
2017-07-17,GOOGL,975.96,-0.0009724539619820893,True,False,1.0,957.4164999999999,956.9424999999999,True,False,True,0.6018829256160314,True,False,True,False
2017-07-17,MSFT,73.35,0.007831821929101368,True,False,1.0,70.189,69.63816666666666,True,False,True,0.5986835517157032,True,False,True,False
2017-07-17,NVDA,164.25,-0.004243710215216634,False,False,1.0,153.11700000000002,137.33266666666668,True,False,True,0.5381417050396012,False,False,False,False
2017-07-18,AAPL,150.08,0.0034768654720513936,False,True,0.0,145.6575,148.79783333333336,False,True,True,0.6018829256160314,True,False,False,True
2017-07-18,AMZN,1024.45,0.014266761712407483,True,False,1.0,990.394,973.6381666666667,True,False,True,0.6596159811643013,True,False,True,False
2017-07-18,BAC,23.9,-0.004995836802664466,True,False,1.0,24.036,23.617166666666666,True,False,True,0.6989287582073416,True,False,True,False
2017-07-18,FB,162.86,0.019595567520190427,False,False,1.0,154.129,151.59816666666669,True,False,False,0.6205760909007878,True,False,False,False
2017-07-18,GOOG,965.4,0.012565291267227385,False,True,0.0,936.9875,938.244,False,True,True,0.6239398199967222,True,False,False,True
2017-07-18,GOOGL,986.95,0.011260707406041348,False,True,0.0,958.003,959.0758333333334,False,True,True,0.6282561919679642,True,False,False,True
2017-07-18,MSFT,73.3,-0.0006816632583502846,False,False,1.0,70.31049999999999,69.75316666666667,True,False,True,0.49798318845338757,False,False,False,False
2017-07-18,NVDA,165.96,0.010410958904109702,True,False,1.0,153.549,138.404,True,False,True,0.6024763511467274,True,False,True,False
2017-07-19,AAPL,151.02,0.0062633262260127776,False,True,0.0,145.95800000000003,148.92083333333332,False,True,True,0.6018829256160314,True,False,False,True
2017-07-19,AMZN,1026.87,0.0023622431548633305,True,False,1.0,992.108,975.6291666666667,True,False,True,0.6200081757517115,True,False,True,False
2017-07-19,BAC,24.06,0.006694560669456173,True,False,1.0,24.0645,23.624333333333333,True,False,True,0.5898338947522435,True,False,True,False
2017-07-19,FB,164.14,0.007859511236644856,False,False,1.0,154.7235,151.90933333333334,True,False,False,0.5964308390280305,True,False,False,False
2017-07-19,GOOG,970.89,0.00568676196395268,False,True,0.0,938.0004999999999,940.0461666666667,False,True,True,0.615317194555521,True,False,False,True
2017-07-19,GOOGL,992.77,0.005896955266224246,False,True,0.0,959.192,960.9731666666667,False,True,True,0.6223049280427685,True,False,False,True
2017-07-19,MSFT,73.86,0.00763983628922249,True,False,1.0,70.50800000000001,69.85866666666666,True,False,True,0.6168990064747033,True,False,True,False
2017-07-19,NVDA,165.1,-0.005181971559412024,True,False,1.0,153.9495,139.43983333333333,True,False,True,0.6018829256160314,True,False,True,False
2017-07-20,AAPL,150.34,-0.00450271487220244,False,True,0.0,146.1815,149.01766666666666,False,True,True,0.5959688076382951,True,False,False,True
2017-07-20,AMZN,1028.7,0.0017821145812031425,True,False,1.0,993.4315,977.6471666666667,True,False,True,0.6179800367766014,True,False,True,False
2017-07-20,BAC,23.94,-0.004987531172069737,True,False,1.0,24.105,23.62366666666667,True,False,True,0.6018829256160314,True,False,True,False
2017-07-20,FB,164.53,0.0023760204703302534,False,False,1.0,155.2545,152.21,True,False,False,0.6258435991292984,True,False,False,False
2017-07-20,GOOG,968.15,-0.0028221528700470566,False,True,0.0,938.4354999999999,941.6436666666667,False,True,True,0.6018829256160314,True,False,False,True
2017-07-20,GOOGL,992.19,-0.0005842239390794202,False,True,0.0,959.872,962.6956666666666,False,True,True,0.5994007356629186,True,False,False,True
2017-07-20,MSFT,74.22,0.004874086108854536,False,False,1.0,70.7055,69.96366666666667,True,False,False,0.5873517267127193,True,False,False,False
2017-07-20,NVDA,167.5,0.014536644457904258,True,False,1.0,154.351,140.48583333333332,True,False,True,0.6500923886908727,True,False,True,False
2017-07-21,AAPL,150.27,-0.00046561128109612326,False,True,0.0,146.4135,149.1275,False,True,True,0.5810871237545183,True,False,False,True
2017-07-21,AMZN,1025.67,-0.0029454651501895635,True,False,1.0,994.65,979.5868333333333,True,False,True,0.6018829256160314,True,False,True,False
2017-07-21,BAC,23.8,-0.005847953216374324,True,False,1.0,24.1485,23.622166666666665,True,False,True,0.6018829256160314,True,False,True,False
2017-07-21,FB,164.43,-0.0006077918920561753,False,False,1.0,155.80599999999998,152.5078333333333,True,False,False,0.608046827367799,True,False,False,False
2017-07-21,GOOG,972.92,0.004926922481020446,False,True,0.0,939.2270000000001,943.3301666666666,False,True,True,0.6278490768045769,True,False,False,True
2017-07-21,GOOGL,993.84,0.0016629879357783484,False,True,0.0,960.733,964.4406666666666,False,True,True,0.6140299243268998,True,False,False,True
2017-07-21,MSFT,73.79,-0.005793586634330272,True,False,1.0,70.88199999999999,70.063,True,False,True,0.5502721409667372,True,False,True,False
2017-07-21,NVDA,168.1,0.0035820895522387097,True,False,1.0,154.8375,141.55383333333333,True,False,True,0.6262629869573414,True,False,True,False
2017-07-24,AAPL,152.09,0.012111532574698769,False,True,0.0,146.704,149.26583333333335,False,True,True,0.6561403960712316,True,False,False,True
2017-07-24,AMZN,1038.95,0.012947634229333094,True,False,1.0,996.4105,981.5963333333334,True,False,True,0.6589303171587817,True,False,True,False
2017-07-24,BAC,23.91,0.004621848739495782,True,False,1.0,24.203,23.626500000000004,True,False,True,0.6086497850820951,True,False,True,False
2017-07-24,FB,166.0,0.00954813598491766,False,False,1.0,156.35250000000002,152.81283333333332,True,False,False,0.6534037885758465,True,False,False,False
2017-07-24,GOOG,980.34,0.0076265263331003474,False,True,0.0,939.9644999999998,945.0983333333332,False,True,True,0.6481923247325995,True,False,False,True
2017-07-24,GOOGL,998.31,0.004497705868147683,False,True,0.0,961.344,966.2218333333334,False,True,True,0.6094170063670329,True,False,False,True
2017-07-24,MSFT,73.6,-0.0025748746442608716,True,False,1.0,71.0015,70.15183333333333,True,False,True,0.6018829256160314,True,False,True,False
2017-07-24,NVDA,166.15,-0.01160023795359899,True,False,1.0,155.45350000000002,142.56233333333333,True,False,True,0.5788916172870152,True,False,True,False
2017-07-25,AAPL,152.74,0.0042737852587284575,False,True,0.0,147.05,149.41733333333332,False,True,True,0.6241710329732537,True,False,False,True
2017-07-25,AMZN,1039.87,0.0008855094085373771,True,False,1.0,998.7050000000002,983.511,True,False,True,0.6197276740815176,True,False,True,False
2017-07-25,BAC,24.48,0.023839397741530766,True,False,1.0,24.282500000000002,23.645500000000002,True,False,True,0.591442206760369,True,False,True,False
2017-07-25,FB,165.28,-0.00433734939759034,False,False,1.0,156.93699999999998,153.06333333333333,True,False,False,0.6018829256160314,True,False,False,False
2017-07-25,GOOG,950.7,-0.030234408470530605,False,True,0.0,939.8859999999999,945.8439999999999,False,True,True,0.48253466896460895,False,False,False,True
2017-07-25,GOOGL,969.03,-0.029329566968176235,False,True,0.0,961.191,966.9636666666667,False,True,True,0.5140394167315712,False,False,False,True
2017-07-25,MSFT,74.19,0.008016304347826075,True,False,1.0,71.1845,70.24733333333333,True,False,True,0.6465173265672175,True,False,True,False
2017-07-25,NVDA,165.35,-0.004814926271441533,True,False,1.0,156.1135,143.57983333333334,True,False,True,0.6044870754642793,True,False,True,False
2017-07-26,AAPL,153.46,0.004713892889878224,False,True,0.0,147.5365,149.532,False,True,True,0.6334652175976266,True,False,False,True
2017-07-26,AMZN,1052.8,0.012434246588515885,False,False,1.0,1002.506,985.2538333333334,True,False,False,0.6661493050014163,True,False,False,False
2017-07-26,BAC,24.21,-0.011029411764705843,True,False,1.0,24.329500000000003,23.6555,True,False,True,0.5680258893575383,True,False,True,False
2017-07-26,FB,165.61,0.0019966118102614505,False,False,1.0,157.6885,153.2825,True,False,False,0.611115006591278,True,False,False,False
2017-07-26,GOOG,947.8,-0.0030503839276323497,False,True,0.0,940.9095,946.4311666666666,False,True,True,0.6018829256160314,True,False,False,True
2017-07-26,GOOGL,965.31,-0.0038388904368286125,False,True,0.0,962.052,967.5051666666666,False,True,True,0.6018829256160314,True,False,False,True
2017-07-26,MSFT,74.05,-0.001887046771802181,True,False,1.0,71.4265,70.32466666666667,True,False,True,0.6058653792727664,True,False,True,False
2017-07-26,NVDA,167.26,0.011551254913819253,True,False,1.0,157.14749999999998,144.59016666666668,True,False,True,0.6568179843120275,True,False,True,False
2017-07-27,AAPL,150.56,-0.018897432555714855,False,True,0.0,147.773,149.58283333333333,False,True,True,0.5705089827846831,True,False,False,True
2017-07-27,AMZN,1046.0,-0.0064589665653495,True,False,1.0,1005.2895000000001,986.9048333333334,True,False,True,0.5685352810690097,True,False,True,False
2017-07-27,BAC,24.11,-0.0041305245766213305,True,False,1.0,24.341,23.665166666666668,True,False,True,0.586115246256406,True,False,True,False
2017-07-27,FB,170.44,0.02916490550087536,False,False,1.0,158.54850000000002,153.57683333333333,True,False,False,0.7079293658589132,True,False,False,False
2017-07-27,GOOG,934.09,-0.014465077020468398,False,True,0.0,940.5894999999998,946.7253333333333,False,True,True,0.6786380181590675,True,False,False,True
2017-07-27,GOOGL,952.51,-0.01325998901907155,False,True,0.0,961.6269999999998,967.7621666666668,False,True,True,0.7015756985891151,True,False,False,True
2017-07-27,MSFT,73.16,-0.012018906144496966,True,False,1.0,71.59450000000001,70.389,True,False,True,0.5839123539066615,True,False,True,False
2017-07-27,NVDA,161.74,-0.03300251106062402,False,False,1.0,157.647,145.56116666666668,True,False,True,0.5206015236551296,False,False,False,False
2017-07-28,AAPL,149.5,-0.007040382571732229,False,True,0.0,148.06400000000002,149.6235,False,True,True,0.591067825005373,True,False,False,True
2017-07-28,AMZN,1020.04,-0.02481835564053536,False,False,1.0,1007.4950000000001,988.2216666666667,True,False,True,0.5254812944900691,False,False,False,False
2017-07-28,BAC,24.03,-0.003318125259228477,True,False,1.0,24.3265,23.669500000000003,True,False,True,0.5879256725372403,True,False,True,False
2017-07-28,FB,172.45,0.011793006336540568,False,False,1.0,159.619,153.921,True,False,False,0.6317223669442685,True,False,False,False
2017-07-28,GOOG,941.53,0.007964971255446374,False,True,0.0,941.7765000000002,946.9668333333334,False,True,True,0.6581901327977907,True,False,False,True
2017-07-28,GOOGL,958.33,0.0061101720716842944,False,True,0.0,962.6524999999999,967.9268333333333,False,True,True,0.6581931745108548,True,False,False,True
2017-07-28,MSFT,73.04,-0.0016402405686165578,True,False,1.0,71.822,70.455,True,False,True,0.6018829256160314,True,False,True,False
2017-07-28,NVDA,164.39,0.016384320514405637,True,False,1.0,158.5325,146.5635,True,False,True,0.675393479418755,True,False,True,False
2017-07-31,AAPL,148.73,-0.005150501672240848,False,True,0.0,148.29950000000002,149.66016666666664,False,True,True,0.6018829256160314,True,False,False,True
2017-07-31,AMZN,987.78,-0.031626210736833804,True,False,1.0,1008.484,989.0591666666667,True,False,True,0.6646921349165358,True,False,True,False
2017-07-31,BAC,24.12,0.0037453183520599342,True,False,1.0,24.319499999999998,23.673999999999996,True,False,True,0.6011015321208308,True,False,True,False
2017-07-31,FB,169.25,-0.018556103218324127,False,False,1.0,160.5325,154.22766666666666,True,False,True,0.5202287682656547,False,False,False,False
2017-07-31,GOOG,930.5,-0.011714974562679892,False,True,0.0,942.865,946.9475,False,True,True,0.7062073241545634,True,False,False,True
2017-07-31,GOOGL,945.5,-0.01338787265347019,False,True,0.0,963.4435,967.7731666666666,False,True,True,0.709693140266048,True,False,False,True
2017-07-31,MSFT,72.7,-0.004654983570646309,True,False,1.0,72.01050000000001,70.51983333333332,True,False,True,0.6018228170438178,True,False,True,False
2017-07-31,NVDA,162.51,-0.01143621874809897,True,False,1.0,159.43,147.54116666666667,True,False,True,0.6018829256160314,True,False,True,False
2017-08-01,AAPL,158.59,0.06629462784912277,False,True,0.0,149.05400000000003,149.82066666666665,False,True,True,0.5197827295188027,False,False,False,True
2017-08-01,AMZN,992.27,0.004545546579197701,True,False,1.0,1010.4145000000001,990.0278333333333,True,False,True,0.6727830191232715,True,False,True,False
2017-08-01,BAC,24.96,0.03482587064676612,True,False,1.0,24.3335,23.69433333333333,True,False,True,0.6888887492108223,True,False,True,False
2017-08-01,FB,169.86,0.003604135893648497,False,False,1.0,161.60399999999998,154.5546666666667,True,False,False,0.6258715847029174,True,False,False,False
2017-08-01,GOOG,930.83,0.0003546480386888984,False,True,0.0,944.4715,947.0091666666667,False,True,True,0.6190001429400388,True,False,False,True
2017-08-01,GOOGL,946.56,0.0011210999471178429,False,True,0.0,964.7985000000001,967.7111666666666,False,True,True,0.6319787092271589,True,False,False,True
2017-08-01,MSFT,72.58,-0.0016506189821183792,True,False,1.0,72.231,70.5795,True,False,True,0.6018829256160314,True,False,True,False
2017-08-01,NVDA,164.49,0.01218386560827045,True,False,1.0,160.68800000000002,148.55166666666668,True,False,True,0.6792875610616002,True,False,True,False
2017-08-02,AAPL,157.14,-0.00914307333375386,False,True,0.0,149.7065,149.88949999999997,False,True,True,0.5719701699780412,True,False,False,True
2017-08-02,AMZN,995.89,0.0036482005905651427,True,False,1.0,1011.6389999999999,990.8086666666666,True,False,True,0.7150068936278672,True,False,True,False
2017-08-02,BAC,24.59,-0.014823717948717952,False,False,1.0,24.317,23.704833333333337,True,False,True,0.5348882091300258,False,False,False,False
2017-08-02,FB,169.3,-0.0032968326857412134,True,False,1.0,162.552,154.85866666666666,True,False,True,0.6018829256160314,True,False,True,False
2017-08-02,GOOG,930.39,-0.0004726964107302223,False,True,0.0,945.4054999999998,946.944,False,True,True,0.6674570268508664,True,False,False,True
2017-08-02,GOOGL,947.64,0.0011409736308316543,False,True,0.0,965.5675000000001,967.527,False,True,True,0.6737442288899703,True,False,False,True
2017-08-02,MSFT,72.26,-0.004408928079360663,True,False,1.0,72.39,70.63483333333333,True,False,True,0.6351666274284349,True,False,True,False
2017-08-02,NVDA,164.39,-0.0006079396923827085,True,False,1.0,161.755,149.57866666666666,True,False,True,0.6214802351758798,True,False,True,False
2017-08-03,AAPL,155.57,-0.00999109074710447,False,False,0.0,150.3485,149.91583333333335,True,False,True,0.5227561308681282,False,False,False,False
2017-08-03,AMZN,986.92,-0.009007018847463133,True,False,1.0,1012.7279999999998,991.3770000000001,True,False,True,0.7436072684811329,True,False,True,False
2017-08-03,BAC,24.37,-0.008946726311508724,True,False,1.0,24.3,23.711333333333336,True,False,True,0.5666648602345974,True,False,True,False
2017-08-03,FB,168.59,-0.004193738924985313,True,False,1.0,163.5405,155.16049999999998,True,False,True,0.6050929099384957,True,False,True,False
2017-08-03,GOOG,923.65,-0.007244273906641285,False,True,0.0,946.2535,946.802,False,True,True,0.6136654101504073,True,False,False,True
2017-08-03,GOOGL,940.3,-0.007745557384660873,False,True,0.0,966.198,967.2535,False,True,True,0.625152541591084,True,False,False,True
2017-08-03,MSFT,72.15,-0.001522280653196817,True,False,1.0,72.569,70.68666666666667,True,False,True,0.6018829256160314,True,False,True,False
2017-08-03,NVDA,166.48,0.012713668714642079,True,False,1.0,162.905,150.63766666666666,True,False,True,0.6623156141902032,True,False,True,False
2017-08-04,AAPL,156.39,0.005270939127081098,True,False,1.0,150.959,149.968,True,False,True,0.6023558202884034,True,False,True,False
2017-08-04,AMZN,987.58,0.0006687472135533667,True,False,1.0,1013.1690000000001,992.0208333333334,True,False,True,0.6111132476308213,True,False,True,False
2017-08-04,BAC,24.97,0.024620434961017512,True,False,1.0,24.307,23.725,True,False,True,0.6502947933486037,True,False,True,False
2017-08-04,FB,169.62,0.006109496411412341,True,False,1.0,164.4495,155.4826666666667,True,False,True,0.6539783429550642,True,False,True,False
2017-08-04,GOOG,927.96,0.004666269690900338,False,True,0.0,946.722,946.7883333333334,False,True,True,0.5784622524688209,True,False,False,True
2017-08-04,GOOGL,945.79,0.005838562161012417,False,True,0.0,966.4470000000001,967.1026666666668,False,True,True,0.5754994206351716,True,False,False,True
2017-08-04,MSFT,72.68,0.007345807345807254,True,False,1.0,72.73,70.74283333333332,True,False,True,0.5976049922857887,True,False,True,False
2017-08-04,NVDA,167.21,0.004384911100432598,True,False,1.0,163.9275,151.403,True,False,True,0.6106240296740245,True,False,True,False
2017-08-07,AAPL,158.81,0.015474135174883497,True,False,1.0,151.6465,150.049,True,False,True,0.6020410618222051,True,False,True,False
2017-08-07,AMZN,992.27,0.004748982360922582,False,False,1.0,1012.9590000000001,992.765,True,False,True,0.4627965849576311,False,False,False,False
2017-08-07,BAC,24.96,-0.0004004805766919528,True,False,1.0,24.3105,23.739833333333333,True,False,True,0.6018829256160314,True,False,True,False
2017-08-07,FB,171.98,0.013913453602169445,False,False,1.0,165.37349999999998,155.84833333333333,True,False,False,0.6568669913462595,True,False,False,False
2017-08-07,GOOG,929.36,0.0015086857192119218,False,True,0.0,946.75,946.7676666666667,False,True,True,0.5775792612498984,True,False,False,True
2017-08-07,GOOGL,945.75,-4.2292686537104274e-05,False,True,0.0,966.1845000000001,966.9336666666667,False,True,True,0.5983289528634808,True,False,False,True
2017-08-07,MSFT,72.4,-0.0038525041276830096,True,False,1.0,72.851,70.8085,True,False,True,0.6018829256160314,True,False,True,False
2017-08-07,NVDA,172.35,0.030739788290173875,True,False,1.0,164.85999999999999,152.16716666666667,True,False,True,0.5792909506113731,True,False,True,False
2017-08-08,AAPL,160.08,0.007996977520307258,True,False,1.0,152.374,150.11533333333333,True,False,True,0.6426981691179502,True,False,True,False
2017-08-08,AMZN,989.84,-0.002448930230683155,True,False,1.0,1012.7445,993.2398333333333,True,False,True,0.5554550138472637,True,False,True,False
2017-08-08,BAC,24.9,-0.0024038461538462563,True,False,1.0,24.325499999999998,23.754833333333334,True,False,True,0.5664549376812664,True,False,True,False
2017-08-08,FB,171.23,-0.004360972206070457,True,False,1.0,166.17149999999998,156.19666666666666,True,False,True,0.6018829256160314,True,False,True,False
2017-08-08,GOOG,926.79,-0.002765343892571326,False,True,0.0,946.585,946.6771666666667,False,True,True,0.5723333176806806,True,False,False,True
2017-08-08,GOOGL,944.19,-0.0016494845360823795,False,True,0.0,965.7175,966.7511666666667,False,True,True,0.60784656349391,True,False,False,True
2017-08-08,MSFT,72.79,0.0053867403314917794,True,False,1.0,72.991,70.88199999999999,True,False,True,0.6018829256160314,True,False,True,False
2017-08-08,NVDA,170.3,-0.011894400928343374,False,False,1.0,165.581,152.87399999999997,True,False,True,0.4963521610015609,False,False,False,False
2017-08-09,AAPL,161.06,0.0061219390304847465,True,False,1.0,153.14000000000001,150.20466666666667,True,False,True,0.6383051031491326,True,False,True,False
2017-08-09,AMZN,982.01,-0.007910369352622681,True,False,1.0,1011.5195,993.6405,True,False,True,0.6720258586460242,True,False,True,False
2017-08-09,BAC,24.74,-0.006425702811244993,True,False,1.0,24.345,23.766166666666667,True,False,True,0.583763200309358,True,False,True,False
2017-08-09,FB,171.18,-0.0002920049056822638,True,False,1.0,166.7855,156.5465,True,False,True,0.6152160689546993,True,False,True,False
2017-08-09,GOOG,922.9,-0.004197283095415338,False,True,0.0,945.5384999999999,946.4408333333333,False,True,True,0.6032175778559358,True,False,False,True
2017-08-09,GOOGL,940.08,-0.0043529374384393416,False,True,0.0,964.3384999999998,966.4321666666667,False,True,True,0.6196239874173192,True,False,False,True
2017-08-09,MSFT,72.47,-0.004396208270366908,True,False,1.0,73.05699999999999,70.94933333333333,True,False,True,0.5877107698120706,True,False,True,False
2017-08-09,NVDA,172.11,0.010628302994715177,True,False,1.0,166.06099999999998,153.504,True,False,True,0.6155574338854206,True,False,True,False
2017-08-10,AAPL,155.32,-0.03563889233825912,False,False,1.0,153.51749999999998,150.20216666666667,True,False,True,0.48114623531938366,False,False,False,False
2017-08-10,AMZN,956.92,-0.02554963798739318,True,False,1.0,1009.3340000000001,993.4879999999999,True,False,True,0.7813202679858278,True,False,True,False
2017-08-10,BAC,24.12,-0.025060630557801056,False,False,1.0,24.32,23.768333333333334,True,False,True,0.5377663331755883,False,False,False,False
2017-08-10,FB,167.4,-0.02208201892744477,False,False,1.0,167.1925,156.84016666666668,True,False,True,0.520934539485301,False,False,False,False
2017-08-10,GOOG,907.24,-0.016968252248347526,False,True,0.0,943.5424999999999,945.8448333333333,False,True,True,0.6909649532040121,True,False,False,True
2017-08-10,GOOGL,923.59,-0.01754106033529057,False,True,0.0,962.0754999999999,965.7484999999999,False,True,True,0.7243414366306705,True,False,False,True
2017-08-10,MSFT,71.41,-0.014626742100179446,True,False,1.0,73.039,70.98266666666667,True,False,True,0.5986222403450492,True,False,True,False
2017-08-10,NVDA,164.74,-0.042821451397362154,True,False,1.0,166.2665,153.9695,True,False,True,0.5798678897505214,True,False,True,False
2017-08-11,AAPL,157.48,0.013906773113572024,True,False,1.0,153.9395,150.32266666666666,True,False,True,0.6359034939295288,True,False,True,False
2017-08-11,AMZN,967.99,0.01156836517159232,True,False,1.0,1007.643,993.8751666666667,True,False,True,0.56036893070293,True,False,True,False
2017-08-11,BAC,23.86,-0.010779436152570598,True,False,1.0,24.302500000000002,23.78983333333333,True,False,True,0.6496781372944249,True,False,True,False
2017-08-11,FB,168.08,0.004062126642771835,True,False,1.0,167.598,157.22733333333332,True,False,True,0.6113418656778725,True,False,True,False
2017-08-11,GOOG,914.39,0.00788104580926774,False,True,0.0,941.4625,945.7576666666666,False,True,True,0.6025363228047298,True,False,False,True
2017-08-11,GOOGL,930.09,0.007037754847930344,False,True,0.0,959.7344999999999,965.5471666666667,False,True,True,0.635322292281118,True,False,False,True
2017-08-11,MSFT,72.5,0.015263968631844316,True,False,1.0,73.025,71.06633333333333,True,False,True,0.6277095862641388,True,False,True,False
2017-08-11,NVDA,155.96,-0.05329610295010323,True,False,1.0,165.817,154.44016666666667,True,False,True,0.6550803032657821,True,False,True,False
2017-08-14,AAPL,159.85,0.015049530099060293,True,False,1.0,154.454,150.4445,True,False,True,0.6539570909367247,True,False,True,False
2017-08-14,AMZN,983.3,0.01581627909379213,False,False,1.0,1006.3059999999999,994.2886666666667,True,False,True,0.4883917458760054,False,False,False,False
2017-08-14,BAC,24.42,0.023470243084660725,True,False,1.0,24.322499999999998,23.817833333333333,True,False,True,0.5829468595315469,True,False,True,False
2017-08-14,FB,170.75,0.015885292717753297,True,False,1.0,168.149,157.61216666666667,True,False,True,0.6522355447725224,True,False,True,False
2017-08-14,GOOG,922.67,0.009055217139295024,False,True,0.0,939.925,945.6315,False,True,True,0.5926374273490203,True,False,False,True
2017-08-14,GOOGL,938.93,0.009504456557967389,False,True,0.0,957.883,965.3543333333333,False,True,True,0.5920156198138724,True,False,False,True
2017-08-14,MSFT,73.59,0.015034482758620626,True,False,1.0,73.037,71.16433333333333,True,False,True,0.6571657674239507,True,False,True,False
2017-08-14,NVDA,168.4,0.07976404206206711,True,False,1.0,166.0245,155.029,True,False,True,0.6047086541405323,True,False,True,False
2017-08-15,AAPL,161.6,0.01094776352830773,True,False,1.0,155.03,150.58683333333335,True,False,True,0.6570815936718529,True,False,True,False
2017-08-15,AMZN,982.74,-0.0005695108308755303,True,False,1.0,1004.2205,994.6703333333332,True,False,True,0.5648150610374097,True,False,True,False
2017-08-15,BAC,24.47,0.0020475020475019257,True,False,1.0,24.351,23.8415,True,False,True,0.6176566004223517,True,False,True,False
2017-08-15,FB,171.0,0.0014641288433381305,True,False,1.0,168.556,157.9945,True,False,True,0.6174406776436863,True,False,True,False
2017-08-15,GOOG,922.22,-0.0004877150010295095,False,True,0.0,937.766,945.435,False,True,True,0.6018829256160314,True,False,False,True
2017-08-15,GOOGL,938.08,-0.0009052858040534684,False,True,0.0,955.4395000000001,965.0781666666667,False,True,True,0.5954975267655049,True,False,False,True
2017-08-15,MSFT,73.22,-0.005027857045794337,True,False,1.0,73.033,71.2565,True,False,True,0.5873061809913843,True,False,True,False
2017-08-15,NVDA,166.98,-0.008432304038004879,True,False,1.0,166.07549999999998,155.54533333333333,True,False,True,0.5951224415708621,True,False,True,False
2017-08-16,AAPL,160.95,-0.004022277227722859,True,False,1.0,155.5265,150.70283333333333,True,False,True,0.58411711007649,True,False,True,False
2017-08-16,AMZN,978.18,-0.004640087917455293,True,False,1.0,1001.7860000000001,994.7955,True,False,True,0.6022532716423286,True,False,True,False
2017-08-16,BAC,24.19,-0.011442582754393027,True,False,1.0,24.3575,23.860666666666667,True,False,True,0.5997716918497509,True,False,True,False
2017-08-16,FB,170.0,-0.005847953216374324,True,False,1.0,168.849,158.35716666666667,True,False,True,0.5658627838575199,True,False,True,False
2017-08-16,GOOG,926.96,0.005139771421135864,False,True,0.0,935.5695000000002,945.1866666666666,False,True,True,0.6018829256160314,True,False,False,True
2017-08-16,GOOGL,944.27,0.006598584342486724,False,True,0.0,953.0145,964.7481666666666,False,True,True,0.6018829256160314,True,False,False,True
2017-08-16,MSFT,73.65,0.005872712373668598,True,False,1.0,73.02250000000001,71.34316666666668,True,False,True,0.6157546535620365,True,False,True,False
2017-08-16,NVDA,165.15,-0.010959396334890292,True,False,1.0,166.078,155.98283333333333,True,False,True,0.6294780208651121,True,False,True,False
2017-08-17,AAPL,157.86,-0.01919850885368113,False,False,1.0,155.90249999999997,150.7705,True,False,True,0.5166567255778362,False,False,False,False
2017-08-17,AMZN,960.57,-0.018002821566582727,True,False,1.0,998.3795,994.6126666666665,True,False,True,0.6400230394171552,True,False,True,False
2017-08-17,BAC,23.64,-0.02273666804464658,True,False,1.0,24.342499999999998,23.86483333333333,True,False,True,0.6058849695508849,True,False,True,False
2017-08-17,FB,166.91,-0.01817647058823535,False,False,1.0,168.96800000000002,158.67116666666666,True,False,True,0.5291619445196384,False,False,False,False
2017-08-17,GOOG,910.98,-0.017239147320272763,False,True,0.0,932.711,944.556,False,True,True,0.6001706987776919,True,False,False,True
2017-08-17,GOOGL,927.66,-0.017590307856862997,False,True,0.0,949.7880000000001,964.0333333333333,False,True,True,0.6031459719381775,True,False,False,True
2017-08-17,MSFT,72.4,-0.0169721656483367,False,False,1.0,72.9315,71.40516666666667,True,False,True,0.5341210398738728,False,False,False,False
2017-08-17,NVDA,161.47,-0.02228277323645178,True,False,1.0,165.7765,156.39016666666666,True,False,True,0.5571904759903034,True,False,True,False
2017-08-18,AAPL,157.5,-0.0022805017103764147,True,False,1.0,156.26399999999998,150.83983333333336,True,False,True,0.586853746093024,True,False,True,False
2017-08-18,AMZN,958.47,-0.002186201942596555,True,False,1.0,995.0195,994.2479999999999,True,False,True,0.6687110255892252,True,False,True,False
2017-08-18,BAC,23.62,-0.0008460236886632666,True,False,1.0,24.3335,23.86916666666667,True,False,True,0.6028479455599155,True,False,True,False
2017-08-18,FB,167.41,0.0029956263854771237,True,False,1.0,169.11700000000002,158.96066666666667,True,False,True,0.5935099963075877,True,False,True,False
2017-08-18,GOOG,910.67,-0.00034029287141323916,False,True,0.0,929.5985000000001,943.8178333333333,False,True,True,0.6059541579159107,True,False,False,True
2017-08-18,GOOGL,926.18,-0.0015954121121962705,False,True,0.0,946.4050000000001,963.1761666666666,False,True,True,0.6011401698960881,True,False,False,True
2017-08-18,MSFT,72.49,0.0012430939226517612,True,False,1.0,72.8665,71.46716666666666,True,False,True,0.6018829256160314,True,False,True,False
2017-08-18,NVDA,161.5,0.00018579302656851482,True,False,1.0,165.44650000000001,156.77233333333334,True,False,True,0.558204442453728,True,False,True,False
2017-08-21,AAPL,157.21,-0.0018412698412697548,True,False,1.0,156.52,150.8955,True,False,True,0.6000620683925143,True,False,True,False
2017-08-21,AMZN,953.29,-0.005404446670214003,False,True,0.0,990.7365,993.5798333333333,False,True,True,0.7073838980419421,True,False,False,True
2017-08-21,BAC,23.38,-0.010160880609652923,True,False,1.0,24.307,23.871333333333332,True,False,True,0.6777563795211288,True,False,True,False
2017-08-21,FB,167.78,0.002210142763275913,True,False,1.0,169.20600000000002,159.22433333333336,True,False,True,0.5963454830169251,True,False,True,False
2017-08-21,GOOG,906.66,-0.004403351378655218,False,True,0.0,925.9145000000001,942.7698333333333,False,True,True,0.6157014003970416,True,False,False,True
2017-08-21,GOOGL,920.87,-0.005733226802565272,False,True,0.0,942.533,961.993,False,True,True,0.6421138628130317,True,False,False,True
2017-08-21,MSFT,72.15,-0.004690302110635813,True,False,1.0,72.79400000000001,71.50933333333333,True,False,True,0.6018829256160314,True,False,True,False
2017-08-21,NVDA,159.15,-0.014551083591331282,True,False,1.0,165.09650000000002,157.1205,True,False,True,0.6688239647586848,True,False,True,False
2017-08-22,AAPL,159.78,0.016347560587748777,True,False,1.0,156.872,150.99833333333333,True,False,True,0.6388515627422678,True,False,True,False
2017-08-22,AMZN,966.9,0.014276872724984013,False,True,0.0,987.088,993.0985,False,True,True,0.544834168397868,False,False,False,True
2017-08-22,BAC,23.83,0.01924721984602229,False,False,1.0,24.2745,23.88116666666667,True,False,True,0.5292781692405077,False,False,False,False
2017-08-22,FB,169.64,0.01108594588151135,True,False,1.0,169.424,159.51616666666666,True,False,True,0.6475076913609196,True,False,True,False
2017-08-22,GOOG,924.69,0.019886175633644365,False,True,0.0,924.6140000000001,941.9901666666667,False,True,True,0.6181943197998191,True,False,False,True
2017-08-22,GOOGL,940.4,0.021208205284133363,False,True,0.0,941.1015000000001,961.1118333333333,False,True,True,0.5503361812676427,True,False,False,True
2017-08-22,MSFT,73.16,0.013998613998613907,True,False,1.0,72.7425,71.56266666666667,True,False,True,0.6786970502875774,True,False,True,False
2017-08-22,NVDA,162.55,0.02136349355953504,True,False,1.0,164.9565,157.46566666666666,True,False,True,0.5855622581380386,True,False,True,False
2017-08-23,AAPL,159.98,0.0012517211165352649,True,False,1.0,157.198,151.1035,True,False,True,0.6054540766304043,True,False,True,False
2017-08-23,AMZN,958.0,-0.009204674733684914,False,True,0.0,982.348,992.4535,False,True,True,0.6366558023898061,True,False,False,True
2017-08-23,BAC,23.76,-0.002937473772555488,True,False,1.0,24.252000000000002,23.895333333333333,True,False,True,0.6016962473391924,True,False,True,False
2017-08-23,FB,168.71,-0.005482197594906757,True,False,1.0,169.579,159.78833333333336,True,False,True,0.5925108980254236,True,False,True,False
2017-08-23,GOOG,927.0,0.002498134509943739,False,True,0.0,923.5740000000002,941.1754999999999,False,True,True,0.5995341748051399,True,False,False,True
2017-08-23,GOOGL,942.58,0.0023181624840493686,False,True,0.0,939.9649999999999,960.2186666666668,False,True,True,0.5996949548806971,True,False,False,True
2017-08-23,MSFT,72.72,-0.006014215418261304,True,False,1.0,72.676,71.60116666666666,True,False,True,0.6018829256160314,True,False,True,False
2017-08-23,NVDA,165.8,0.019993848046754747,True,False,1.0,164.8835,157.8145,True,False,True,0.6096385726291123,True,False,True,False
2017-08-24,AAPL,159.27,-0.004438054756844445,True,False,1.0,157.6335,151.212,True,False,True,0.5855224954177563,True,False,True,False
2017-08-24,AMZN,952.45,-0.0057933194154488055,False,True,0.0,977.6705,991.7506666666666,False,True,True,0.733810546085142,True,False,False,True
2017-08-24,BAC,23.84,0.0033670033670032407,True,False,1.0,24.2385,23.91916666666667,True,False,True,0.595086461999749,True,False,True,False
2017-08-24,FB,167.74,-0.0057495109951988255,True,False,1.0,169.44400000000002,160.05966666666666,True,False,True,0.5563758307750131,True,False,True,False
2017-08-24,GOOG,921.28,-0.0061704422869471864,False,True,0.0,922.9335000000001,940.4491666666667,False,True,True,0.6018829256160314,True,False,False,True
2017-08-24,GOOGL,936.89,-0.006036622886121168,False,True,0.0,939.184,959.382,False,True,True,0.5846021239178872,True,False,False,True
2017-08-24,MSFT,72.69,-0.0004125412541253759,True,False,1.0,72.6525,71.64866666666667,True,False,True,0.5998385523626156,True,False,True,False
2017-08-24,NVDA,165.19,-0.0036791314837153477,True,False,1.0,165.056,158.1618333333333,True,False,True,0.5700745873462827,True,False,True,False
2017-08-25,AAPL,159.86,0.0037044013310729706,True,False,1.0,158.1515,151.32333333333335,True,False,True,0.6008231027512654,True,False,True,False
2017-08-25,AMZN,945.26,-0.007548952700929257,False,True,0.0,973.9314999999999,990.9058333333334,False,True,True,0.6802709839398884,True,False,False,True
2017-08-25,BAC,23.77,-0.002936241610738244,True,False,1.0,24.2255,23.938166666666667,True,False,True,0.582507198639295,True,False,True,False
2017-08-25,FB,166.32,-0.00846548229402655,True,False,1.0,169.1375,160.30616666666668,True,False,True,0.5860922490798219,True,False,True,False
2017-08-25,GOOG,915.89,-0.005850555748523778,False,True,0.0,921.6514999999999,939.5981666666667,False,True,True,0.5884998598401187,True,False,False,True
2017-08-25,GOOGL,930.5,-0.006820437831549064,False,True,0.0,937.7924999999999,958.4188333333333,False,True,True,0.5868615932877238,True,False,False,True
2017-08-25,MSFT,72.82,0.001788416563488715,True,False,1.0,72.6415,71.694,True,False,True,0.6310151255891382,True,False,True,False
2017-08-25,NVDA,163.81,-0.008354016586960444,True,False,1.0,165.027,158.486,True,False,True,0.5699895942256886,True,False,True,False
2017-08-28,AAPL,161.47,0.010071312398348464,True,False,1.0,158.7885,151.42366666666666,True,False,True,0.6140711831398256,True,False,True,False
2017-08-28,AMZN,946.02,0.0008040115946934545,False,True,0.0,971.8435,989.894,False,True,True,0.5912300951921918,True,False,False,True
2017-08-28,BAC,23.72,-0.0021034917963820288,True,False,1.0,24.2055,23.959333333333333,True,False,True,0.5768665917005626,True,False,True,False
2017-08-28,FB,167.24,0.0055315055315057204,True,False,1.0,169.037,160.53333333333333,True,False,True,0.6512369278520083,True,False,True,False
2017-08-28,GOOG,913.81,-0.00227101507822991,False,True,0.0,920.817,938.5683333333334,False,True,True,0.5917322538784722,True,False,False,True
2017-08-28,GOOGL,928.13,-0.002547017732401957,False,True,0.0,936.924,957.2856666666667,False,True,True,0.5723584972184627,True,False,False,True
2017-08-28,MSFT,72.83,0.00013732491073881192,True,False,1.0,72.648,71.71183333333333,True,False,True,0.5995985900426556,True,False,True,False
2017-08-28,NVDA,164.97,0.007081374763445503,True,False,1.0,165.15,158.8415,True,False,True,0.6018829256160314,True,False,True,False
2017-08-29,AAPL,162.91,0.008918065275283382,True,False,1.0,159.00449999999998,151.57333333333332,True,False,True,0.6155974944457328,True,False,True,False
2017-08-29,AMZN,954.06,0.008498763239677798,False,True,0.0,969.933,988.9393333333334,False,True,True,0.588479227435305,True,False,False,True
2017-08-29,BAC,23.58,-0.00590219224283306,True,False,1.0,24.136499999999998,23.978833333333334,True,False,True,0.6229684290070421,True,False,True,False
2017-08-29,FB,168.05,0.004843338914135353,True,False,1.0,168.9465,160.77366666666666,True,False,True,0.6144431146599394,True,False,True,False
2017-08-29,GOOG,921.29,0.008185509022663462,False,True,0.0,920.3399999999999,937.5285,False,True,True,0.5970216211448353,True,False,False,True
2017-08-29,GOOGL,935.75,0.00821005678083897,False,True,0.0,936.3834999999999,956.1501666666666,False,True,True,0.5889348518891221,True,False,False,True
2017-08-29,MSFT,73.05,0.0030207332143348253,True,False,1.0,72.67150000000001,71.72466666666668,True,False,True,0.6455128970892607,True,False,True,False
2017-08-29,NVDA,164.7,-0.0016366612111293755,True,False,1.0,165.1605,159.11966666666666,True,False,True,0.5950953085300306,True,False,True,False
2017-08-30,AAPL,163.35,0.0027008777852801646,True,False,1.0,159.315,151.7216666666667,True,False,True,0.5849739244064582,True,False,True,False
2017-08-30,AMZN,967.59,0.014181498018992711,False,True,0.0,968.518,988.3491666666666,False,True,True,0.6018024021041883,True,False,False,True
2017-08-30,BAC,23.87,0.012298558100084955,True,False,1.0,24.1005,24.00616666666667,True,False,True,0.5823429937049869,True,False,True,False
2017-08-30,FB,169.92,0.011127640583159737,True,False,1.0,168.97750000000002,161.05883333333335,True,False,True,0.6449261545490669,True,False,True,False
2017-08-30,GOOG,929.57,0.008987398104831401,False,True,0.0,920.2990000000002,936.7451666666668,False,True,True,0.6018829256160314,True,False,False,True
2017-08-30,GOOGL,943.63,0.008421052631578885,False,True,0.0,936.183,955.2660000000001,False,True,True,0.5881693179342757,True,False,False,True
2017-08-30,MSFT,74.01,0.013141683778234103,True,False,1.0,72.759,71.7495,True,False,True,0.6432949782456941,True,False,True,False
2017-08-30,NVDA,165.68,0.005950212507589647,True,False,1.0,165.225,159.4253333333333,True,False,True,0.6237992921761789,True,False,True,False
2017-08-31,AAPL,164.0,0.003979185797367668,True,False,1.0,159.7365,151.8655,True,False,True,0.6027220290145264,True,False,True,False
2017-08-31,AMZN,980.6,0.013445777653758206,False,True,0.0,968.202,987.8580000000001,False,True,True,0.6023779119527901,True,False,False,True
2017-08-31,BAC,23.89,0.0008378718056136769,True,False,1.0,24.0765,24.027666666666665,True,False,True,0.6018829256160314,True,False,True,False
2017-08-31,FB,171.97,0.012064500941619594,True,False,1.0,169.1465,161.37300000000002,True,False,True,0.6014088208445953,True,False,True,False
2017-08-31,GOOG,939.33,0.010499478253386041,False,True,0.0,921.083,936.0493333333333,False,True,True,0.6018829256160314,True,False,False,True
2017-08-31,GOOGL,955.24,0.01230355118001758,False,True,0.0,936.93,954.4935,False,True,True,0.6298450781301721,True,False,False,True
2017-08-31,MSFT,74.77,0.010268882583434502,True,False,1.0,72.89,71.78916666666666,True,False,True,0.6059273709702142,True,False,True,False
2017-08-31,NVDA,169.44,0.022694350555287235,True,False,1.0,165.373,159.764,True,False,True,0.6106159551512342,True,False,True,False
2017-09-01,AAPL,164.05,0.0003048780487806546,True,False,1.0,160.1195,152.0165,True,False,True,0.6277687326916205,True,False,True,False
2017-09-01,AMZN,978.25,-0.0023964919437079457,False,True,0.0,967.7355,987.3243333333335,False,True,True,0.560619355718782,True,False,False,True
2017-09-01,BAC,24.09,0.008371703641691042,False,True,0.0,24.032500000000002,24.046333333333337,False,True,True,0.5993002659733306,True,False,False,True
2017-09-01,FB,172.02,0.0002907483863465732,True,False,1.0,169.2665,161.66150000000002,True,False,True,0.5952944296288336,True,False,True,False
2017-09-01,GOOG,937.34,-0.002118531293581638,False,True,0.0,921.552,935.2814999999999,False,True,True,0.5825011536868943,True,False,False,True
2017-09-01,GOOGL,951.99,-0.0034022863364180367,False,True,0.0,937.24,953.622,False,True,True,0.5767920233600576,True,False,False,True
2017-09-01,MSFT,73.94,-0.011100708840444007,False,False,1.0,72.953,71.82233333333333,True,False,True,0.5386997248795499,False,False,False,False
2017-09-01,NVDA,170.46,0.006019830028328732,True,False,1.0,165.5355,159.93933333333334,True,False,True,0.602014044949718,True,False,True,False
2017-09-05,AAPL,162.08,-0.012008533983541625,False,False,1.0,160.283,152.23483333333334,True,False,True,0.5475689455679358,False,False,False,False
2017-09-05,AMZN,965.27,-0.01326859187324303,False,True,0.0,966.3855,987.107,False,True,True,0.6018829256160314,True,False,False,True
2017-09-05,BAC,23.31,-0.03237858032378582,False,True,0.0,23.95,24.040333333333333,False,True,True,0.6440165388552389,True,False,False,True
2017-09-05,FB,170.72,-0.007557260783629838,False,False,1.0,169.20350000000002,162.0135,True,False,True,0.538141256700066,False,False,False,False
2017-09-05,GOOG,928.45,-0.009484285318027585,False,True,0.0,921.5065000000001,934.9251666666667,False,True,True,0.6018829256160314,True,False,False,True
2017-09-05,GOOGL,941.48,-0.01104003193310854,False,True,0.0,937.0264999999999,953.1446666666667,False,True,True,0.6018829256160314,True,False,False,True
2017-09-05,MSFT,73.61,-0.004463078171490387,True,False,1.0,73.0135,71.87716666666667,True,False,True,0.5537017241946847,True,False,True,False
2017-09-05,NVDA,165.91,-0.02669247917399986,False,False,1.0,165.2135,160.21116666666666,True,False,True,0.4941853345537674,False,False,False,False
2017-09-06,AAPL,161.91,-0.0010488647581442523,True,False,1.0,160.37449999999998,152.50966666666667,True,False,True,0.6018829256160314,True,False,True,False
2017-09-06,AMZN,967.8,0.0026210283133216716,False,True,0.0,965.2834999999999,987.1551666666668,False,True,True,0.5448508348542425,False,False,False,True
2017-09-06,BAC,23.41,0.004290004290004257,False,True,0.0,23.8755,24.034166666666668,False,True,True,0.6137445297548662,True,False,False,True
2017-09-06,FB,172.09,0.008024835988753587,True,False,1.0,169.24650000000003,162.40766666666667,True,False,True,0.5826142958080605,True,False,True,False
2017-09-06,GOOG,927.81,-0.0006893209111962229,False,True,0.0,921.5574999999999,934.6736666666667,False,True,True,0.6018829256160314,True,False,False,True
2017-09-06,GOOGL,942.02,0.0005735650252793878,False,True,0.0,936.918,952.8148333333334,False,True,True,0.6018829256160314,True,False,False,True
2017-09-06,MSFT,73.4,-0.0028528732509168764,True,False,1.0,73.04400000000001,71.9375,True,False,True,0.5948148517061013,True,False,True,False
2017-09-06,NVDA,165.81,-0.0006027364233620602,True,False,1.0,164.989,160.47516666666667,True,False,True,0.5970408542138412,True,False,True,False
2017-09-07,AAPL,161.26,-0.004014575999011782,True,False,1.0,160.3845,152.75416666666666,True,False,True,0.6018829256160314,True,False,True,False
2017-09-07,AMZN,979.47,0.012058276503409848,False,True,0.0,965.1565,987.1331666666666,False,True,True,0.586694237951235,True,False,False,True
2017-09-07,BAC,22.97,-0.018795386586928697,False,True,0.0,23.787,24.020833333333332,False,True,True,0.7031879691704845,True,False,False,True
2017-09-07,FB,173.21,0.006508222441745648,True,False,1.0,169.348,162.78316666666666,True,False,True,0.5855688349908283,True,False,True,False
2017-09-07,GOOG,935.95,0.008773347991507086,False,True,0.0,922.21,934.3828333333333,False,True,True,0.6190780641240582,True,False,False,True
2017-09-07,GOOGL,949.89,0.008354387380310468,False,True,0.0,937.4084999999999,952.4713333333333,False,True,True,0.593984704095728,True,False,False,True
2017-09-07,MSFT,74.34,0.012806539509536696,True,False,1.0,73.1375,71.999,True,False,True,0.6381073282164854,True,False,True,False
2017-09-07,NVDA,166.58,0.00464386948917439,True,False,1.0,164.7125,160.72816666666668,True,False,True,0.6046114123576799,True,False,True,False
2017-09-08,AAPL,158.63,-0.016309066104427616,True,False,1.0,160.55,152.9786666666667,True,False,True,0.6337064389569278,True,False,True,False
2017-09-08,AMZN,965.9,-0.013854431478248497,False,True,0.0,965.6054999999999,986.957,False,True,True,0.6018829256160314,True,False,False,True
2017-09-08,BAC,22.89,-0.003482803656943756,False,True,0.0,23.7255,24.006333333333334,False,True,True,0.6837560751027462,True,False,False,True
2017-09-08,FB,170.95,-0.013047745511229225,True,False,1.0,169.52550000000002,163.1281666666667,True,False,True,0.5819937754792102,True,False,True,False
2017-09-08,GOOG,926.5,-0.010096693199423079,False,True,0.0,923.173,933.9784999999999,False,True,True,0.6018829256160314,True,False,False,True
2017-09-08,GOOGL,941.41,-0.008927349482571678,False,True,0.0,938.2995000000001,952.0293333333334,False,True,True,0.5922760811647149,True,False,False,True
2017-09-08,MSFT,73.98,-0.004842615012106477,True,False,1.0,73.26599999999999,72.06083333333335,True,False,True,0.6018829256160314,True,False,True,False
2017-09-08,NVDA,163.69,-0.017349021491175454,True,False,1.0,164.66,160.92766666666665,True,False,True,0.5901458009504521,True,False,True,False
2017-09-11,AAPL,161.5,0.018092416314694493,True,False,1.0,160.751,153.2655,True,False,True,0.7044426730990127,True,False,True,False
2017-09-11,AMZN,977.96,0.01248576457190187,False,True,0.0,966.104,987.1868333333333,False,True,True,0.5689950435338639,True,False,False,True
2017-09-11,BAC,23.36,0.020532983835735985,False,True,0.0,23.700499999999998,24.00333333333333,False,True,True,0.6238812739686908,True,False,False,True
2017-09-11,FB,173.51,0.014975138929511633,True,False,1.0,169.79699999999997,163.52333333333334,True,False,True,0.6453119746444491,True,False,True,False
2017-09-11,GOOG,929.08,0.002784673502428614,False,True,0.0,923.9075,933.758,False,True,True,0.6018829256160314,True,False,False,True
2017-09-11,GOOGL,943.29,0.001997004493260013,False,True,0.0,938.9595000000002,951.7478333333333,False,True,True,0.6018829256160314,True,False,False,True
2017-09-11,MSFT,74.76,0.010543390105433925,True,False,1.0,73.37899999999999,72.14183333333332,True,False,True,0.6307157701781887,True,False,True,False
2017-09-11,NVDA,169.0,0.032439367096340765,True,False,1.0,165.31199999999998,161.20483333333334,True,False,True,0.5644600531574314,True,False,True,False
2017-09-12,AAPL,160.86,-0.003962848297213495,True,False,1.0,160.80149999999998,153.5753333333333,True,False,True,0.7173068486359304,True,False,True,False
2017-09-12,AMZN,982.58,0.004724119595893583,False,True,0.0,966.068,987.1013333333334,False,True,True,0.5789325760581776,True,False,False,True
2017-09-12,BAC,23.95,0.02525684931506844,False,True,0.0,23.677,24.012,False,True,True,0.6629947027720254,True,False,False,True
2017-09-12,FB,172.96,-0.003169846118379227,True,False,1.0,169.90749999999997,163.89533333333333,True,False,True,0.5972221015815874,True,False,True,False
2017-09-12,GOOG,932.07,0.003218237396133805,False,True,0.0,924.3774999999999,933.6295000000001,False,True,True,0.6018829256160314,True,False,False,True
2017-09-12,GOOGL,946.65,0.003562001081321764,False,True,0.0,939.3455,951.5483333333333,False,True,True,0.6018829256160314,True,False,False,True
2017-09-12,MSFT,74.68,-0.0010700909577313622,True,False,1.0,73.43350000000001,72.21983333333333,True,False,True,0.6018829256160314,True,False,True,False
2017-09-12,NVDA,169.61,0.003609467455621296,True,False,1.0,165.3725,161.50466666666665,True,False,True,0.6018829256160314,True,False,True,False
2017-09-13,AAPL,159.65,-0.007522068879771249,True,False,1.0,160.704,153.7971666666667,True,False,True,0.6469120358841461,True,False,True,False
2017-09-13,AMZN,999.6,0.01732174479431703,False,True,0.0,966.9110000000001,987.1751666666665,False,True,True,0.6518765719600922,True,False,False,True
2017-09-13,BAC,24.33,0.01586638830897691,False,True,0.0,23.669999999999998,24.019,False,True,True,0.581449105186361,True,False,False,True
2017-09-13,FB,173.05,0.0005203515263645375,True,False,1.0,170.01,164.23166666666665,True,False,True,0.6209975962577191,True,False,True,False
2017-09-13,GOOG,935.09,0.0032400999924897533,False,True,0.0,925.0210000000001,933.2581666666666,False,True,True,0.6018829256160314,True,False,False,True
2017-09-13,GOOGL,950.44,0.004003591612528501,False,True,0.0,939.9635000000001,951.1353333333334,False,True,True,0.5927822438133256,True,False,False,True
2017-09-13,MSFT,75.21,0.007096946973754514,True,False,1.0,73.533,72.29216666666666,True,False,True,0.6317160000523117,True,False,True,False
2017-09-13,NVDA,170.37,0.004480867873356553,False,False,1.0,165.542,161.72216666666665,True,False,True,0.5391160065218896,False,False,False,False
2017-09-14,AAPL,158.28,-0.008581271531475143,True,False,1.0,160.5705,154.01833333333335,True,False,True,0.6092400546022332,True,False,True,False
2017-09-14,AMZN,992.21,-0.007392957182873139,False,True,0.0,967.6125,987.1688333333333,False,True,True,0.6018829256160314,True,False,False,True
2017-09-14,BAC,24.24,-0.0036991368680641123,False,True,0.0,23.6725,24.031499999999998,False,True,True,0.5233664051941616,False,False,False,True
2017-09-14,FB,170.96,-0.0120774342675527,True,False,1.0,170.058,164.54349999999997,True,False,True,0.589705310344479,True,False,True,False
2017-09-14,GOOG,925.11,-0.010672769466040677,False,True,0.0,924.9285,932.8328333333334,False,True,True,0.588493688057452,True,False,False,True
2017-09-14,GOOGL,940.13,-0.010847607423929984,False,True,0.0,939.7564999999998,950.6543333333333,False,True,True,0.5926697802759312,True,False,False,True
2017-09-14,MSFT,74.77,-0.005850285866241145,True,False,1.0,73.589,72.37316666666668,True,False,True,0.588879426828246,True,False,True,False
2017-09-14,NVDA,169.4,-0.005693490638023158,True,False,1.0,165.7545,161.92733333333334,True,False,True,0.5630190559579836,True,False,True,False
2017-09-15,AAPL,159.88,0.010108668182966962,True,False,1.0,160.6715,154.25183333333334,True,False,True,0.6188158749509421,True,False,True,False
2017-09-15,AMZN,986.79,-0.005462553290130234,False,True,0.0,968.9235000000001,986.9114999999999,False,True,True,0.6018829256160314,True,False,False,True
2017-09-15,BAC,24.38,0.005775577557755707,False,True,0.0,23.7095,24.052333333333333,False,True,True,0.5130853582256306,False,False,False,True
2017-09-15,FB,171.64,0.0039775386055216355,True,False,1.0,170.2945,164.839,True,False,True,0.589999930842643,True,False,True,False
2017-09-15,GOOG,920.29,-0.0052101912205035905,False,True,0.0,925.3939999999999,932.1801666666667,False,True,True,0.7478164469359381,True,False,False,True
2017-09-15,GOOGL,935.29,-0.005148224181762084,False,True,0.0,940.1379999999999,949.9326666666667,False,True,True,0.7155134943305211,True,False,False,True
2017-09-15,MSFT,75.31,0.007222147920288968,True,False,1.0,73.7345,72.45716666666667,True,False,True,0.6168149515848055,True,False,True,False
2017-09-15,NVDA,180.11,0.06322314049586786,True,False,1.0,166.6865,162.27133333333333,True,False,True,0.6955278587822044,True,False,True,False
2017-09-18,AAPL,158.67,-0.007568176132099147,True,False,1.0,160.73,154.4691666666667,True,False,True,0.6204916242452918,True,False,True,False
2017-09-18,AMZN,974.19,-0.01276867418599692,False,True,0.0,969.7094999999999,986.4596666666667,False,True,True,0.5933192596075942,True,False,False,True
2017-09-18,BAC,24.7,0.01312551271534046,False,True,0.0,23.7635,24.081833333333336,False,True,True,0.5815147922613845,True,False,False,True
2017-09-18,FB,170.01,-0.009496620834304359,True,False,1.0,170.42450000000002,165.1158333333333,True,False,True,0.6081148755962315,True,False,True,False
2017-09-18,GOOG,915.0,-0.0057481880711514055,False,True,0.0,925.6105,931.4786666666666,False,True,True,0.6513257360503467,True,False,False,True
2017-09-18,GOOGL,929.75,-0.00592329651765755,False,True,0.0,940.3164999999999,949.1514999999999,False,True,True,0.6600060680601222,True,False,False,True
2017-09-18,MSFT,75.16,-0.0019917673615722498,False,False,1.0,73.86800000000001,72.53883333333333,True,False,True,0.5431488434274825,False,False,False,False
2017-09-18,NVDA,187.55,0.04130808950086062,False,False,1.0,167.98899999999998,162.75766666666667,True,False,False,0.6433130307341961,True,False,False,False
2017-09-19,AAPL,158.73,0.00037814331631680353,True,False,1.0,160.80599999999998,154.67666666666668,True,False,True,0.6018829256160314,True,False,True,False
2017-09-19,AMZN,969.86,-0.004444718176125795,False,True,0.0,970.5380000000001,985.895,False,True,True,0.6018829256160314,True,False,False,True
2017-09-19,BAC,24.86,0.006477732793522373,False,True,0.0,23.8375,24.115833333333335,False,True,True,0.6021383610807207,True,False,False,True
2017-09-19,FB,172.52,0.014763837421328363,True,False,1.0,170.6615,165.40666666666667,True,False,True,0.623009307242288,True,False,True,False
2017-09-19,GOOG,921.81,0.007442622950819544,False,True,0.0,926.368,930.7489999999999,False,True,True,0.6210323085188301,True,False,False,True
2017-09-19,GOOGL,936.86,0.007647216993815542,False,True,0.0,941.116,948.331,False,True,True,0.5892226913199137,True,False,False,True
2017-09-19,MSFT,75.44,0.0037253858435337683,True,False,1.0,74.0325,72.60933333333334,True,False,True,0.6125432934221742,True,False,True,False
2017-09-19,NVDA,187.35,-0.0010663822980538917,False,False,1.0,169.39900000000003,163.31633333333332,True,False,False,0.5484307055760824,False,False,False,False
2017-09-20,AAPL,156.07,-0.01675801675801669,True,False,1.0,160.6205,154.8475,True,False,True,0.6847899386346428,True,False,True,False
2017-09-20,AMZN,973.21,0.0034541067782978274,False,True,0.0,970.8534999999999,985.5488333333334,False,True,True,0.6018829256160314,True,False,False,True
2017-09-20,BAC,25.06,0.008045052292839916,False,True,0.0,23.898999999999997,24.151999999999997,False,True,True,0.5690692538168881,True,False,False,True
2017-09-20,FB,172.17,-0.0020287502898216347,True,False,1.0,170.788,165.71633333333332,True,False,True,0.5956409366839668,True,False,True,False
2017-09-20,GOOG,931.58,0.010598713400809423,False,True,0.0,926.7125,930.4041666666667,False,True,True,0.643268618915903,True,False,False,True
2017-09-20,GOOGL,947.54,0.011399782251350299,False,True,0.0,941.473,947.9218333333333,False,True,True,0.6644170974311361,True,False,False,True
2017-09-20,MSFT,74.94,-0.006627783669141074,True,False,1.0,74.1215,72.68283333333333,True,False,True,0.5658160880145099,True,False,True,False
2017-09-20,NVDA,185.84,-0.008059781158259893,False,False,1.0,170.5635,163.87783333333334,True,False,False,0.5209752149856175,False,False,False,False
2017-09-21,AAPL,153.39,-0.01717178189274049,True,False,1.0,160.291,155.0085,True,False,True,0.6718375819157011,True,False,True,False
2017-09-21,AMZN,964.65,-0.00879563506334713,False,True,0.0,971.186,985.3466666666667,False,True,True,0.6018829256160314,True,False,False,True
2017-09-21,BAC,25.16,0.003990422984836428,False,True,0.0,23.969,24.1835,False,True,True,0.6018829256160314,True,False,False,True
2017-09-21,FB,171.11,-0.0061567055816923455,True,False,1.0,170.908,166.0585,True,False,True,0.5890070190219954,True,False,True,False
2017-09-21,GOOG,932.45,0.0009338972498336151,False,True,0.0,926.9849999999999,930.4894999999999,False,True,True,0.6012804873782053,True,False,False,True
2017-09-21,GOOGL,947.55,1.0553644173239007e-05,False,True,0.0,941.7215,947.9128333333334,False,True,True,0.6018829256160314,True,False,False,True
2017-09-21,MSFT,74.21,-0.009741126234320885,True,False,1.0,74.196,72.76616666666668,True,False,True,0.6018829256160314,True,False,True,False
2017-09-21,NVDA,180.76,-0.027335342229875215,False,False,1.0,171.3115,164.44750000000002,True,False,True,0.5011617030879103,False,False,False,False
2017-09-22,AAPL,151.89,-0.009778994719342848,True,False,1.0,159.92199999999997,155.10950000000003,True,False,True,0.7562373701103603,True,False,True,False
2017-09-22,AMZN,955.1,-0.00989996371741042,False,True,0.0,971.3185,984.7595,False,True,True,0.6449380748090768,True,False,False,True
2017-09-22,BAC,25.02,-0.005564387917329161,False,True,0.0,24.028,24.202499999999997,False,True,True,0.5786903423979176,True,False,False,True
2017-09-22,FB,170.54,-0.0033311904622758126,True,False,1.0,171.048,166.34683333333334,True,False,True,0.6018829256160314,True,False,True,False
2017-09-22,GOOG,928.53,-0.004203978765617511,False,True,0.0,927.3475000000001,930.2901666666668,False,True,True,0.5820445958928618,True,False,False,True
2017-09-22,GOOGL,943.26,-0.0045274655690992205,False,True,0.0,942.04,947.617,False,True,True,0.5793537088282729,True,False,False,True
2017-09-22,MSFT,74.41,0.0026950545748551935,True,False,1.0,74.28200000000001,72.843,True,False,True,0.6018829256160314,True,False,True,False
2017-09-22,NVDA,179.0,-0.009736667404292909,True,False,1.0,172.002,164.90166666666667,True,False,True,0.6018829256160314,True,False,True,False
2017-09-25,AAPL,150.55,-0.008822173941668177,True,False,1.0,159.4565,155.22400000000002,True,False,True,0.7582270634360558,True,False,True,False
2017-09-25,AMZN,939.79,-0.016029735106271703,False,True,0.0,971.0450000000001,984.1571666666666,False,True,True,0.8195358224254549,True,False,False,True
2017-09-25,BAC,24.76,-0.010391686650679355,False,True,0.0,24.0775,24.209833333333332,False,True,True,0.5765269449712561,True,False,False,True
2017-09-25,FB,162.87,-0.04497478597396498,True,False,1.0,170.87550000000002,166.54399999999998,True,False,True,0.7280910614828763,True,False,True,False
2017-09-25,GOOG,920.97,-0.008141901715614908,False,True,0.0,927.6015,930.3431666666667,False,True,True,0.629663427939772,True,False,False,True
2017-09-25,GOOGL,934.28,-0.009520174713228635,False,True,0.0,942.229,947.5580000000001,False,True,True,0.6429320813536455,True,False,False,True
2017-09-25,MSFT,73.26,-0.015454911974196905,True,False,1.0,74.304,72.9225,True,False,True,0.6253380564481409,True,False,True,False
2017-09-25,NVDA,171.0,-0.04469273743016755,True,False,1.0,172.3615,165.307,True,False,True,0.5735749668641904,True,False,True,False
2017-09-26,AAPL,153.14,0.017203586848222985,True,False,1.0,159.04,155.376,True,False,True,0.6409561152481299,True,False,True,False
2017-09-26,AMZN,938.6,-0.001266240330286439,False,True,0.0,970.674,983.6671666666666,False,True,True,0.7819099878389477,True,False,False,True
2017-09-26,BAC,24.81,0.0020193861066235552,False,True,0.0,24.131999999999998,24.218999999999998,False,True,True,0.6205115568652999,True,False,False,True
2017-09-26,FB,164.21,0.008227420642229921,True,False,1.0,170.724,166.76449999999997,True,False,True,0.7852457709497599,True,False,True,False
2017-09-26,GOOG,924.86,0.004223807507302002,False,True,0.0,928.1539999999999,930.6119999999999,False,True,True,0.6265669005387796,True,False,False,True
2017-09-26,GOOGL,937.43,0.0033715802543135,False,True,0.0,942.6940000000001,947.6871666666667,False,True,True,0.6443324279993963,True,False,False,True
2017-09-26,MSFT,73.26,0.0,True,False,1.0,74.3255,72.99466666666667,True,False,True,0.6080380327849604,True,False,True,False
2017-09-26,NVDA,171.96,0.0056140350877194045,True,False,1.0,172.711,165.76366666666667,True,False,True,0.8179704976476906,True,False,True,False
2017-09-27,AAPL,154.23,0.007117670105785567,True,False,1.0,158.606,155.55483333333333,True,False,True,0.5985193098898424,True,False,True,False
2017-09-27,AMZN,950.87,0.013072661410611586,False,True,0.0,970.5145,983.6206666666666,False,True,True,0.6451645220080757,True,False,False,True
2017-09-27,BAC,25.41,0.0241837968561065,False,True,0.0,24.2235,24.231166666666663,False,True,True,0.6775289924503717,True,False,False,True
2017-09-27,FB,167.68,0.021131477985506297,True,False,1.0,170.7055,167.08533333333332,True,False,True,0.6394961101783598,True,False,True,False
2017-09-27,GOOG,944.49,0.021224834028934048,False,True,0.0,929.3140000000001,931.3751666666667,False,True,True,0.6864369783566083,True,False,False,True
2017-09-27,GOOGL,959.9,0.023969789744300973,False,True,0.0,943.9014999999999,948.3611666666667,False,True,True,0.699326902782665,True,False,False,True
2017-09-27,MSFT,73.85,0.008053508053507796,True,False,1.0,74.3655,73.08933333333333,True,False,True,0.5834726422319374,True,False,True,False
2017-09-27,NVDA,175.73,0.021923703186787602,True,False,1.0,173.2625,166.37033333333335,True,False,True,0.6248421132066712,True,False,True,False
2017-09-28,AAPL,153.28,-0.006159631718861358,True,False,1.0,158.10250000000002,155.708,True,False,True,0.5954786198630895,True,False,True,False
2017-09-28,AMZN,956.4,0.005815726650330699,False,True,0.0,969.9549999999999,983.3706666666668,False,True,True,0.5868037240140007,True,False,False,True
2017-09-28,BAC,25.45,0.0015741833923652582,True,False,1.0,24.302500000000002,24.240000000000002,True,False,True,0.615260689275214,True,False,True,False
2017-09-28,FB,168.73,0.006261927480915919,True,False,1.0,170.64600000000002,167.3918333333333,True,False,True,0.5961545739720625,True,False,True,False
2017-09-28,GOOG,949.5,0.0053044500206460565,False,True,0.0,930.3104999999999,932.005,False,True,True,0.6160857348120167,True,False,False,True
2017-09-28,GOOGL,964.81,0.005115116157933031,False,True,0.0,944.9604999999999,948.9036666666667,False,True,True,0.6202412430836137,True,False,False,True
2017-09-28,MSFT,73.87,0.0002708192281652977,True,False,1.0,74.3585,73.16916666666667,True,False,True,0.6018829256160314,True,False,True,False
2017-09-28,NVDA,175.68,-0.00028452739998852117,True,False,1.0,173.7625,166.91416666666663,True,False,True,0.6018829256160314,True,False,True,False
2017-09-29,AAPL,154.12,0.005480167014613846,True,False,1.0,157.6085,155.89783333333335,True,False,True,0.5935139657481328,True,False,True,False
2017-09-29,AMZN,961.35,0.00517565872020076,False,True,0.0,968.9925000000001,983.3075000000001,False,True,True,0.6018829256160314,True,False,False,True
2017-09-29,BAC,25.34,-0.0043222003929273,True,False,1.0,24.375,24.2505,True,False,True,0.6018829256160314,True,False,True,False
2017-09-29,FB,170.87,0.012682984650032703,True,False,1.0,170.59099999999998,167.75933333333333,True,False,True,0.5855808304504444,True,False,True,False
2017-09-29,GOOG,959.11,0.010121116377040495,False,True,0.0,931.2995000000001,932.8786666666667,False,True,True,0.6457578619206668,True,False,False,True
2017-09-29,GOOGL,973.72,0.009234978907764368,False,True,0.0,945.8845000000001,949.6708333333333,False,True,True,0.6403952049144299,True,False,False,True
2017-09-29,MSFT,74.49,0.00839312305401374,True,False,1.0,74.34450000000001,73.26783333333334,True,False,True,0.609077110429589,True,False,True,False
2017-09-29,NVDA,178.77,0.017588797814207746,True,False,1.0,174.22899999999998,167.50233333333333,True,False,True,0.615953739449708,True,False,True,False
2017-10-02,AAPL,153.81,-0.0020114196729821288,True,False,1.0,157.0965,156.05833333333334,True,False,True,0.5721460943727064,True,False,True,False
2017-10-02,AMZN,959.19,-0.002246840380714543,False,True,0.0,968.0395000000001,982.9813333333333,False,True,True,0.5806083418069256,True,False,False,True
2017-10-02,BAC,25.62,0.011049723756906049,True,False,1.0,24.4515,24.26366666666667,True,False,True,0.6589200132691424,True,False,True,False
2017-10-02,FB,169.47,-0.008193363375665785,False,False,1.0,170.4635,168.05983333333333,True,False,True,0.5123654278298737,False,False,False,False
2017-10-02,GOOG,953.27,-0.006088978323654293,False,True,0.0,932.0960000000001,933.4566666666667,False,True,True,0.5892226248871318,True,False,False,True
2017-10-02,GOOGL,967.47,-0.006418682988949542,False,True,0.0,946.6584999999999,950.1151666666666,False,True,True,0.5911323005450161,True,False,False,True
2017-10-02,MSFT,74.61,0.00161095449053561,True,False,1.0,74.378,73.35366666666667,True,False,True,0.6007124911131428,True,False,True,False
2017-10-02,NVDA,179.0,0.0012865693348995677,True,False,1.0,174.656,168.03966666666665,True,False,True,0.576389651721722,True,False,True,False
2017-10-03,AAPL,154.48,0.004356023665561315,True,False,1.0,156.7165,156.21533333333335,True,False,True,0.5965553546663738,True,False,True,False
2017-10-03,AMZN,957.1,-0.002178921798600908,False,True,0.0,967.631,982.3251666666667,False,True,True,0.5728747660688152,True,False,False,True
2017-10-03,BAC,25.86,0.00936768149882905,True,False,1.0,24.579,24.279833333333332,True,False,True,0.6413518872660141,True,False,True,False
2017-10-03,FB,169.96,0.0028913672036348093,True,False,1.0,170.4255,168.33416666666668,True,False,True,0.5900688671297921,True,False,True,False
2017-10-03,GOOG,957.79,0.0047415737409128855,False,True,0.0,933.5629999999999,933.9398333333334,False,True,True,0.609271953052865,True,False,False,True
2017-10-03,GOOGL,972.08,0.004765005633249553,False,True,0.0,948.1885,950.4665,False,True,True,0.606961585172771,True,False,False,True
2017-10-03,MSFT,74.26,-0.004691060179600526,True,False,1.0,74.4105,73.425,True,False,True,0.5839324479690763,True,False,True,False
2017-10-03,NVDA,179.37,0.002067039106145252,True,False,1.0,175.329,168.46750000000003,True,False,True,0.5920966617938876,True,False,True,False
2017-10-04,AAPL,153.48,-0.006473329880890777,False,True,0.0,156.29500000000002,156.34783333333334,False,True,True,0.5963858233047529,True,False,False,True
2017-10-04,AMZN,965.45,0.008724271236025594,False,True,0.0,967.5135,981.8471666666667,False,True,True,0.6018829256160314,True,False,False,True
2017-10-04,BAC,25.71,-0.0058004640371228655,True,False,1.0,24.694,24.298333333333336,True,False,True,0.6018829256160314,True,False,True,False
2017-10-04,FB,168.42,-0.009060955518945701,True,False,1.0,170.242,168.55333333333334,True,False,True,0.5850717604290314,True,False,True,False
2017-10-04,GOOG,951.68,-0.006379268942043659,True,False,1.0,934.7565000000001,934.2996666666667,True,False,True,0.5935584537233912,True,False,True,False
2017-10-04,GOOGL,966.78,-0.005452226154226025,False,True,0.0,949.4264999999999,950.6873333333333,False,True,True,0.591293817757457,True,False,False,True
2017-10-04,MSFT,74.69,0.005790465930514355,True,False,1.0,74.475,73.50333333333333,True,False,True,0.6098952941998473,True,False,True,False
2017-10-04,NVDA,180.87,0.008362602441879918,True,False,1.0,176.08200000000002,168.884,True,False,True,0.6171177149239432,True,False,True,False
2017-10-05,AAPL,155.39,0.012444618191295165,False,True,0.0,156.0015,156.50866666666667,False,True,True,0.6133337350513806,True,False,False,True
2017-10-05,AMZN,980.85,0.01595111088093626,False,True,0.0,967.5825000000001,981.4195,False,True,True,0.6380809857594031,True,False,False,True
2017-10-05,BAC,26.13,0.016336056009334854,False,False,1.0,24.851999999999997,24.327999999999996,True,False,False,0.6471867733660082,True,False,False,False
2017-10-05,FB,171.24,0.016743854649091672,True,False,1.0,170.1435,168.75900000000001,True,False,True,0.5933686613251054,True,False,True,False
2017-10-05,GOOG,969.96,0.019208137188971186,True,False,1.0,936.457,934.7351666666667,True,False,True,0.6733847656448742,True,False,True,False
2017-10-05,GOOGL,985.19,0.019042595006102836,True,False,1.0,951.1914999999999,950.9794999999999,True,False,True,0.6701861343900956,True,False,True,False
2017-10-05,MSFT,75.97,0.017137501673584188,True,False,1.0,74.5565,73.58366666666666,True,False,True,0.6263092189853668,True,False,True,False
2017-10-05,NVDA,180.77,-0.0005528832863381794,True,False,1.0,176.7915,169.18833333333333,True,False,True,0.5934821665411391,True,False,True,False
2017-10-06,AAPL,155.3,-0.0005791878499258329,False,True,0.0,155.83499999999998,156.63416666666666,False,True,True,0.5894786750916646,True,False,False,True
2017-10-06,AMZN,989.58,0.008900443492888765,False,True,0.0,968.7665000000001,981.2353333333334,False,True,True,0.6304771494087328,True,False,False,True
2017-10-06,BAC,26.21,0.003061615001913598,False,False,1.0,25.018,24.354499999999998,True,False,False,0.6127363874580795,True,False,False,False
2017-10-06,FB,172.23,0.005781359495444782,True,False,1.0,170.2075,168.97516666666667,True,False,True,0.6018829256160314,True,False,True,False
2017-10-06,GOOG,978.89,0.00920656521918417,True,False,1.0,939.0765000000001,935.2639999999999,True,False,True,0.6534386660521537,True,False,True,False
2017-10-06,GOOGL,993.64,0.008577025751377754,True,False,1.0,953.8030000000001,951.3926666666666,True,False,True,0.654550038832868,True,False,True,False
2017-10-06,MSFT,76.0,0.0003948927208108355,True,False,1.0,74.6575,73.65416666666667,True,False,True,0.6018829256160314,True,False,True,False
2017-10-06,NVDA,181.3,0.0029319024174365715,True,False,1.0,177.672,169.53283333333334,True,False,True,0.6210771276916044,True,False,True,False
2017-10-09,AAPL,155.84,0.003477141017385721,False,True,0.0,155.552,156.7475,False,True,True,0.594679138615213,True,False,False,True
2017-10-09,AMZN,990.99,0.0014248469047475343,False,True,0.0,969.418,981.055,False,True,True,0.6018829256160314,True,False,False,True
2017-10-09,BAC,25.85,-0.013735215566577641,True,False,1.0,25.1425,24.381833333333336,True,False,True,0.5598851838844209,True,False,True,False
2017-10-09,FB,172.5,0.0015676711374326135,True,False,1.0,170.157,169.184,True,False,True,0.5992881275965043,True,False,True,False
2017-10-09,GOOG,977.0,-0.0019307583078793655,True,False,1.0,941.4725000000001,935.6141666666666,True,False,True,0.610304014981482,True,False,True,False
2017-10-09,GOOGL,992.31,-0.0013385129423131303,True,False,1.0,956.2539999999999,951.6493333333333,True,False,True,0.6149588319641937,True,False,True,False
2017-10-09,MSFT,76.29,0.003815789473684328,True,False,1.0,74.73400000000001,73.71266666666666,True,False,True,0.6164151954545004,True,False,True,False
2017-10-09,NVDA,185.39,0.02255929398786538,True,False,1.0,178.49150000000003,169.8735,True,False,True,0.6365931190146518,True,False,True,False
2017-10-10,AAPL,155.9,0.0003850102669404887,False,True,0.0,155.304,156.85316666666665,False,True,True,0.5967460890234729,True,False,False,True
2017-10-10,AMZN,987.2,-0.003824458369912853,False,True,0.0,969.649,980.6743333333333,False,True,True,0.5923361933538416,True,False,False,True
2017-10-10,BAC,25.93,0.003094777562862694,True,False,1.0,25.2415,24.413666666666664,True,False,True,0.5940269499498044,True,False,True,False
2017-10-10,FB,171.59,-0.005275362318840515,True,False,1.0,170.0885,169.38166666666666,True,False,True,0.5762124458835081,True,False,True,False
2017-10-10,GOOG,972.6,-0.004503582395086969,True,False,1.0,943.499,935.9338333333333,True,False,True,0.580368328997453,True,False,True,False
2017-10-10,GOOGL,987.8,-0.0045449506706572995,True,False,1.0,958.3115,951.8466666666667,True,False,True,0.5719099971846476,True,False,True,False
2017-10-10,MSFT,76.29,0.0,True,False,1.0,74.8145,73.76166666666667,True,False,True,0.5967460890234729,True,False,True,False
2017-10-10,NVDA,188.93,0.01909488106154611,True,False,1.0,179.4575,170.28483333333332,True,False,True,0.5747017899867564,True,False,True,False
2017-10-11,AAPL,156.55,0.004169339320077015,False,True,0.0,155.149,156.96099999999998,False,True,True,0.5967460890234729,True,False,False,True
2017-10-11,AMZN,995.0,0.007901134521880016,False,True,0.0,969.4189999999999,980.1835,False,True,True,0.5423985477562909,False,False,False,True
2017-10-11,BAC,25.83,-0.0038565368299268155,True,False,1.0,25.316499999999998,24.445833333333333,True,False,True,0.5962447970457432,True,False,True,False
2017-10-11,FB,172.74,0.006702022262369711,True,False,1.0,170.073,169.5463333333333,True,False,True,0.5967460890234729,True,False,True,False
2017-10-11,GOOG,989.25,0.017119062307217714,False,False,1.0,946.207,936.3313333333333,True,False,False,0.6138035673654919,True,False,False,False
2017-10-11,GOOGL,1005.65,0.018070459607207878,False,False,1.0,961.0719999999999,952.1583333333333,True,False,False,0.6117404880686821,True,False,False,False
2017-10-11,MSFT,76.42,0.0017040241184951288,True,False,1.0,74.875,73.81366666666666,True,False,True,0.5950586595340268,True,False,True,False
2017-10-11,NVDA,190.94,0.010638860953792406,False,False,1.0,180.48600000000002,170.70116666666667,True,False,False,0.6212264689864643,True,False,False,False
2017-10-12,AAPL,156.0,-0.003513254551261613,False,True,0.0,155.035,157.044,False,True,True,0.5874678138712881,True,False,False,True
2017-10-12,AMZN,1000.93,0.005959798994974896,False,True,0.0,969.8549999999999,979.7511666666667,False,True,True,0.6018026882360547,True,False,False,True
2017-10-12,BAC,25.45,-0.014711575687185396,True,False,1.0,25.377000000000002,24.469,True,False,True,0.59232643428399,True,False,True,False
2017-10-12,FB,172.55,-0.0010999189533402731,True,False,1.0,170.1525,169.6865,True,False,True,0.5967460890234729,True,False,True,False
2017-10-12,GOOG,987.83,-0.001435430881981281,True,False,1.0,949.3430000000001,936.6136666666666,True,False,True,0.5876545747277124,True,False,True,False
2017-10-12,GOOGL,1005.65,0.0,False,False,1.0,964.3480000000002,952.373,True,False,False,0.5824332287939205,True,False,False,False
2017-10-12,MSFT,77.12,0.009159905783826305,False,False,1.0,74.99249999999999,73.868,True,False,False,0.6231881173442528,True,False,False,False
2017-10-12,NVDA,191.03,0.0004713522572536988,False,False,1.0,181.5675,171.13333333333333,True,False,False,0.5967460890234729,True,False,False,False
2017-10-13,AAPL,156.99,0.006346153846154001,False,True,0.0,154.8905,157.15483333333336,False,True,True,0.5967460890234729,True,False,False,True
2017-10-13,AMZN,1002.94,0.0020081324368339537,False,True,0.0,970.6625,979.3218333333333,False,True,True,0.54122982079869,False,False,False,True
2017-10-13,BAC,25.83,0.014931237721021562,True,False,1.0,25.4495,24.5005,True,False,True,0.6385278232940628,True,False,True,False
2017-10-13,FB,173.74,0.006896551724137945,True,False,1.0,170.2575,169.84,True,False,True,0.6021278812199786,True,False,True,False
2017-10-13,GOOG,989.68,0.0018727918771448415,True,False,1.0,952.8125,936.9725,True,False,True,0.57365612038278,True,False,True,False
2017-10-13,GOOGL,1007.87,0.0022075274697956893,False,False,1.0,967.9770000000001,952.6343333333333,True,False,False,0.5652648041532133,True,False,False,False
2017-10-13,MSFT,77.49,0.004797717842323523,False,False,1.0,75.1015,73.92249999999999,True,False,False,0.6111394433658671,True,False,False,False
2017-10-13,NVDA,194.59,0.018635816363921975,False,False,1.0,182.29149999999998,171.58483333333334,True,False,False,0.6148858230553033,True,False,False,False
2017-10-16,AAPL,159.88,0.018408815848143023,False,True,0.0,154.951,157.315,False,True,True,0.6005609540756985,True,False,False,True
2017-10-16,AMZN,1006.34,0.003390033302091755,False,True,0.0,972.2700000000001,978.9996666666667,False,True,True,0.522208138551881,False,False,False,True
2017-10-16,BAC,26.24,0.015873015873015817,True,False,1.0,25.526500000000002,24.541166666666665,True,False,True,0.6213238334466367,True,False,True,False
2017-10-16,FB,174.52,0.0044894670196846675,True,False,1.0,170.483,170.00816666666668,True,False,True,0.5967460890234729,True,False,True,False
2017-10-16,GOOG,992.0,0.0023441920620808077,False,False,1.0,956.6625,937.2905,True,False,False,0.5688406369409402,True,False,False,False
2017-10-16,GOOGL,1009.35,0.001468443350828963,False,False,1.0,971.957,952.8928333333333,True,False,False,0.5642115292078398,True,False,False,False
2017-10-16,MSFT,77.65,0.002064782552587463,False,False,1.0,75.226,73.98683333333334,True,False,False,0.6049692293147536,True,False,False,False
2017-10-16,NVDA,197.93,0.017164294156945425,False,False,1.0,182.8105,172.082,True,False,False,0.6195744894450413,True,False,False,False
2017-10-17,AAPL,160.47,0.003690267700775518,False,True,0.0,155.038,157.45466666666667,False,True,True,0.5967460890234729,True,False,False,True
2017-10-17,AMZN,1009.13,0.0027724228391994288,False,True,0.0,974.2334999999999,978.5026666666666,False,True,True,0.5547353866917634,True,False,False,True
2017-10-17,BAC,26.2,-0.0015243902439023849,True,False,1.0,25.5935,24.579333333333334,True,False,True,0.5967460890234729,True,False,True,False
2017-10-17,FB,176.11,0.00911070364428146,True,False,1.0,170.6625,170.17666666666668,True,False,True,0.6007980385672866,True,False,True,False
2017-10-17,GOOG,992.18,0.00018145161290328282,False,False,1.0,960.1809999999999,937.4878333333334,True,False,False,0.5967460890234729,True,False,False,False
2017-10-17,GOOGL,1011.0,0.0016347154109079831,False,False,1.0,975.664,953.1043333333332,True,False,False,0.5683289718606312,True,False,False,False
2017-10-17,MSFT,77.59,-0.0007726980038634812,False,False,1.0,75.33349999999999,74.05333333333334,True,False,False,0.549743176816433,False,False,False,False
2017-10-17,NVDA,197.75,-0.0009094124185318186,False,False,1.0,183.33049999999997,172.60866666666666,True,False,False,0.5967460890234729,True,False,False,False
2017-10-18,AAPL,159.76,-0.004424503022371851,False,True,0.0,155.2225,157.5716666666667,False,True,True,0.5877813494789174,True,False,False,True
2017-10-18,AMZN,997.0,-0.01202025507119997,False,True,0.0,975.423,977.7881666666667,False,True,True,0.5838693285330754,True,False,False,True
2017-10-18,BAC,26.48,0.010687022900763399,True,False,1.0,25.664499999999997,24.612666666666666,True,False,True,0.6235278047217955,True,False,True,False
2017-10-18,FB,176.03,-0.00045426154108230143,True,False,1.0,170.85549999999998,170.35583333333335,True,False,True,0.5967460890234729,True,False,True,False
2017-10-18,GOOG,992.81,0.0006349654296600171,False,False,1.0,963.2425,938.1896666666667,True,False,False,0.582819979114513,True,False,False,False
2017-10-18,GOOGL,1012.74,0.0017210682492581064,False,False,1.0,978.924,953.8328333333334,True,False,False,0.5751836071330357,True,False,False,False
2017-10-18,MSFT,77.61,0.0002577651759245736,False,False,1.0,75.46700000000001,74.11033333333333,True,False,False,0.6019100752786013,True,False,False,False
2017-10-18,NVDA,197.58,-0.0008596713021491453,False,False,1.0,183.91750000000002,173.14583333333334,True,False,False,0.6018258952848283,True,False,False,False
2017-10-19,AAPL,155.98,-0.02366049073610421,False,True,0.0,155.352,157.61366666666666,False,True,True,0.6672765893434573,True,False,False,True
2017-10-19,AMZN,986.61,-0.010421263791374091,False,True,0.0,976.521,976.685,False,True,True,0.5967460890234729,True,False,False,True
2017-10-19,BAC,26.58,0.003776435045317106,True,False,1.0,25.735499999999995,24.65216666666667,True,False,True,0.6006273261133325,True,False,True,False
2017-10-19,FB,174.56,-0.008350849287053319,True,False,1.0,171.02800000000002,170.505,True,False,True,0.558914920973507,True,False,True,False
2017-10-19,GOOG,984.45,-0.00842054370926959,True,False,1.0,965.8425000000001,938.8005,True,False,True,0.5668079527813817,True,False,True,False
2017-10-19,GOOGL,1001.84,-0.010762880897367544,True,False,1.0,981.6385,954.4416666666667,True,False,True,0.5626337669370494,True,False,True,False
2017-10-19,MSFT,77.91,0.0038654812524159254,False,False,1.0,75.652,74.17466666666665,True,False,False,0.6126322105959553,True,False,False,False
2017-10-19,NVDA,197.8,0.0011134730235853318,False,False,1.0,184.7695,173.65483333333333,True,False,False,0.6133892212676705,True,False,False,False
2017-10-20,AAPL,156.25,0.0017309911527119137,False,True,0.0,155.57,157.70850000000002,False,True,True,0.5943416444128885,True,False,False,True
2017-10-20,AMZN,982.91,-0.003750215383991673,True,False,1.0,977.9114999999999,975.6335,True,False,True,0.5838487664862928,True,False,True,False
2017-10-20,BAC,27.17,0.022197140707298946,False,False,1.0,25.843,24.703166666666668,True,False,False,0.576882706560332,True,False,False,False
2017-10-20,FB,174.98,0.0024060494958753065,True,False,1.0,171.25000000000003,170.58066666666667,True,False,True,0.5967460890234729,True,False,True,False
2017-10-20,GOOG,988.2,0.0038092335822033085,True,False,1.0,968.826,939.7023333333333,True,False,True,0.5975513342102461,True,False,True,False
2017-10-20,GOOGL,1005.07,0.0032240677154036224,True,False,1.0,984.729,955.3176666666666,True,False,True,0.5881815091254468,True,False,True,False
2017-10-20,MSFT,78.81,0.011551790527531747,False,False,1.0,75.872,74.26883333333333,True,False,False,0.5866611299626903,True,False,False,False
2017-10-20,NVDA,196.9,-0.0045500505561173465,False,False,1.0,185.6645,174.2408333333333,True,False,False,0.5943818656109925,True,False,False,False
2017-10-23,AAPL,156.17,-0.000512000000000068,False,True,0.0,155.851,157.81966666666668,False,True,True,0.588795966208051,True,False,False,True
2017-10-23,AMZN,966.3,-0.01689880050055448,True,False,1.0,979.2369999999999,974.7378333333332,True,False,True,0.7031807182654193,True,False,True,False
2017-10-23,BAC,27.16,-0.0003680529996320514,False,False,1.0,25.963,24.755333333333333,True,False,False,0.5162354482426502,False,False,False,False
2017-10-23,FB,171.27,-0.02120242313407239,True,False,1.0,171.67000000000002,170.561,True,False,True,0.5932470830201404,True,False,True,False
2017-10-23,GOOG,968.45,-0.01998583282736288,True,False,1.0,971.2,940.151,True,False,True,0.5817842762010155,True,False,True,False
2017-10-23,GOOGL,985.54,-0.019431482384311582,True,False,1.0,987.292,955.7711666666667,True,False,True,0.5717001931410437,True,False,True,False
2017-10-23,MSFT,78.83,0.00025377490166222927,False,False,1.0,76.1505,74.36533333333334,True,False,False,0.5488266377906693,False,False,False,False
2017-10-23,NVDA,196.62,-0.0014220416455053009,False,False,1.0,186.94549999999998,174.778,True,False,False,0.5815971698865907,True,False,False,False
2017-10-24,AAPL,157.1,0.005955048985080369,False,True,0.0,156.049,157.95916666666668,False,True,True,0.563034148677359,True,False,False,True
2017-10-24,AMZN,975.9,0.009934802856255809,True,False,1.0,981.1020000000001,974.5398333333334,True,False,True,0.5930380177189719,True,False,True,False
2017-10-24,BAC,27.68,0.019145802650957222,False,False,1.0,26.1065,24.814666666666668,True,False,False,0.5594602913442971,True,False,False,False
2017-10-24,FB,171.8,0.0030945291060897606,True,False,1.0,172.0495,170.60350000000003,True,False,True,0.5547227191021183,True,False,True,False
2017-10-24,GOOG,970.54,0.0021580876658577886,True,False,1.0,973.484,940.8183333333333,True,False,True,0.569459271677857,True,False,True,False
2017-10-24,GOOGL,988.49,0.0029932828703047587,True,False,1.0,989.8449999999999,956.4876666666665,True,False,True,0.5780300514540274,True,False,True,False
2017-10-24,MSFT,78.86,0.00038056577445133577,False,False,1.0,76.4305,74.468,True,False,False,0.5577334675925287,True,False,False,False
2017-10-24,NVDA,198.68,0.010477062353778877,False,False,1.0,188.2815,175.38083333333333,True,False,False,0.6097075320589049,True,False,False,False
2017-10-25,AAPL,156.41,-0.004392106938255869,False,True,0.0,156.15800000000002,157.92283333333336,False,True,True,0.5960666645065118,True,False,False,True
2017-10-25,AMZN,972.91,-0.0030638385080438146,True,False,1.0,982.204,974.2171666666668,True,False,True,0.6246787466999402,True,False,True,False
2017-10-25,BAC,27.635,-0.0016257225433525813,False,False,1.0,26.217750000000002,24.85925,True,False,False,0.4942031404469009,False,False,False,False
2017-10-25,FB,170.6,-0.006984866123399436,True,False,1.0,172.19549999999998,170.6158333333333,True,False,True,0.7041248409541924,True,False,True,False
2017-10-25,GOOG,973.33,0.0028746883178436544,True,False,1.0,974.926,941.5266666666666,True,False,True,0.565365017297398,True,False,True,False
2017-10-25,GOOGL,991.46,0.003004582747422768,True,False,1.0,991.423,957.236,True,False,True,0.5754533119666587,True,False,True,False
2017-10-25,MSFT,78.63,-0.002916560994166928,False,False,1.0,76.6695,74.56883333333333,True,False,False,0.5376099413564025,False,False,False,False
2017-10-25,NVDA,193.66,-0.0252667606200927,True,False,1.0,189.178,175.86700000000002,True,False,True,0.5836093058500229,True,False,True,False
2017-10-26,AAPL,157.41,0.006393453104021507,False,True,0.0,156.3645,157.92733333333337,False,True,True,0.5967460890234729,True,False,False,True
2017-10-26,AMZN,972.43,-0.0004933652650296327,True,False,1.0,983.0055,973.8261666666668,True,False,True,0.7544437687139004,True,False,True,False
2017-10-26,BAC,27.74,0.003799529582051653,False,False,1.0,26.33225,24.911749999999998,True,False,False,0.620726952232303,True,False,False,False
2017-10-26,FB,170.63,0.00017584994138331034,True,False,1.0,172.2905,170.638,True,False,True,0.5809010892084544,True,False,True,False
2017-10-26,GOOG,972.56,-0.000791098599652873,True,False,1.0,976.079,942.2294999999999,True,False,True,0.6609835058044401,True,False,True,False
2017-10-26,GOOGL,991.42,-4.034454239210117e-05,True,False,1.0,992.7535,957.9656666666667,True,False,True,0.6248862006018387,True,False,True,False
2017-10-26,MSFT,78.76,0.001653312984865929,False,False,1.0,76.914,74.67716666666666,True,False,False,0.563618239757206,True,False,False,False
2017-10-26,NVDA,195.69,0.010482288546938001,True,False,1.0,190.1785,176.3886666666667,True,False,True,0.5964987066399854,True,False,True,False
2017-10-27,AAPL,163.05,0.03582999809414922,False,True,0.0,156.811,158.052,False,True,True,0.6318353831074545,True,False,False,True
2017-10-27,AMZN,1100.95,0.13216375471756336,False,True,0.0,989.9855,975.7266666666667,True,False,False,0.29390559672060546,False,True,False,True
2017-10-27,BAC,27.8,0.00216294160057684,False,False,1.0,26.45525,24.968916666666665,True,False,False,0.5933966714286191,True,False,False,False
2017-10-27,FB,177.88,0.04248959737443592,True,False,1.0,172.64100000000002,170.79283333333333,True,False,True,0.6760277278897017,True,False,True,False
2017-10-27,GOOG,1019.27,0.04802788516903855,False,False,1.0,979.0869999999999,943.8231666666667,True,False,False,0.6728331507926087,True,False,False,False
2017-10-27,GOOGL,1033.67,0.04261564221016334,False,False,1.0,995.7509999999999,959.5218333333333,True,False,False,0.6720313965976403,True,False,False,False
2017-10-27,MSFT,83.81,0.06411884205180285,False,False,1.0,77.38,74.8715,True,False,False,0.6370529445237609,True,False,False,False
2017-10-27,NVDA,201.86,0.03152945985998268,False,False,1.0,191.33300000000003,176.97833333333332,True,False,False,0.6126505688507193,True,False,False,False
2017-10-30,AAPL,166.72,0.02250843299601346,False,True,0.0,157.4565,158.22416666666666,False,True,False,0.5673818515529926,True,False,False,True
2017-10-30,AMZN,1110.85,0.00899223397974458,False,False,0.0,997.5685,977.7811666666668,True,False,False,0.567963551098131,True,False,False,False
2017-10-30,BAC,27.6,-0.007194244604316502,False,False,1.0,26.554250000000003,25.012749999999997,True,False,False,0.578561740106091,True,False,False,False
2017-10-30,FB,179.87,0.011187317292556731,True,False,1.0,173.161,170.96366666666665,True,False,True,0.5500641875245246,True,False,True,False
2017-10-30,GOOG,1017.11,-0.002119163715207928,False,False,1.0,982.2789999999999,945.309,True,False,False,0.5453953258916224,False,False,False,False
2017-10-30,GOOGL,1033.13,-0.0005224104404694119,False,False,1.0,999.034,960.9774999999998,True,False,False,0.5290459919770614,False,False,False,False
2017-10-30,MSFT,83.89,0.0009545400310224661,False,False,1.0,77.84400000000001,75.05833333333334,True,False,False,0.49615824634367356,False,False,False,False
2017-10-30,NVDA,203.84,0.009808778361240389,False,False,1.0,192.575,177.58883333333333,True,False,False,0.5916031132656084,True,False,False,False
2017-10-31,AAPL,169.04,0.013915547024951902,False,True,0.0,158.1845,158.39466666666667,False,True,False,0.5275617025815726,False,False,False,True
2017-10-31,AMZN,1105.28,-0.005014178331907981,False,False,0.0,1004.9775000000002,979.6646666666667,True,False,False,0.4818160721256061,False,False,False,False
2017-10-31,BAC,27.39,-0.007608695652173925,True,False,1.0,26.63075,25.05325,True,False,True,0.5747684327843648,True,False,True,False
2017-10-31,FB,180.06,0.0010563184522154323,False,False,1.0,173.666,171.09833333333333,True,False,True,0.5006534044288747,False,False,False,False
2017-10-31,GOOG,1016.64,-0.00046209357886561886,True,False,1.0,985.2215,946.7636666666666,True,False,True,0.5967460890234729,True,False,True,False
2017-10-31,GOOGL,1033.04,-8.711391596427642e-05,False,False,1.0,1002.082,962.4323333333333,True,False,False,0.5967460890234729,True,False,False,False
2017-10-31,MSFT,83.18,-0.008463464060078585,False,False,1.0,78.29,75.23800000000001,True,False,False,0.491313968391048,False,False,False,False
2017-10-31,NVDA,206.81,0.014570251177393967,False,False,1.0,193.947,178.16316666666668,True,False,False,0.6253768308351312,True,False,False,False
2017-11-01,AAPL,166.89,-0.012718883104590684,False,False,0.0,158.855,158.50816666666665,True,False,True,0.5111133916665163,False,False,False,False
2017-11-01,AMZN,1103.68,-0.001447596988998212,False,False,0.0,1011.8889999999999,981.562,True,False,False,0.4650548436662278,False,False,False,False
2017-11-01,BAC,27.53,0.005111354508944954,True,False,1.0,26.721750000000004,25.097083333333334,True,False,True,0.5994468860530093,True,False,True,False
2017-11-01,FB,182.66,0.014439631234033135,False,False,1.0,174.37800000000001,171.28883333333334,True,False,False,0.5534143289477051,True,False,False,False
2017-11-01,GOOG,1025.5,0.008714982688070583,False,False,1.0,988.9125,948.4088333333333,True,False,False,0.618799196030293,True,False,False,False
2017-11-01,GOOGL,1042.6,0.009254239913265572,False,False,1.0,1005.8729999999999,964.0725,True,False,False,0.6290677280729468,True,False,False,False
2017-11-01,MSFT,83.18,0.0,False,False,1.0,78.7145,75.41116666666667,True,False,False,0.5431046775205037,False,False,False,False
2017-11-01,NVDA,207.2,0.0018857888883516694,False,False,1.0,195.2635,178.77816666666666,True,False,False,0.5718708850516308,True,False,False,False
2017-11-02,AAPL,168.11,0.007310204326202996,False,False,0.0,159.491,158.62566666666666,True,False,True,0.5172407370354412,False,False,False,False
2017-11-02,AMZN,1094.22,-0.008571325021745513,False,False,0.0,1017.5574999999999,983.4321666666667,True,False,False,0.48424677673209915,False,False,False,False
2017-11-02,BAC,27.87,0.012350163458045849,False,False,1.0,26.808750000000003,25.149250000000002,True,False,False,0.6465376579638562,True,False,False,False
2017-11-02,FB,178.92,-0.020475199824811163,True,False,1.0,174.762,171.41783333333333,True,False,True,0.5623415359495101,True,False,True,False
2017-11-02,GOOG,1025.58,7.801072647484197e-05,False,False,1.0,991.6935000000001,950.1201666666668,True,False,False,0.5967460890234729,True,False,False,False
2017-11-02,GOOGL,1042.97,0.0003548820257051055,False,False,1.0,1008.7620000000001,965.7873333333333,True,False,False,0.5967460890234729,True,False,False,False
2017-11-02,MSFT,84.05,0.010459245010819851,False,False,1.0,79.1185,75.60416666666667,True,False,False,0.5513948497036449,True,False,False,False
2017-11-02,NVDA,205.94,-0.0060810810810810745,False,False,1.0,196.522,179.342,True,False,False,0.5847743280781,True,False,False,False
2017-11-03,AAPL,172.5,0.026113854024150784,False,False,0.0,160.351,158.91199999999998,True,False,False,0.59390925637533,True,False,False,False
2017-11-03,AMZN,1111.6,0.015883460364460422,False,True,0.0,1023.6585000000001,986.0101666666667,True,False,False,0.37134345808028985,False,True,False,True
2017-11-03,BAC,27.82,-0.0017940437746680749,False,False,1.0,26.889249999999997,25.210916666666666,True,False,False,0.5967460890234729,True,False,False,False
2017-11-03,FB,178.92,0.0,True,False,1.0,175.0965,171.60983333333334,True,False,True,0.5771506938358604,True,False,True,False
2017-11-03,GOOG,1032.48,0.006727900310068646,False,False,1.0,994.3729999999999,952.2075,True,False,False,0.5818035686718329,True,False,False,False
2017-11-03,GOOGL,1049.99,0.00673077845000325,False,False,1.0,1011.5795,967.8940000000001,True,False,False,0.5869437384094144,True,False,False,False
2017-11-03,MSFT,84.14,0.001070791195716847,False,False,1.0,79.5255,75.81633333333335,True,False,False,0.6222021525219916,True,False,False,False
2017-11-03,NVDA,208.69,0.01335340390404971,False,False,1.0,197.8915,180.07450000000003,True,False,False,0.6256683537618337,True,False,False,False
2017-11-06,AAPL,174.25,0.010144927536231974,False,False,0.0,161.2715,159.1915,True,False,False,0.594537006663055,True,False,False,False
2017-11-06,AMZN,1120.66,0.008150413817920255,False,True,0.0,1030.142,988.5546666666667,True,False,False,0.39328714300549183,False,True,False,True
2017-11-06,BAC,27.75,-0.0025161754133716796,True,False,1.0,26.984250000000003,25.275750000000002,True,False,True,0.5967460890234729,True,False,True,False
2017-11-06,FB,180.17,0.006986362620165387,True,False,1.0,175.48,171.81133333333335,True,False,True,0.6026610293670523,True,False,True,False
2017-11-06,GOOG,1025.9,-0.006373004803967075,True,False,1.0,996.818,954.066,True,False,True,0.5967460890234729,True,False,True,False
2017-11-06,GOOGL,1042.68,-0.0069619710663910706,True,False,1.0,1014.098,969.7705,True,False,True,0.5967460890234729,True,False,True,False
2017-11-06,MSFT,84.47,0.003922034704064714,False,False,1.0,79.9345,76.01583333333335,True,False,False,0.6509417269670282,True,False,False,False
2017-11-06,NVDA,209.63,0.004504288657817712,False,False,1.0,199.1035,180.969,True,False,False,0.6173187161785152,True,False,False,False
2017-11-07,AAPL,174.81,0.003213773314203694,False,False,0.0,162.21699999999998,159.4408333333333,True,False,False,0.6143007206534421,True,False,False,False
2017-11-07,AMZN,1123.17,0.00223975157496481,False,True,0.0,1036.9405000000002,990.8858333333334,True,False,False,0.4267191544154972,False,True,False,True
2017-11-07,BAC,27.18,-0.020540540540540553,False,False,1.0,27.046749999999996,25.32175,True,False,True,0.5221655016597475,False,False,False,False
2017-11-07,FB,180.25,0.00044402508741758773,True,False,1.0,175.913,171.96966666666668,True,False,True,0.5967460890234729,True,False,True,False
2017-11-07,GOOG,1033.33,0.007242421288624401,False,False,1.0,999.8545,955.9103333333334,True,False,False,0.5931931398345093,True,False,False,False
2017-11-07,GOOGL,1052.39,0.009312540760348265,False,False,1.0,1017.3275000000001,971.6615,True,False,False,0.5955615748342566,True,False,False,False
2017-11-07,MSFT,84.27,-0.0023677045104770755,False,False,1.0,80.3335,76.19383333333333,True,False,False,0.5709049075769855,True,False,False,False
2017-11-07,NVDA,212.03,0.011448743023422248,False,False,1.0,200.2585,181.69616666666667,True,False,False,0.6255160054777431,True,False,False,False
2017-11-08,AAPL,176.24,0.008180310050912354,False,False,0.0,163.2015,159.6848333333333,True,False,False,0.6307785021314625,True,False,False,False
2017-11-08,AMZN,1132.88,0.0086451739273663,False,True,0.0,1043.8345000000002,993.3881666666667,True,False,False,0.44570703647717674,False,True,False,True
2017-11-08,BAC,26.79,-0.014348785871964753,True,False,1.0,27.094749999999998,25.360416666666666,True,False,True,0.640494903856179,True,False,True,False
2017-11-08,FB,179.56,-0.0038280166435505913,True,False,1.0,176.254,172.11233333333334,True,False,True,0.592888478657594,True,False,True,False
2017-11-08,GOOG,1039.85,0.006309697773218659,False,False,1.0,1002.3844999999999,957.8708333333333,True,False,False,0.5926886756644207,True,False,False,False
2017-11-08,GOOGL,1058.29,0.005606286642784397,False,False,1.0,1019.9594999999999,973.6649999999998,True,False,False,0.5893170633310882,True,False,False,False
2017-11-08,MSFT,84.56,0.0034413195680551567,False,False,1.0,80.7405,76.38283333333334,True,False,False,0.6263014480375685,True,False,False,False
2017-11-08,NVDA,209.16,-0.013535820402773235,False,False,1.0,201.1695,182.39916666666667,True,False,False,0.4795317547991065,False,False,False,False
2017-11-09,AAPL,175.88,-0.0020426690876078624,False,False,0.0,164.19549999999998,159.93366666666668,True,False,False,0.5928112621613664,True,False,False,False
2017-11-09,AMZN,1129.13,-0.0033101475884471654,False,False,0.0,1050.2445000000002,995.9040000000001,True,False,False,0.5268443844135101,False,False,False,False
2017-11-09,BAC,26.49,-0.011198208286674172,True,False,1.0,27.146749999999997,25.39875,True,False,True,0.7302386910543915,True,False,True,False
2017-11-09,FB,179.3,-0.0014479839607930423,True,False,1.0,176.5915,172.26733333333334,True,False,True,0.5952199886968343,True,False,True,False
2017-11-09,GOOG,1031.26,-0.008260806847141366,True,False,1.0,1004.5559999999999,959.6091666666667,True,False,True,0.5909158463205287,True,False,True,False
2017-11-09,GOOGL,1047.72,-0.009987810524525353,True,False,1.0,1022.0629999999999,975.3891666666666,True,False,True,0.5738222766650617,True,False,True,False
2017-11-09,MSFT,84.09,-0.005558183538315942,False,False,1.0,81.08900000000001,76.55683333333334,True,False,False,0.5436613176347755,False,False,False,False
2017-11-09,NVDA,205.32,-0.018359150889271425,True,False,1.0,201.88400000000001,183.06866666666667,True,False,True,0.6329531932777224,True,False,True,False
2017-11-10,AAPL,174.67,-0.006879690698203378,False,False,0.0,165.0795,160.21383333333333,True,False,False,0.586873370440683,True,False,False,False
2017-11-10,AMZN,1125.35,-0.0033477101839470835,False,False,0.0,1056.365,998.6503333333334,True,False,False,0.5380120115325089,False,False,False,False
2017-11-10,BAC,26.51,0.0007550018875048803,True,False,1.0,27.18075,25.446583333333333,True,False,True,0.6245149507720594,True,False,True,False
2017-11-10,FB,178.46,-0.0046848856664807315,True,False,1.0,176.82750000000001,172.45983333333334,True,False,True,0.5890525560951907,True,False,True,False
2017-11-10,GOOG,1028.07,-0.0030933033376646657,True,False,1.0,1006.4755000000001,961.5606666666666,True,False,True,0.5967460890234729,True,False,True,False
2017-11-10,GOOGL,1044.15,-0.0034073989233763813,True,False,1.0,1023.8770000000001,977.3306666666666,True,False,True,0.5967460890234729,True,False,True,False
2017-11-10,MSFT,83.87,-0.0026162444999405787,False,False,1.0,81.408,76.748,True,False,False,0.5595907842784402,True,False,False,False
2017-11-10,NVDA,216.14,0.052698227157607525,False,False,1.0,202.9615,183.97983333333332,True,False,False,0.6430132138882991,True,False,False,False
2017-11-13,AAPL,173.97,-0.004007557107688742,False,False,0.0,165.78400000000002,160.48833333333332,True,False,False,0.5967460890234729,True,False,False,False
2017-11-13,AMZN,1129.17,0.0033944994890480196,False,False,0.0,1062.5065,1001.4953333333334,True,False,False,0.5547995275982153,True,False,False,False
2017-11-13,BAC,26.4,-0.004149377593361092,True,False,1.0,27.188750000000006,25.492916666666662,True,False,True,0.6229263876325042,True,False,True,False
2017-11-13,FB,178.77,0.0017370839403787475,True,False,1.0,177.04000000000002,172.64916666666667,True,False,True,0.5967460890234729,True,False,True,False
2017-11-13,GOOG,1025.75,-0.0022566556751971723,True,False,1.0,1008.1630000000001,963.4786666666666,True,False,True,0.5821404245313953,True,False,True,False
2017-11-13,GOOGL,1041.2,-0.0028252645692669054,True,False,1.0,1025.4695000000002,979.2476666666666,True,False,True,0.5858147859107306,True,False,True,False
2017-11-13,MSFT,83.93,0.0007153928699177303,False,False,1.0,81.72200000000001,76.93866666666666,True,False,False,0.584614990621358,True,False,False,False
2017-11-13,NVDA,212.63,-0.01623947441473117,False,False,1.0,203.69650000000001,184.832,True,False,True,0.4767879864414473,False,False,False,False
2017-11-14,AAPL,171.34,-0.015117549002701569,False,False,0.0,166.3275,160.72383333333335,True,False,True,0.5436654037055161,False,False,False,False
2017-11-14,AMZN,1136.84,0.006792599874243743,False,False,0.0,1068.892,1004.5545000000001,True,False,False,0.5804214456345101,True,False,False,False
2017-11-14,BAC,26.24,-0.0060606060606061,True,False,1.0,27.190749999999998,25.540583333333334,True,False,True,0.6237248591699847,True,False,True,False
2017-11-14,FB,178.07,-0.003915645801868428,True,False,1.0,177.13799999999998,172.82066666666665,True,False,True,0.5919269742193852,True,False,True,False
2017-11-14,GOOG,1026.0,0.00024372410431383607,True,False,1.0,1009.854,965.4676666666668,True,False,True,0.559554680900654,True,False,True,False
2017-11-14,GOOGL,1041.64,0.0004225893200153763,True,False,1.0,1027.0015,981.2605000000001,True,False,True,0.5593269171506922,True,False,True,False
2017-11-14,MSFT,84.05,0.001429762897652731,False,False,1.0,82.045,77.137,True,False,False,0.6044851007463984,True,False,False,False
2017-11-14,NVDA,214.18,0.00728965809152049,True,False,1.0,204.518,185.74916666666664,True,False,True,0.6161171202791567,True,False,True,False
2017-11-15,AAPL,169.08,-0.013190148243258926,True,False,1.0,166.7935,160.87883333333332,True,False,True,0.5825818911266243,True,False,True,False
2017-11-15,AMZN,1126.69,-0.008928257274550377,False,False,0.0,1075.3765,1007.2176666666667,True,False,False,0.5774547984697673,True,False,False,False
2017-11-15,BAC,26.79,0.02096036585365857,True,False,1.0,27.20625,25.589916666666667,True,False,True,0.6375256401490841,True,False,True,False
2017-11-15,FB,177.95,-0.0006738922895490607,True,False,1.0,177.23399999999998,172.95916666666668,True,False,True,0.5950553193378303,True,False,True,False
2017-11-15,GOOG,1020.91,-0.004961013645224166,False,False,1.0,1011.259,967.0713333333333,True,False,True,0.5170713122338647,False,False,False,False
2017-11-15,GOOGL,1036.41,-0.005020928535770519,False,False,1.0,1028.185,982.8606666666667,True,False,True,0.5223608959283127,False,False,False,False
2017-11-15,MSFT,82.98,-0.012730517549077836,False,False,1.0,82.3135,77.30066666666667,True,False,True,0.510275918602993,False,False,False,False
2017-11-15,NVDA,209.98,-0.019609674105892316,False,False,1.0,205.138,186.53966666666668,True,False,True,0.5000174766734081,False,False,False,False
2017-11-16,AAPL,171.1,0.011947007333806381,True,False,1.0,167.54950000000002,161.06416666666667,True,False,True,0.5689960706268002,True,False,True,False
2017-11-16,AMZN,1137.29,0.009408089181584867,False,False,0.0,1082.9105000000002,1010.2058333333333,True,False,False,0.6069446457352717,True,False,False,False
2017-11-16,BAC,26.76,-0.0011198208286673506,True,False,1.0,27.215250000000005,25.639916666666668,True,False,True,0.592553811456662,True,False,True,False
2017-11-16,FB,179.59,0.009216071930317593,True,False,1.0,177.4855,173.1405,True,False,True,0.6101184566170781,True,False,True,False
2017-11-16,GOOG,1032.5,0.011352616783066205,True,False,1.0,1013.6614999999999,968.8296666666666,True,False,True,0.6049679705871714,True,False,True,False
2017-11-16,GOOGL,1048.47,0.011636321532983995,True,False,1.0,1030.5165000000002,984.6255,True,False,True,0.605177602038327,True,False,True,False
2017-11-16,MSFT,83.2,0.0026512412629549065,True,False,1.0,82.578,77.47533333333334,True,False,True,0.5875784415519526,True,False,True,False
2017-11-16,NVDA,211.61,0.007762644061339197,True,False,1.0,205.8285,187.30316666666664,True,False,True,0.6057905266946071,True,False,True,False
2017-11-17,AAPL,170.15,-0.005552308591466937,True,False,1.0,168.24450000000002,161.2455,True,False,True,0.5627059861824798,True,False,True,False
2017-11-17,AMZN,1129.88,-0.006515488573714534,False,False,0.0,1090.259,1013.1630000000001,True,False,True,0.5468083539667034,False,False,False,False
2017-11-17,BAC,26.62,-0.0052316890881913825,True,False,1.0,27.18775,25.686249999999998,True,False,True,0.58878310702926,True,False,True,False
2017-11-17,FB,179.0,-0.0032852608719862175,True,False,1.0,177.68649999999997,173.32816666666668,True,False,True,0.5739512975665444,True,False,True,False
2017-11-17,GOOG,1019.09,-0.012987893462469757,False,False,1.0,1015.2059999999999,970.4598333333334,True,False,True,0.4916901003230212,False,False,False,False
2017-11-17,GOOGL,1035.89,-0.011998435815998465,False,False,1.0,1032.0575000000001,986.2755,True,False,True,0.46488907293563586,False,False,False,False
2017-11-17,MSFT,82.4,-0.009615384615384581,False,False,1.0,82.7575,77.63716666666666,True,False,True,0.523586956821565,False,False,False,False
2017-11-17,NVDA,211.36,-0.0011814186475119781,True,False,1.0,206.55149999999998,188.07266666666666,True,False,True,0.5751582903455943,True,False,True,False
2017-11-20,AAPL,169.98,-0.0009991184249192875,True,False,1.0,168.935,161.41416666666663,True,False,True,0.5967460890234729,True,False,True,False
2017-11-20,AMZN,1126.31,-0.0031596275710696897,False,False,0.0,1098.2595,1016.1805,True,False,True,0.5308921374834776,False,False,False,False
2017-11-20,BAC,26.74,0.00450788880540931,True,False,1.0,27.16675,25.73575,True,False,True,0.5967460890234729,True,False,True,False
2017-11-20,FB,178.74,-0.0014525139664803843,True,False,1.0,178.06,173.53516666666667,True,False,True,0.5967460890234729,True,False,True,False
2017-11-20,GOOG,1018.38,-0.0006966999970562382,False,False,1.0,1017.7025000000001,972.168,True,False,True,0.49907379411739117,False,False,False,False
2017-11-20,GOOGL,1034.66,-0.0011873847609302768,False,False,1.0,1034.5135,988.0115000000001,True,False,True,0.5008205815902638,False,False,False,False
2017-11-20,MSFT,82.53,0.0015776699029126373,True,False,1.0,82.9425,77.799,True,False,True,0.5786477000799779,True,False,True,False
2017-11-20,NVDA,214.08,0.012869038607115746,True,False,1.0,207.4245,188.91049999999998,True,False,True,0.6197023152633913,True,False,True,False
2017-11-21,AAPL,173.14,0.018590422402635642,True,False,1.0,169.73700000000002,161.60866666666666,True,False,True,0.6044830996911649,True,False,True,False
2017-11-21,AMZN,1139.49,0.011701929308982395,False,False,0.0,1106.4389999999999,1019.405,True,False,False,0.6074036302315858,True,False,False,False
2017-11-21,BAC,26.73,-0.0003739715781599928,True,False,1.0,27.11925,25.785916666666665,True,False,True,0.5778610434602471,True,False,True,False
2017-11-21,FB,181.86,0.017455521987244094,True,False,1.0,178.56300000000002,173.77883333333332,True,False,True,0.6008140006502294,True,False,True,False
2017-11-21,GOOG,1034.49,0.015819242326047256,True,False,1.0,1020.9,974.1793333333333,True,False,True,0.5782128678371119,True,False,True,False
2017-11-21,GOOGL,1050.3,0.015116076778845189,True,False,1.0,1037.604,990.0476666666667,True,False,True,0.5749635326725299,True,False,True,False
2017-11-21,MSFT,83.72,0.014418999151823542,True,False,1.0,83.1855,77.98049999999999,True,False,True,0.6397044591694913,True,False,True,False
2017-11-21,NVDA,216.05,0.009202167414050777,True,False,1.0,208.29299999999998,189.76183333333336,True,False,True,0.6185610408947497,True,False,True,False
2017-11-22,AAPL,174.96,0.010511724615917872,True,False,1.0,170.6645,161.80949999999999,True,False,True,0.6074211481119346,True,False,True,False
2017-11-22,AMZN,1156.16,0.014629351727527329,False,False,0.0,1115.6015000000002,1022.7733333333333,True,False,False,0.5887446707159094,True,False,False,False
2017-11-22,BAC,26.66,-0.0026187803965581624,True,False,1.0,27.0705,25.83725,True,False,True,0.593635591365859,True,False,True,False
2017-11-22,FB,180.87,-0.005443747937974308,True,False,1.0,179.0765,173.99249999999998,True,False,True,0.5826988780840228,True,False,True,False
2017-11-22,GOOG,1035.96,0.0014209900530697261,False,False,1.0,1024.0314999999998,976.0905,True,False,True,0.5445403787727868,False,False,False,False
2017-11-22,GOOGL,1051.92,0.0015424164524422412,True,False,1.0,1040.627,991.9838333333333,True,False,True,0.560652126314315,True,False,True,False
2017-11-22,MSFT,83.11,-0.0072861920688007675,False,False,1.0,83.40950000000001,78.14816666666667,True,False,True,0.5337390557333892,False,False,False,False
2017-11-22,NVDA,214.93,-0.005183985188613738,True,False,1.0,209.3565,190.599,True,False,True,0.5735713361145379,True,False,True,False
2017-11-24,AAPL,174.97,5.71559213533579e-05,True,False,1.0,171.5425,162.0031666666667,True,False,True,0.5967460890234729,True,False,True,False
2017-11-24,AMZN,1186.0,0.02580957652920013,False,False,0.0,1126.2800000000002,1026.4135,True,False,False,0.601068248440874,True,False,False,False
2017-11-24,BAC,26.59,-0.0026256564141035055,True,False,1.0,27.013000000000005,25.882583333333333,True,False,True,0.5798372868474798,True,False,True,False
2017-11-24,FB,182.78,0.010560070769060736,True,False,1.0,179.68400000000003,174.20683333333332,True,False,True,0.6195251629495506,True,False,True,False
2017-11-24,GOOG,1040.61,0.0044885902930613675,True,False,1.0,1027.434,977.9411666666666,True,False,True,0.5938067703053199,True,False,True,False
2017-11-24,GOOGL,1056.52,0.00437295611833588,True,False,1.0,1043.882,993.8653333333333,True,False,True,0.570052428222095,True,False,True,False
2017-11-24,MSFT,83.26,0.0018048369630609962,True,False,1.0,83.6345,78.30233333333332,True,False,True,0.5967460890234729,True,False,True,False
2017-11-24,NVDA,216.96,0.009444935560414924,True,False,1.0,210.42,191.4536666666667,True,False,True,0.6209442226864692,True,False,True,False
2017-11-27,AAPL,174.09,-0.005029433617191548,True,False,1.0,172.0945,162.1713333333333,True,False,True,0.5818925492767102,True,False,True,False
2017-11-27,AMZN,1195.83,0.00828836424957835,False,False,0.0,1131.024,1030.0006666666666,True,False,False,0.5409200504100136,False,False,False,False
2017-11-27,BAC,26.59,0.0,True,False,1.0,26.952499999999997,25.927583333333335,True,False,True,0.5928137300382849,True,False,True,False
2017-11-27,FB,183.03,0.001367764525659343,True,False,1.0,179.9415,174.39116666666666,True,False,True,0.5948333501968038,True,False,True,False
2017-11-27,GOOG,1054.21,0.013069257454762173,True,False,1.0,1029.181,979.8558333333333,True,False,True,0.5699935319322849,True,False,True,False
2017-11-27,GOOGL,1072.01,0.014661341006322548,True,False,1.0,1045.7990000000002,995.8115,True,False,True,0.5704731401913697,True,False,True,False
2017-11-27,MSFT,83.87,0.007326447273600767,True,False,1.0,83.6375,78.454,True,False,True,0.61196142075247,True,False,True,False
2017-11-27,NVDA,214.14,-0.012997787610619538,False,False,1.0,211.03400000000002,192.19866666666667,True,False,True,0.5118142380135955,False,False,False,False
2017-11-28,AAPL,173.07,-0.005859038428399188,False,False,1.0,172.41199999999998,162.3216666666667,True,False,True,0.5337914927585142,False,False,False,False
2017-11-28,AMZN,1193.6,-0.0018648135604559801,False,False,0.0,1135.1615,1033.5898333333332,True,False,False,0.5519805344839886,True,False,False,False
2017-11-28,BAC,27.64,0.0394885295223768,True,False,1.0,26.954500000000003,25.986749999999997,True,False,True,0.6199920977471908,True,False,True,False
2017-11-28,FB,182.42,-0.0033327869748129846,True,False,1.0,180.06900000000002,174.56449999999998,True,False,True,0.5602983729550327,True,False,True,False
2017-11-28,GOOG,1047.41,-0.006450327733563466,False,False,1.0,1030.696,981.6903333333333,True,False,True,0.49411061175507504,False,False,False,False
2017-11-28,GOOGL,1063.29,-0.008134252478988135,False,False,1.0,1047.307,997.6665,True,False,True,0.4885344995663353,False,False,False,False
2017-11-28,MSFT,84.88,0.01204244664361509,True,False,1.0,83.687,78.63633333333333,True,False,True,0.5731747567397192,True,False,True,False
2017-11-28,NVDA,210.71,-0.01601755860651899,False,False,1.0,211.3775,192.8695,True,False,True,0.5233725529482695,False,False,False,False
2017-11-29,AAPL,169.48,-0.02074305194430004,True,False,1.0,172.434,162.44500000000002,True,False,True,0.6365133893447734,True,False,True,False
2017-11-29,AMZN,1161.27,-0.027086126005361866,True,False,1.0,1137.9609999999998,1036.8565,True,False,True,0.6411049839254088,True,False,True,False
2017-11-29,BAC,28.28,0.02315484804630974,False,False,1.0,26.999000000000002,26.069583333333334,True,False,False,0.5704415943743019,True,False,False,False
2017-11-29,FB,175.13,-0.03996272338559359,True,False,1.0,179.82250000000002,174.638,True,False,True,0.7634837741840386,True,False,True,False
2017-11-29,GOOG,1021.66,-0.024584451170029054,True,False,1.0,1030.9470000000001,983.2438333333334,True,False,True,0.7699892733994197,True,False,True,False
2017-11-29,GOOGL,1037.38,-0.024367764203556797,True,False,1.0,1047.524,999.2648333333333,True,False,True,0.7491014173314742,True,False,True,False
2017-11-29,MSFT,83.34,-0.01814326107445796,True,False,1.0,83.695,78.7985,True,False,True,0.6325901329106158,True,False,True,False
2017-11-29,NVDA,196.42,-0.06781832850837655,True,False,1.0,210.858,193.37800000000001,True,False,True,0.8335508729071596,True,False,True,False
2017-11-30,AAPL,171.85,0.01398395090866189,True,False,1.0,172.68200000000002,162.61066666666667,True,False,True,0.6361538748318495,True,False,True,False
2017-11-30,AMZN,1176.75,0.013330233279082337,True,False,1.0,1141.6145000000001,1040.339,True,False,True,0.5921028563202693,True,False,True,False
2017-11-30,BAC,28.17,-0.0038896746817538297,False,False,1.0,27.031,26.14891666666667,True,False,True,0.5012083842878222,False,False,False,False
2017-11-30,FB,177.18,0.011705590133044064,True,False,1.0,179.5485,174.72283333333334,True,False,True,0.6253561250082702,True,False,True,False
2017-11-30,GOOG,1021.41,-0.0002446998022825886,True,False,1.0,1030.7425,984.8038333333334,True,False,True,0.6129541430293651,True,False,True,False
2017-11-30,GOOGL,1036.17,-0.0011663999691531313,True,False,1.0,1047.2025,1000.8340000000001,True,False,True,0.6449326825719105,True,False,True,False
2017-11-30,MSFT,84.17,0.00995920326373878,True,False,1.0,83.7445,78.97800000000001,True,False,True,0.5862786517405442,True,False,True,False
2017-11-30,NVDA,200.71,0.021840953059770074,True,False,1.0,210.5335,193.95966666666666,True,False,True,0.6570904088456967,True,False,True,False
2017-12-01,AAPL,171.05,-0.004655222577829354,True,False,1.0,172.829,162.77383333333333,True,False,True,0.6111342670091942,True,False,True,False
2017-12-01,AMZN,1162.35,-0.012237093690248613,False,False,1.0,1145.0210000000002,1043.387,True,False,True,0.48766338168124235,False,False,False,False
2017-12-01,BAC,28.1,-0.002484913028043989,False,False,1.0,27.0425,26.234416666666668,True,False,True,0.5075614310410487,False,False,False,False
2017-12-01,FB,175.1,-0.011739473981262072,True,False,1.0,179.35750000000002,174.75433333333334,True,False,True,0.6977928752082688,True,False,True,False
2017-12-01,GOOG,1010.17,-0.011004395884120943,True,False,1.0,1029.972,986.0408333333332,True,False,True,0.7229686785845917,True,False,True,False
2017-12-01,GOOGL,1025.07,-0.010712527867049015,True,False,1.0,1046.3075000000001,1002.087,True,False,True,0.6933532969067238,True,False,True,False
2017-12-01,MSFT,84.26,0.001069264583580809,False,False,1.0,83.75500000000001,79.14333333333335,True,False,True,0.5397782485760106,False,False,False,False
2017-12-01,NVDA,197.68,-0.015096407752478669,True,False,1.0,210.1205,194.478,True,False,True,0.7713028545000716,True,False,True,False
2017-12-04,AAPL,169.8,-0.007307804735457446,True,False,1.0,172.69400000000002,162.95999999999998,True,False,True,0.6170486856078173,True,False,True,False
2017-12-04,AMZN,1133.95,-0.02443326020561787,True,False,1.0,1146.1384999999998,1046.1878333333334,True,False,True,0.6922042767513371,True,False,True,False
2017-12-04,BAC,29.06,0.03416370106761546,False,False,1.0,27.104499999999994,26.337249999999997,True,False,False,0.5734023292132987,True,False,False,False
2017-12-04,FB,171.47,-0.02073101085094231,True,False,1.0,178.985,174.763,True,False,True,0.7599433919173566,True,False,True,False
2017-12-04,GOOG,998.68,-0.011374323133729991,True,False,1.0,1028.282,987.2438333333333,True,False,True,0.7655545585963873,True,False,True,False
2017-12-04,GOOGL,1011.87,-0.012877169364043373,True,False,1.0,1044.4015,1003.2613333333334,True,False,True,0.7558918337603915,True,False,True,False
2017-12-04,MSFT,81.08,-0.03774032755755996,True,False,1.0,83.602,79.26166666666667,True,False,True,0.7729532522027264,True,False,True,False
2017-12-04,NVDA,186.66,-0.05574666127074068,True,False,1.0,209.019,194.86083333333332,True,False,True,0.8380991895916381,True,False,True,False
2017-12-05,AAPL,169.64,-0.0009422850412250661,True,False,1.0,172.4635,163.09566666666666,True,False,True,0.579494569475812,True,False,True,False
2017-12-05,AMZN,1141.57,0.006719873010273769,False,False,1.0,1147.184,1048.9146666666668,True,False,True,0.5130761883550354,False,False,False,False
2017-12-05,BAC,28.93,-0.004473503097040532,False,False,1.0,27.1635,26.430083333333336,True,False,False,0.5037645735601063,False,False,False,False
2017-12-05,FB,172.83,0.007931416574328054,True,False,1.0,178.618,174.75166666666667,True,False,True,0.6968037809474373,True,False,True,False
2017-12-05,GOOG,1005.15,0.006478551688228418,True,False,1.0,1027.2445,988.5116666666667,True,False,True,0.6659723673316382,True,False,True,False
2017-12-05,GOOGL,1019.6,0.007639321256683207,True,False,1.0,1043.2475,1004.5331666666666,True,False,True,0.5952468794190683,True,False,True,False
2017-12-05,MSFT,81.59,0.006290083867785068,True,False,1.0,83.458,79.37550000000002,True,False,True,0.6609060989377795,True,False,True,False
2017-12-05,NVDA,187.74,0.005785920925747368,True,False,1.0,207.9245,195.17316666666665,True,False,True,0.8180889034997518,True,False,True,False
2017-12-06,AAPL,169.01,-0.0037137467578400862,True,False,1.0,172.17350000000002,163.2315,True,False,True,0.5629652683317675,True,False,True,False
2017-12-06,AMZN,1152.35,0.009443135331166808,False,True,0.0,1148.643,1051.7441666666666,True,False,True,0.43376496442381135,False,True,False,True
2017-12-06,BAC,28.64,-0.010024196335983393,False,False,1.0,27.2365,26.50825,True,False,True,0.5243396431936052,False,False,False,False
2017-12-06,FB,176.06,0.018688885031533875,True,False,1.0,178.4085,174.80333333333334,True,False,True,0.5916734584700202,True,False,True,False
2017-12-06,GOOG,1018.38,0.013162214594836685,False,False,1.0,1026.4969999999998,989.9501666666666,True,False,True,0.4982118603589189,False,False,False,False
2017-12-06,GOOGL,1032.72,0.012867791290702257,False,False,1.0,1042.264,1005.9676666666668,True,False,True,0.49429551947157463,False,False,False,False
2017-12-06,MSFT,82.78,0.01458512072557916,True,False,1.0,83.3835,79.51050000000001,True,False,True,0.6197024957296392,True,False,True,False
2017-12-06,NVDA,189.26,0.008096303398316795,True,False,1.0,206.786,195.5006666666667,True,False,True,0.5807492419554801,True,False,True,False
2017-12-07,AAPL,169.32,0.0018342109934323947,True,False,1.0,171.8275,163.39266666666666,True,False,True,0.5554583102458307,True,False,True,False
2017-12-07,AMZN,1159.79,0.006456371762051605,False,True,0.0,1149.9885,1054.414,True,False,True,0.43966659007955955,False,True,False,True
2017-12-07,BAC,28.78,0.004888268156424624,True,False,1.0,27.336000000000002,26.58241666666667,True,False,True,0.5786128631872433,True,False,True,False
2017-12-07,FB,180.14,0.0231739179825059,True,False,1.0,178.4375,174.92149999999998,True,False,True,0.594555622652251,True,False,True,False
2017-12-07,GOOG,1030.93,0.012323494177026273,False,False,1.0,1026.051,991.5475,True,False,True,0.5378851073242061,False,False,False,False
2017-12-07,GOOGL,1044.57,0.01147455263769448,False,False,1.0,1041.578,1007.5365,True,False,True,0.5228545848882511,False,False,False,False
2017-12-07,MSFT,82.49,-0.003503261657405221,True,False,1.0,83.28,79.63183333333333,True,False,True,0.5827301853688207,True,False,True,False
2017-12-07,NVDA,191.99,0.014424601077882349,True,False,1.0,205.9275,195.861,True,False,True,0.5530824882099308,True,False,True,False
2017-12-08,AAPL,169.37,0.00029529884242851523,True,False,1.0,171.502,163.5775,True,False,True,0.5726752612416425,True,False,True,False
2017-12-08,AMZN,1162.0,0.0019055173781461487,False,True,0.0,1151.632,1057.2438333333334,True,False,True,0.4391028955969277,False,True,False,True
2017-12-08,BAC,29.05,0.00938151494093109,False,False,1.0,27.464000000000006,26.662583333333334,True,False,False,0.6222657577461207,True,False,False,False
2017-12-08,FB,179.0,-0.006328411235705489,False,False,1.0,178.42249999999999,175.0555,True,False,True,0.5207106271692536,False,False,False,False
2017-12-08,GOOG,1037.05,0.005936387533586052,False,False,1.0,1026.3404999999998,993.4131666666667,True,False,True,0.5092234776956543,False,False,False,False
2017-12-08,GOOGL,1049.38,0.004604765597327365,False,False,1.0,1041.661,1009.3573333333334,True,False,True,0.5131328130501822,False,False,False,False
2017-12-08,MSFT,84.16,0.020244878167050562,True,False,1.0,83.28349999999999,79.78833333333333,True,False,True,0.5941381553580938,True,False,True,False
2017-12-08,NVDA,191.49,-0.002604302307411821,True,False,1.0,205.23600000000002,196.22916666666666,True,False,True,0.600306506159824,True,False,True,False
2017-12-11,AAPL,172.67,0.0194839700064946,True,False,1.0,171.402,163.79066666666665,True,False,True,0.6047550472881259,True,False,True,False
2017-12-11,AMZN,1168.92,0.005955249569707499,False,True,0.0,1153.8105,1060.2793333333334,True,False,True,0.4215896282056375,False,True,False,True
2017-12-11,BAC,28.94,-0.0037865748709121627,True,False,1.0,27.585500000000003,26.738583333333334,True,False,True,0.575783265729304,True,False,True,False
2017-12-11,FB,179.04,0.00022346368715076004,True,False,1.0,178.45149999999998,175.17883333333333,True,False,True,0.5838621256417194,True,False,True,False
2017-12-11,GOOG,1041.1,0.003905308326503043,True,False,1.0,1026.992,995.4266666666666,True,False,True,0.564297879656978,True,False,True,False
2017-12-11,GOOGL,1051.97,0.0024681240351445144,True,False,1.0,1042.0520000000001,1011.302,True,False,True,0.5791916462730464,True,False,True,False
2017-12-11,MSFT,85.23,0.01271387832699622,True,False,1.0,83.3515,79.95366666666668,True,False,True,0.5677884456439267,True,False,True,False
2017-12-11,NVDA,194.66,0.016554389263146785,True,False,1.0,204.162,196.47166666666666,True,False,True,0.5815773099795758,True,False,True,False
2017-12-12,AAPL,171.7,-0.0056176521688769965,True,False,1.0,171.2885,164.0078333333333,True,False,True,0.5848137482445255,True,False,True,False
2017-12-12,AMZN,1165.08,-0.003285083666974775,False,True,0.0,1155.6060000000002,1063.4608333333333,True,False,True,0.42807933545797267,False,True,False,True
2017-12-12,BAC,29.32,0.01313061506565294,False,False,1.0,27.7315,26.815583333333333,True,False,False,0.637233839495743,True,False,False,False
2017-12-12,FB,176.96,-0.011617515638963294,False,False,1.0,178.361,175.29466666666667,True,False,True,0.544504720701113,False,False,False,False
2017-12-12,GOOG,1040.48,-0.000595523965036926,True,False,1.0,1027.7285,997.518,True,False,True,0.5747269433852612,True,False,True,False
2017-12-12,GOOGL,1048.77,-0.003041911841592526,False,False,1.0,1042.4305,1013.2856666666668,True,False,True,0.4954200927976633,False,False,False,False
2017-12-12,MSFT,85.58,0.004106535257538457,True,False,1.0,83.434,80.12733333333334,True,False,True,0.5567567953109896,True,False,True,False
2017-12-12,NVDA,190.84,-0.019623959724648032,True,False,1.0,203.0725,196.5265,True,False,True,0.6096985456213243,True,False,True,False
2017-12-13,AAPL,172.27,0.00331974373907995,True,False,1.0,171.335,164.2335,True,False,True,0.5962310938712072,True,False,True,False
2017-12-13,AMZN,1164.13,-0.0008153946510108812,False,True,0.0,1156.9705,1066.6986666666667,True,False,True,0.4405273577586588,False,True,False,True
2017-12-13,BAC,28.84,-0.016371077762619368,False,False,1.0,27.8615,26.881916666666665,True,False,True,0.4907872620597563,False,False,False,False
2017-12-13,FB,178.3,0.0075723327305605714,True,False,1.0,178.3725,175.39100000000002,True,False,True,0.5967460890234729,True,False,True,False
2017-12-13,GOOG,1040.61,0.00012494233430704327,True,False,1.0,1028.459,999.498,True,False,True,0.5921083041477421,True,False,True,False
2017-12-13,GOOGL,1051.39,0.0024981645165289557,True,False,1.0,1042.9180000000001,1015.1945000000001,True,False,True,0.586385207044831,True,False,True,False
2017-12-13,MSFT,85.35,-0.0026875438186492184,True,False,1.0,83.499,80.2925,True,False,True,0.571688196303555,True,False,True,False
2017-12-13,NVDA,186.18,-0.02441836093062244,True,False,1.0,201.6725,196.507,True,False,True,0.665927131591942,True,False,True,False
2017-12-14,AAPL,172.22,-0.00029024206187966417,True,False,1.0,171.492,164.50266666666667,True,False,True,0.5967460890234729,True,False,True,False
2017-12-14,AMZN,1174.26,0.008701777292913881,False,False,0.0,1159.349,1070.0495,True,False,True,0.49781039707145897,False,False,False,False
2017-12-14,BAC,28.73,-0.0038141470180305115,True,False,1.0,27.958499999999997,26.943083333333334,True,False,True,0.5738417211830994,True,False,True,False
2017-12-14,FB,178.39,0.0005047672462141772,True,False,1.0,178.3945,175.49466666666666,True,False,True,0.5854930853332657,True,False,True,False
2017-12-14,GOOG,1049.15,0.00820672490174057,True,False,1.0,1029.8709999999999,1001.4575,True,False,True,0.6127324156359922,True,False,True,False
2017-12-14,GOOGL,1057.47,0.005782820837177294,True,False,1.0,1043.971,1017.0266666666666,True,False,True,0.5923251394033393,True,False,True,False
2017-12-14,MSFT,84.69,-0.007732864674868112,True,False,1.0,83.5845,80.455,True,False,True,0.557502882121071,True,False,True,False
2017-12-14,NVDA,186.47,0.0015576323987538387,True,False,1.0,200.497,196.51749999999998,True,False,True,0.5970202601732095,True,False,True,False
2017-12-15,AAPL,173.97,0.010161421437695939,True,False,1.0,171.6355,164.84566666666666,True,False,True,0.5523581376636822,True,False,True,False
2017-12-15,AMZN,1179.14,0.004155808764668922,False,False,0.0,1161.4415,1073.6243333333334,True,False,True,0.5245555762984978,False,False,False,False
2017-12-15,BAC,29.04,0.010790114862512912,True,False,1.0,28.0725,27.007749999999998,True,False,True,0.6078501900415338,True,False,True,False
2017-12-15,FB,180.18,0.01003419474185785,True,False,1.0,178.42400000000004,175.64583333333334,True,False,True,0.5889461597088799,True,False,True,False
2017-12-15,GOOG,1064.19,0.014335414383072065,True,False,1.0,1031.4555,1003.6531666666667,True,False,True,0.6074512793623907,True,False,True,False
2017-12-15,GOOGL,1072.0,0.013740342515626836,True,False,1.0,1045.1474999999998,1019.1008333333333,True,False,True,0.6033634105692656,True,False,True,False
2017-12-15,MSFT,86.85,0.025504782146652527,True,False,1.0,83.767,80.66566666666668,True,False,True,0.6142233491673363,True,False,True,False
2017-12-15,NVDA,191.56,0.027296616077653324,False,False,1.0,199.4945,196.69750000000002,True,False,True,0.5441014979202624,False,False,False,False
2017-12-18,AAPL,176.42,0.014082887854227621,True,False,1.0,171.949,165.25449999999998,True,False,True,0.6114718550746056,True,False,True,False
2017-12-18,AMZN,1190.58,0.009701986193327183,True,False,1.0,1164.4765000000002,1077.549,True,False,True,0.5570235811880243,True,False,True,False
2017-12-18,BAC,29.48,0.015151515151515138,True,False,1.0,28.2155,27.082083333333333,True,False,True,0.6160988257400923,True,False,True,False
2017-12-18,FB,180.82,0.0035520035520035798,True,False,1.0,178.51500000000001,175.81716666666668,True,False,True,0.5914711810404325,True,False,True,False
2017-12-18,GOOG,1077.14,0.012168879617361572,False,False,1.0,1034.358,1006.1299999999999,True,False,False,0.601855801243423,True,False,False,False
2017-12-18,GOOGL,1085.09,0.012210820895522279,True,False,1.0,1047.6074999999998,1021.4646666666667,True,False,True,0.6004712324587784,True,False,True,False
2017-12-18,MSFT,86.38,-0.005411629245826166,True,False,1.0,83.96600000000001,80.86516666666668,True,False,True,0.5676499995915549,True,False,True,False
2017-12-18,NVDA,197.9,0.033096679891417846,False,False,1.0,198.8215,197.0125,True,False,True,0.4911408347016366,False,False,False,False
2017-12-19,AAPL,174.54,-0.010656388164607122,False,False,1.0,172.177,165.65433333333334,True,False,True,0.5357153452123008,False,False,False,False
2017-12-19,AMZN,1187.38,-0.0026877656268371464,False,False,1.0,1167.53,1081.6755,True,False,True,0.5493030294702677,False,False,False,False
2017-12-19,BAC,29.45,-0.0010176390773406485,True,False,1.0,28.351,27.16025,True,False,True,0.5739825929940375,True,False,True,False
2017-12-19,FB,179.51,-0.0072447738082070945,True,False,1.0,178.5535,176.0945,True,False,True,0.5651996567561712,True,False,True,False
2017-12-19,GOOG,1070.68,-0.005997363388231869,True,False,1.0,1036.973,1008.6251666666667,True,False,True,0.5967460890234729,True,False,True,False
2017-12-19,GOOGL,1079.78,-0.004893603295579085,True,False,1.0,1049.8635,1023.8896666666666,True,False,True,0.5967460890234729,True,False,True,False
2017-12-19,MSFT,85.83,-0.0063672146330168156,True,False,1.0,84.131,81.07466666666667,True,False,True,0.5548688748002281,True,False,True,False
2017-12-19,NVDA,196.11,-0.009044972208185897,True,False,1.0,197.923,197.431,True,False,True,0.5583273129513668,True,False,True,False
2017-12-20,AAPL,174.35,-0.0010885756846568118,True,False,1.0,172.2375,166.00783333333337,True,False,True,0.5967460890234729,True,False,True,False
2017-12-20,AMZN,1177.62,-0.008219777998618949,False,False,1.0,1169.4365000000003,1085.6591666666668,True,False,True,0.5307571578726428,False,False,False,False
2017-12-20,BAC,29.48,0.0010186757215620013,True,False,1.0,28.4885,27.238083333333336,True,False,True,0.5609762463794363,True,False,True,False
2017-12-20,FB,177.89,-0.009024566876497109,True,False,1.0,178.355,176.32250000000002,True,False,True,0.5808834314665041,True,False,True,False
2017-12-20,GOOG,1064.95,-0.005351739081705054,True,False,1.0,1038.496,1010.9600000000002,True,False,True,0.5961768797323199,True,False,True,False
2017-12-20,GOOGL,1073.56,-0.005760432680731231,True,False,1.0,1051.0265,1026.1585,True,False,True,0.5907325623615843,True,False,True,False
2017-12-20,MSFT,85.52,-0.003611790749155297,True,False,1.0,84.221,81.279,True,False,True,0.5652583238676125,True,False,True,False
2017-12-20,NVDA,196.8,0.0035184335322013816,False,True,0.0,196.9605,197.845,False,True,True,0.5967460890234729,True,False,False,True
2017-12-21,AAPL,175.01,0.003785488958990557,True,False,1.0,172.23999999999998,166.35416666666666,True,False,True,0.5967460890234729,True,False,True,False
2017-12-21,AMZN,1174.76,-0.0024286272311950796,False,False,1.0,1170.3664999999999,1089.3906666666667,True,False,True,0.5404892344874858,False,False,False,False
2017-12-21,BAC,29.82,0.011533242876526462,False,False,1.0,28.646499999999996,27.31158333333333,True,False,False,0.6110631233250926,True,False,False,False
2017-12-21,FB,177.45,-0.0024734386418573395,True,False,1.0,178.184,176.48533333333336,True,False,True,0.5938343392643005,True,False,True,False
2017-12-21,GOOG,1063.63,-0.001239494811962949,True,False,1.0,1039.8795,1012.9456666666666,True,False,True,0.5956708897693007,True,False,True,False
2017-12-21,GOOGL,1070.85,-0.0025243116360520457,True,False,1.0,1051.9730000000002,1028.0076666666669,True,False,True,0.5967460890234729,True,False,True,False
2017-12-21,MSFT,85.5,-0.0002338634237605275,True,False,1.0,84.34049999999999,81.47316666666667,True,False,True,0.5967460890234729,True,False,True,False
2017-12-21,NVDA,195.89,-0.004623983739837523,False,True,0.0,196.0085,198.18099999999998,False,True,True,0.5573574218089293,True,False,False,True
2017-12-22,AAPL,175.01,0.0,True,False,1.0,172.24200000000002,166.71633333333332,True,False,True,0.5967460890234729,True,False,True,False
2017-12-22,AMZN,1168.36,-0.005447921277537571,False,False,1.0,1169.4845,1092.9233333333332,True,False,True,0.5183772310008298,False,False,False,False
2017-12-22,BAC,29.88,0.002012072434607548,False,False,1.0,28.810999999999996,27.385416666666668,True,False,False,0.5983425165140843,True,False,False,False
2017-12-22,FB,177.2,-0.0014088475626937713,True,False,1.0,177.905,176.6265,True,False,True,0.5943845131648704,True,False,True,False
2017-12-22,GOOG,1060.12,-0.0033000197437080825,True,False,1.0,1040.855,1014.7893333333334,True,False,True,0.5806458449046443,True,False,True,False
2017-12-22,GOOGL,1068.86,-0.0018583368352244056,True,False,1.0,1052.5900000000001,1029.7418333333333,True,False,True,0.5762379480609683,True,False,True,False
2017-12-22,MSFT,85.51,0.00011695906432751535,True,False,1.0,84.453,81.66716666666666,True,False,True,0.5967460890234729,True,False,True,False
2017-12-22,NVDA,195.27,-0.0031650416049823216,False,True,0.0,194.924,198.50750000000002,False,True,True,0.5778306183185578,True,False,False,True
2017-12-26,AAPL,170.57,-0.025369978858350906,True,False,1.0,172.06599999999997,166.9905,True,False,True,0.6282788928398685,True,False,True,False
2017-12-26,AMZN,1176.76,0.007189564860145881,False,False,1.0,1168.531,1096.5135,True,False,True,0.549020580430808,False,False,False,False
2017-12-26,BAC,29.78,-0.0033467202141900243,True,False,1.0,28.970500000000005,27.459416666666666,True,False,True,0.5967460890234729,True,False,True,False
2017-12-26,FB,175.99,-0.006828442437923132,True,False,1.0,177.553,176.71183333333335,True,False,True,0.5926654143119138,True,False,True,False
2017-12-26,GOOG,1056.74,-0.0031883183035881224,True,False,1.0,1040.9815,1016.4164999999999,True,False,True,0.5877217950750667,True,False,True,False
2017-12-26,GOOGL,1065.85,-0.0028160844263982465,True,False,1.0,1052.282,1031.2773333333332,True,False,True,0.5872822446201063,True,False,True,False
2017-12-26,MSFT,85.4,-0.001286399251549497,True,False,1.0,84.52950000000001,81.84899999999999,True,False,True,0.5954813732799366,True,False,True,False
2017-12-26,NVDA,197.44,0.011112818149229264,False,True,0.0,194.089,198.81866666666667,False,True,True,0.5905788295248516,True,False,False,True
2017-12-27,AAPL,170.6,0.00017588087002406994,True,False,1.0,171.9425,167.27033333333333,True,False,True,0.5900179104817467,True,False,True,False
2017-12-27,AMZN,1182.26,0.0046738502328427245,False,False,1.0,1167.9640000000002,1100.2313333333334,True,False,True,0.5365290506131364,False,False,False,False
2017-12-27,BAC,29.73,-0.00167897918065818,True,False,1.0,29.075,27.527916666666666,True,False,True,0.5967460890234729,True,False,True,False
2017-12-27,FB,177.62,0.0092618898801069,True,False,1.0,177.313,176.84766666666667,True,False,True,0.5967460890234729,True,False,True,False
2017-12-27,GOOG,1049.37,-0.006974279387550464,True,False,1.0,1041.0795,1018.0181666666666,True,False,True,0.5593850417038557,True,False,True,False
2017-12-27,GOOGL,1060.2,-0.00530093352723171,True,False,1.0,1052.1275,1032.8228333333334,True,False,True,0.5868790594930056,True,False,True,False
2017-12-27,MSFT,85.71,0.0036299765807961126,True,False,1.0,84.571,82.034,True,False,True,0.5967460890234729,True,False,True,False
2017-12-27,NVDA,197.17,-0.0013675040518639214,False,True,0.0,193.41199999999998,199.12150000000003,False,True,True,0.584567067593595,True,False,False,True
2017-12-28,AAPL,171.08,0.0028135990621338536,True,False,1.0,172.0225,167.547,True,False,True,0.5967460890234729,True,False,True,False
2017-12-28,AMZN,1186.1,0.003248016510750462,True,False,1.0,1169.2055,1104.048,True,False,True,0.5772243752659164,True,False,True,False
2017-12-28,BAC,29.8,0.0023545240497813147,True,False,1.0,29.151,27.593583333333335,True,False,True,0.5991741435910224,True,False,True,False
2017-12-28,FB,177.92,0.001688998986600465,True,False,1.0,177.4525,176.98033333333333,True,False,True,0.5967460890234729,True,False,True,False
2017-12-28,GOOG,1048.14,-0.0011721318505386602,True,False,1.0,1042.4035,1019.524,True,False,True,0.5967460890234729,True,False,True,False
2017-12-28,GOOGL,1055.95,-0.004008677607998501,True,False,1.0,1053.056,1034.2206666666668,True,False,True,0.5967460890234729,True,False,True,False
2017-12-28,MSFT,85.72,0.0001166725002916813,True,False,1.0,84.69,82.225,True,False,True,0.5967460890234729,True,False,True,False
2017-12-28,NVDA,197.4,0.0011665060607597422,False,True,0.0,193.46099999999998,199.422,False,True,True,0.5885119839220492,True,False,False,True
2017-12-29,AAPL,169.23,-0.010813654430675834,True,False,1.0,171.8915,167.80949999999999,True,False,True,0.6421121541005955,True,False,True,False
2017-12-29,AMZN,1169.47,-0.014020740241126317,False,False,1.0,1168.8415,1107.4483333333333,True,False,True,0.4990466954282245,False,False,False,False
2017-12-29,BAC,29.52,-0.00939597315436247,True,False,1.0,29.2185,27.657083333333333,True,False,True,0.5811172097460988,True,False,True,False
2017-12-29,FB,176.46,-0.008205935251798468,True,False,1.0,177.41649999999998,177.11433333333335,True,False,True,0.5895130537183025,True,False,True,False
2017-12-29,GOOG,1046.4,-0.0016600835766215072,True,False,1.0,1043.6529999999998,1021.1026666666666,True,False,True,0.569304700998751,True,False,True,False
2017-12-29,GOOGL,1053.4,-0.002414887068516447,False,False,1.0,1053.9175,1035.6643333333334,True,False,True,0.545572529160025,False,False,False,False
2017-12-29,MSFT,85.54,-0.002099860009332599,True,False,1.0,84.7585,82.40583333333333,True,False,True,0.5823773157189795,True,False,True,False
2017-12-29,NVDA,193.5,-0.019756838905775065,False,True,0.0,193.10049999999998,199.63250000000002,False,True,True,0.6112126758600177,True,False,False,True
