date,strategy_ret,gross_ret,cost_ret,turnover,exposure,active_positions,universe_size,equity,drawdown
2013-02-08,0.0,0.0,0.0,0.0,0.0,0,11,1.0,0.0
2013-02-11,0.0,0.0,0.0,0.0,0.0,0,11,1.0,0.0
2013-02-12,0.0,0.0,0.0,0.0,0.0,0,11,1.0,0.0
2013-02-13,0.0,0.0,0.0,0.0,0.0,0,11,1.0,0.0
2013-02-14,0.0,0.0,0.0,0.0,0.0,0,11,1.0,0.0
2013-02-15,0.0,0.0,0.0,0.0,0.0,0,11,1.0,0.0
2013-02-19,0.0,0.0,0.0,0.0,0.0,0,11,1.0,0.0
2013-02-20,0.0,0.0,0.0,0.0,0.0,0,11,1.0,0.0
2013-02-21,0.0,0.0,0.0,0.0,0.0,0,11,1.0,0.0
2013-02-22,0.0,0.0,0.0,0.0,0.0,0,11,1.0,0.0
2013-02-25,0.0,0.0,0.0,0.0,0.0,0,11,1.0,0.0
2013-02-26,0.0,0.0,0.0,0.0,0.0,0,11,1.0,0.0
2013-02-27,0.0,0.0,0.0,0.0,0.0,0,11,1.0,0.0
2013-02-28,0.0,0.0,0.0,0.0,0.0,0,11,1.0,0.0
2013-03-01,0.0,0.0,0.0,0.0,0.0,0,11,1.0,0.0
2013-03-04,0.0,0.0,0.0,0.0,0.0,0,11,1.0,0.0
2013-03-05,0.0,0.0,0.0,0.0,0.0,0,11,1.0,0.0
2013-03-06,0.0,0.0,0.0,0.0,0.0,0,11,1.0,0.0
2013-03-07,0.0,0.0,0.0,0.0,0.0,0,11,1.0,0.0
2013-03-08,0.0,0.0,0.0,0.0,0.0,0,11,1.0,0.0
2013-03-11,0.0,0.0,0.0,0.0,0.0,0,11,1.0,0.0
2013-03-12,0.0,0.0,0.0,0.0,0.0,0,11,1.0,0.0
2013-03-13,0.0,0.0,0.0,0.0,0.0,0,11,1.0,0.0
2013-03-14,0.0,0.0,0.0,0.0,0.0,0,11,1.0,0.0
2013-03-15,0.0,0.0,0.0,0.0,0.0,0,11,1.0,0.0
2013-03-18,0.0,0.0,0.0,0.0,0.0,0,11,1.0,0.0
2013-03-19,0.0,0.0,0.0,0.0,0.0,0,11,1.0,0.0
2013-03-20,0.0,0.0,0.0,0.0,0.0,0,11,1.0,0.0
2013-03-21,0.0,0.0,0.0,0.0,0.0,0,11,1.0,0.0
2013-03-22,0.0,0.0,0.0,0.0,0.0,0,11,1.0,0.0
2013-03-25,0.0,0.0,0.0,0.0,0.0,0,11,1.0,0.0
2013-03-26,0.0,0.0,0.0,0.0,0.0,0,11,1.0,0.0
2013-03-27,0.0,0.0,0.0,0.0,0.0,0,11,1.0,0.0
2013-03-28,0.0,0.0,0.0,0.0,0.0,0,11,1.0,0.0
2013-04-01,0.0,0.0,0.0,0.0,0.0,0,11,1.0,0.0
2013-04-02,0.0,0.0,0.0,0.0,0.0,0,11,1.0,0.0
2013-04-03,0.0,0.0,0.0,0.0,0.0,0,11,1.0,0.0
2013-04-04,0.0,0.0,0.0,0.0,0.0,0,11,1.0,0.0
2013-04-05,0.0,0.0,0.0,0.0,0.0,0,11,1.0,0.0
2013-04-08,0.0,0.0,0.0,0.0,0.0,0,11,1.0,0.0
2013-04-09,0.0,0.0,0.0,0.0,0.0,0,11,1.0,0.0
2013-04-10,0.0,0.0,0.0,0.0,0.0,0,11,1.0,0.0
2013-04-11,0.0,0.0,0.0,0.0,0.0,0,11,1.0,0.0
2013-04-12,0.0,0.0,0.0,0.0,0.0,0,11,1.0,0.0
2013-04-15,0.0,0.0,0.0,0.0,0.0,0,11,1.0,0.0
2013-04-16,0.0,0.0,0.0,0.0,0.0,0,11,1.0,0.0
2013-04-17,0.0,0.0,0.0,0.0,0.0,0,11,1.0,0.0
2013-04-18,0.0,0.0,0.0,0.0,0.0,0,11,1.0,0.0
2013-04-19,0.0,0.0,0.0,0.0,0.0,0,11,1.0,0.0
2013-04-22,0.0,0.0,0.0,0.0,0.0,0,11,1.0,0.0
2013-04-23,0.0,0.0,0.0,0.0,0.0,0,11,1.0,0.0
2013-04-24,0.0,0.0,0.0,0.0,0.0,0,11,1.0,0.0
2013-04-25,0.0,0.0,0.0,0.0,0.0,0,11,1.0,0.0
2013-04-26,0.0,0.0,0.0,0.0,0.0,0,11,1.0,0.0
2013-04-29,0.0,0.0,0.0,0.0,0.0,0,11,1.0,0.0
2013-04-30,0.0,0.0,0.0,0.0,0.0,0,11,1.0,0.0
2013-05-01,0.0,0.0,0.0,0.0,0.0,0,11,1.0,0.0
2013-05-02,0.0,0.0,0.0,0.0,0.0,0,11,1.0,0.0
2013-05-03,0.0,0.0,0.0,0.0,0.0,0,11,1.0,0.0
2013-05-06,0.0,0.0,0.0,0.0,0.0,0,11,1.0,0.0
2013-05-07,0.0,0.0,0.0,0.0,0.0,0,11,1.0,0.0
2013-05-08,0.0,0.0,0.0,0.0,0.0,0,11,1.0,0.0
2013-05-09,0.0,0.0,0.0,0.0,0.0,0,11,1.0,0.0
2013-05-10,0.0,0.0,0.0,0.0,0.0,0,11,1.0,0.0
2013-05-13,0.0,0.0,0.0,0.0,0.0,0,11,1.0,0.0
2013-05-14,0.0,0.0,0.0,0.0,0.0,0,11,1.0,0.0
2013-05-15,0.0,0.0,0.0,0.0,0.0,0,11,1.0,0.0
2013-05-16,0.0,0.0,0.0,0.0,0.0,0,11,1.0,0.0
2013-05-17,0.0,0.0,0.0,0.0,0.0,0,11,1.0,0.0
2013-05-20,0.0,0.0,0.0,0.0,0.0,0,11,1.0,0.0
2013-05-21,0.0,0.0,0.0,0.0,0.0,0,11,1.0,0.0
2013-05-22,0.0,0.0,0.0,0.0,0.0,0,11,1.0,0.0
2013-05-23,0.0,0.0,0.0,0.0,0.0,0,11,1.0,0.0
2013-05-24,0.0,0.0,0.0,0.0,0.0,0,11,1.0,0.0
2013-05-28,0.0,0.0,0.0,0.0,0.0,0,11,1.0,0.0
2013-05-29,0.0,0.0,0.0,0.0,0.0,0,11,1.0,0.0
2013-05-30,0.0,0.0,0.0,0.0,0.0,0,11,1.0,0.0
2013-05-31,0.0,0.0,0.0,0.0,0.0,0,11,1.0,0.0
2013-06-03,0.0,0.0,0.0,0.0,0.0,0,11,1.0,0.0
2013-06-04,0.0,0.0,0.0,0.0,0.0,0,11,1.0,0.0
2013-06-05,0.0,0.0,0.0,0.0,0.0,0,11,1.0,0.0
2013-06-06,0.0,0.0,0.0,0.0,0.0,0,11,1.0,0.0
2013-06-07,0.0,0.0,0.0,0.0,0.0,0,11,1.0,0.0
2013-06-10,0.0,0.0,0.0,0.0,0.0,0,11,1.0,0.0
2013-06-11,0.0,0.0,0.0,0.0,0.0,0,11,1.0,0.0
2013-06-12,0.0,0.0,0.0,0.0,0.0,0,11,1.0,0.0
2013-06-13,0.0,0.0,0.0,0.0,0.0,0,11,1.0,0.0
2013-06-14,0.0,0.0,0.0,0.0,0.0,0,11,1.0,0.0
2013-06-17,0.0,0.0,0.0,0.0,0.0,0,11,1.0,0.0
2013-06-18,0.0,0.0,0.0,0.0,0.0,0,11,1.0,0.0
2013-06-19,0.0,0.0,0.0,0.0,0.0,0,11,1.0,0.0
2013-06-20,0.0,0.0,0.0,0.0,0.0,0,11,1.0,0.0
2013-06-21,0.0,0.0,0.0,0.0,0.0,0,11,1.0,0.0
2013-06-24,0.0,0.0,0.0,0.0,0.0,0,11,1.0,0.0
2013-06-25,0.0,0.0,0.0,0.0,0.0,0,11,1.0,0.0
2013-06-26,0.0,0.0,0.0,0.0,0.0,0,11,1.0,0.0
2013-06-27,0.0,0.0,0.0,0.0,0.0,0,11,1.0,0.0
2013-06-28,0.0,0.0,0.0,0.0,0.0,0,11,1.0,0.0
2013-07-01,0.0,0.0,0.0,0.0,0.0,0,11,1.0,0.0
2013-07-02,0.0,0.0,0.0,0.0,0.0,0,11,1.0,0.0
2013-07-03,0.0,0.0,0.0,0.0,0.0,0,11,1.0,0.0
2013-07-05,0.0,0.0,0.0,0.0,0.0,0,11,1.0,0.0
2013-07-08,0.0,0.0,0.0,0.0,0.0,0,11,1.0,0.0
2013-07-09,0.0,0.0,0.0,0.0,0.0,0,11,1.0,0.0
2013-07-10,0.0,0.0,0.0,0.0,0.0,0,11,1.0,0.0
2013-07-11,0.0,0.0,0.0,0.0,0.0,0,11,1.0,0.0
2013-07-12,0.0,0.0,0.0,0.0,0.0,0,11,1.0,0.0
2013-07-15,0.0,0.0,0.0,0.0,0.0,0,11,1.0,0.0
2013-07-16,0.0,0.0,0.0,0.0,0.0,0,11,1.0,0.0
2013-07-17,0.0,0.0,0.0,0.0,0.0,0,11,1.0,0.0
2013-07-18,0.0,0.0,0.0,0.0,0.0,0,11,1.0,0.0
2013-07-19,0.0,0.0,0.0,0.0,0.0,0,11,1.0,0.0
2013-07-22,0.0,0.0,0.0,0.0,0.0,0,11,1.0,0.0
2013-07-23,0.0,0.0,0.0,0.0,0.0,0,11,1.0,0.0
2013-07-24,0.0,0.0,0.0,0.0,0.0,0,11,1.0,0.0
2013-07-25,0.0,0.0,0.0,0.0,0.0,0,11,1.0,0.0
2013-07-26,0.0,0.0,0.0,0.0,0.0,0,11,1.0,0.0
2013-07-29,0.0,0.0,0.0,0.0,0.0,0,11,1.0,0.0
2013-07-30,0.0,0.0,0.0,0.0,0.0,0,11,1.0,0.0
2013-07-31,0.0,0.0,0.0,0.0,0.0,0,11,1.0,0.0
2013-08-01,0.0,0.0,0.0,0.0,0.0,0,11,1.0,0.0
2013-08-02,0.0,0.0,0.0,0.0,0.0,0,11,1.0,0.0
2013-08-05,0.0,0.0,0.0,0.0,0.0,0,11,1.0,0.0
2013-08-06,0.0,0.0,0.0,0.0,0.0,0,11,1.0,0.0
2013-08-07,0.0,0.0,0.0,0.0,0.0,0,11,1.0,0.0
2013-08-08,0.0,0.0,0.0,0.0,0.0,0,11,1.0,0.0
2013-08-09,0.0,0.0,0.0,0.0,0.0,0,11,1.0,0.0
2013-08-12,0.0,0.0,0.0,0.0,0.0,0,11,1.0,0.0
2013-08-13,0.0,0.0,0.0,0.0,0.0,0,11,1.0,0.0
2013-08-14,0.0,0.0,0.0,0.0,0.0,0,11,1.0,0.0
2013-08-15,0.0,0.0,0.0,0.0,0.0,0,11,1.0,0.0
2013-08-16,0.0,0.0,0.0,0.0,0.0,0,11,1.0,0.0
2013-08-19,0.0,0.0,0.0,0.0,0.0,0,11,1.0,0.0
2013-08-20,0.0,0.0,0.0,0.0,0.0,0,11,1.0,0.0
2013-08-21,0.0,0.0,0.0,0.0,0.0,0,11,1.0,0.0
2013-08-22,0.0,0.0,0.0,0.0,0.0,0,11,1.0,0.0
2013-08-23,0.0,0.0,0.0,0.0,0.0,0,11,1.0,0.0
2013-08-26,0.0,0.0,0.0,0.0,0.0,0,11,1.0,0.0
2013-08-27,0.0,0.0,0.0,0.0,0.0,0,11,1.0,0.0
2013-08-28,0.0,0.0,0.0,0.0,0.0,0,11,1.0,0.0
2013-08-29,0.0,0.0,0.0,0.0,0.0,0,11,1.0,0.0
2013-08-30,0.0,0.0,0.0,0.0,0.0,0,11,1.0,0.0
2013-09-03,0.0,0.0,0.0,0.0,0.0,0,11,1.0,0.0
2013-09-04,0.0,0.0,0.0,0.0,0.0,0,11,1.0,0.0
2013-09-05,0.0,0.0,0.0,0.0,0.0,0,11,1.0,0.0
2013-09-06,0.0,0.0,0.0,0.0,0.0,0,11,1.0,0.0
2013-09-09,0.0,0.0,0.0,0.0,0.0,0,11,1.0,0.0
2013-09-10,0.0,0.0,0.0,0.0,0.0,0,11,1.0,0.0
2013-09-11,0.0,0.0,0.0,0.0,0.0,0,11,1.0,0.0
2013-09-12,0.0,0.0,0.0,0.0,0.0,0,11,1.0,0.0
2013-09-13,0.0,0.0,0.0,0.0,0.0,0,11,1.0,0.0
2013-09-16,0.0,0.0,0.0,0.0,0.0,0,11,1.0,0.0
2013-09-17,0.0,0.0,0.0,0.0,0.0,0,11,1.0,0.0
2013-09-18,0.0,0.0,0.0,0.0,0.0,0,11,1.0,0.0
2013-09-19,0.0,0.0,0.0,0.0,0.0,0,11,1.0,0.0
2013-09-20,0.0,0.0,0.0,0.0,0.0,0,11,1.0,0.0
2013-09-23,0.0,0.0,0.0,0.0,0.0,0,11,1.0,0.0
2013-09-24,0.0,0.0,0.0,0.0,0.0,0,11,1.0,0.0
2013-09-25,0.0,0.0,0.0,0.0,0.0,0,11,1.0,0.0
2013-09-26,0.0,0.0,0.0,0.0,0.0,0,11,1.0,0.0
2013-09-27,0.0,0.0,0.0,0.0,0.0,0,11,1.0,0.0
2013-09-30,0.0,0.0,0.0,0.0,0.0,0,11,1.0,0.0
2013-10-01,0.0,0.0,0.0,0.0,0.0,0,11,1.0,0.0
2013-10-02,0.0,0.0,0.0,0.0,0.0,0,11,1.0,0.0
2013-10-03,0.0,0.0,0.0,0.0,0.0,0,11,1.0,0.0
2013-10-04,0.0,0.0,0.0,0.0,0.0,0,11,1.0,0.0
2013-10-07,0.0,0.0,0.0,0.0,0.0,0,11,1.0,0.0
2013-10-08,0.0,0.0,0.0,0.0,0.0,0,11,1.0,0.0
2013-10-09,0.0,0.0,0.0,0.0,0.0,0,11,1.0,0.0
2013-10-10,0.0,0.0,0.0,0.0,0.0,0,11,1.0,0.0
2013-10-11,0.0,0.0,0.0,0.0,0.0,0,11,1.0,0.0
2013-10-14,0.0,0.0,0.0,0.0,0.0,0,11,1.0,0.0
2013-10-15,0.0,0.0,0.0,0.0,0.0,0,11,1.0,0.0
2013-10-16,0.0,0.0,0.0,0.0,0.0,0,11,1.0,0.0
2013-10-17,0.0,0.0,0.0,0.0,0.0,0,11,1.0,0.0
2013-10-18,0.0,0.0,0.0,0.0,0.0,0,11,1.0,0.0
2013-10-21,0.0,0.0,0.0,0.0,0.0,0,11,1.0,0.0
2013-10-22,0.0,0.0,0.0,0.0,0.0,0,11,1.0,0.0
2013-10-23,0.0,0.0,0.0,0.0,0.0,0,11,1.0,0.0
2013-10-24,0.0,0.0,0.0,0.0,0.0,0,11,1.0,0.0
2013-10-25,0.0,0.0,0.0,0.0,0.0,0,11,1.0,0.0
2013-10-28,0.0,0.0,0.0,0.0,0.0,0,11,1.0,0.0
2013-10-29,0.0,0.0,0.0,0.0,0.0,0,11,1.0,0.0
2013-10-30,0.0,0.0,0.0,0.0,0.0,0,11,1.0,0.0
2013-10-31,0.0,0.0,0.0,0.0,0.0,0,11,1.0,0.0
2013-11-01,0.0,0.0,0.0,0.0,0.0,0,11,1.0,0.0
2013-11-04,0.0,0.0,0.0,0.0,0.0,0,11,1.0,0.0
2013-11-05,0.0,0.0,0.0,0.0,0.0,0,11,1.0,0.0
2013-11-06,0.0,0.0,0.0,0.0,0.0,0,11,1.0,0.0
2013-11-07,0.0,0.0,0.0,0.0,0.0,0,11,1.0,0.0
2013-11-08,0.0,0.0,0.0,0.0,0.0,0,11,1.0,0.0
2013-11-11,0.0,0.0,0.0,0.0,0.0,0,11,1.0,0.0
2013-11-12,0.0,0.0,0.0,0.0,0.0,0,11,1.0,0.0
2013-11-13,0.0,0.0,0.0,0.0,0.0,0,11,1.0,0.0
2013-11-14,0.0,0.0,0.0,0.0,0.0,0,11,1.0,0.0
2013-11-15,0.0,0.0,0.0,0.0,0.0,0,11,1.0,0.0
2013-11-18,0.0,0.0,0.0,0.0,0.0,0,11,1.0,0.0
2013-11-19,0.0,0.0,0.0,0.0,0.0,0,11,1.0,0.0
2013-11-20,0.0,0.0,0.0,0.0,0.0,0,11,1.0,0.0
2013-11-21,0.0,0.0,0.0,0.0,0.0,0,11,1.0,0.0
2013-11-22,0.0,0.0,0.0,0.0,0.0,0,11,1.0,0.0
2013-11-25,0.0,0.0,0.0,0.0,0.0,0,11,1.0,0.0
2013-11-26,0.0,0.0,0.0,0.0,0.0,0,11,1.0,0.0
2013-11-27,0.0,0.0,0.0,0.0,0.0,0,11,1.0,0.0
2013-11-29,0.0,0.0,0.0,0.0,0.0,0,11,1.0,0.0
2013-12-02,0.0,0.0,0.0,0.0,0.0,0,11,1.0,0.0
2013-12-03,0.0,0.0,0.0,0.0,0.0,0,11,1.0,0.0
2013-12-04,0.0,0.0,0.0,0.0,0.0,0,11,1.0,0.0
2013-12-05,0.0,0.0,0.0,0.0,0.0,0,11,1.0,0.0
2013-12-06,0.0,0.0,0.0,0.0,0.0,0,11,1.0,0.0
2013-12-09,0.0,0.0,0.0,0.0,0.0,0,11,1.0,0.0
2013-12-10,0.0,0.0,0.0,0.0,0.0,0,11,1.0,0.0
2013-12-11,0.0,0.0,0.0,0.0,0.0,0,11,1.0,0.0
2013-12-12,0.0,0.0,0.0,0.0,0.0,0,11,1.0,0.0
2013-12-13,0.0,0.0,0.0,0.0,0.0,0,11,1.0,0.0
2013-12-16,0.0,0.0,0.0,0.0,0.0,0,11,1.0,0.0
2013-12-17,0.0,0.0,0.0,0.0,0.0,0,11,1.0,0.0
2013-12-18,0.0,0.0,0.0,0.0,0.0,0,11,1.0,0.0
2013-12-19,0.0,0.0,0.0,0.0,0.0,0,11,1.0,0.0
2013-12-20,0.0,0.0,0.0,0.0,0.0,0,11,1.0,0.0
2013-12-23,0.0,0.0,0.0,0.0,0.0,0,11,1.0,0.0
2013-12-24,0.0,0.0,0.0,0.0,0.0,0,11,1.0,0.0
2013-12-26,0.0,0.0,0.0,0.0,0.0,0,11,1.0,0.0
2013-12-27,0.0,0.0,0.0,0.0,0.0,0,11,1.0,0.0
2013-12-30,0.0,0.0,0.0,0.0,0.0,0,11,1.0,0.0
2013-12-31,0.0,0.0,0.0,0.0,0.0,0,11,1.0,0.0
2014-01-02,0.0,0.0,0.0,0.0,0.0,0,11,1.0,0.0
2014-01-03,0.0,0.0,0.0,0.0,0.0,0,11,1.0,0.0
2014-01-06,0.0,0.0,0.0,0.0,0.0,0,11,1.0,0.0
2014-01-07,0.0,0.0,0.0,0.0,0.0,0,11,1.0,0.0
2014-01-08,0.0,0.0,0.0,0.0,0.0,0,11,1.0,0.0
2014-01-09,0.0,0.0,0.0,0.0,0.0,0,11,1.0,0.0
2014-01-10,0.0,0.0,0.0,0.0,0.0,0,11,1.0,0.0
2014-01-13,0.0,0.0,0.0,0.0,0.0,0,11,1.0,0.0
2014-01-14,0.0,0.0,0.0,0.0,0.0,0,11,1.0,0.0
2014-01-15,0.0,0.0,0.0,0.0,0.0,0,11,1.0,0.0
2014-01-16,0.0,0.0,0.0,0.0,0.0,0,11,1.0,0.0
2014-01-17,0.0,0.0,0.0,0.0,0.0,0,11,1.0,0.0
2014-01-21,0.0,0.0,0.0,0.0,0.0,0,11,1.0,0.0
2014-01-22,0.0,0.0,0.0,0.0,0.0,0,11,1.0,0.0
2014-01-23,0.0,0.0,0.0,0.0,0.0,0,11,1.0,0.0
2014-01-24,0.0,0.0,0.0,0.0,0.0,0,11,1.0,0.0
2014-01-27,0.0,0.0,0.0,0.0,0.0,0,11,1.0,0.0
2014-01-28,0.0,0.0,0.0,0.0,0.0,0,11,1.0,0.0
2014-01-29,0.0,0.0,0.0,0.0,0.0,0,11,1.0,0.0
2014-01-30,0.0,0.0,0.0,0.0,0.0,0,11,1.0,0.0
2014-01-31,0.0,0.0,0.0,0.0,0.0,0,11,1.0,0.0
2014-02-03,0.0,0.0,0.0,0.0,0.0,0,11,1.0,0.0
2014-02-04,0.0,0.0,0.0,0.0,0.0,0,11,1.0,0.0
2014-02-05,0.0,0.0,0.0,0.0,0.0,0,11,1.0,0.0
2014-02-06,0.0,0.0,0.0,0.0,0.0,0,11,1.0,0.0
2014-02-07,0.0,0.0,0.0,0.0,0.0,0,11,1.0,0.0
2014-02-10,0.0,0.0,0.0,0.0,0.0,0,11,1.0,0.0
2014-02-11,0.0,0.0,0.0,0.0,0.0,0,11,1.0,0.0
2014-02-12,0.0,0.0,0.0,0.0,0.0,0,11,1.0,0.0
2014-02-13,0.0,0.0,0.0,0.0,0.0,0,11,1.0,0.0
2014-02-14,0.0,0.0,0.0,0.0,0.0,0,11,1.0,0.0
2014-02-18,0.0,0.0,0.0,0.0,0.0,0,11,1.0,0.0
2014-02-19,-2.727272727272727e-05,0.0,2.727272727272727e-05,0.09090909090909091,0.0,0,11,0.9999727272727272,-2.727272727276464e-05
2014-02-20,0.000561167227833897,0.000561167227833897,0.0,0.0,0.09090909090909091,1,11,1.0005338791960003,0.0
2014-02-21,-5.577244841049499e-05,-5.577244841049499e-05,0.0,0.0,0.09090909090909091,1,11,1.00047807697184,-5.57724484104849e-05
2014-02-24,0.0013393604553825717,0.0013393604553825717,0.0,0.0,0.09090909090909091,1,11,1.0018180777446133,0.0
2014-02-25,-0.0010449320794148468,-0.0010449320794148468,0.0,0.0,0.09090909090909091,1,11,1.0007712458974403,-0.0010449320794148065
2014-02-26,-5.563591854902809e-05,-5.563591854902809e-05,0.0,0.0,0.09090909090909091,1,11,1.0007155670699173,-0.001100509862207777
2014-02-27,0.000890719812948839,0.000890719812948839,0.0,0.0,0.09090909090909091,1,11,1.0016069242526329,-0.00021077029519744883
2014-02-28,0.00022051932300569778,0.00022051932300569778,0.0,0.0,0.09090909090909091,1,11,1.0018277979334869,0.0
2014-03-03,-0.001292190507617008,-0.001264917780344281,2.727272727272727e-05,0.09090909090909091,0.09090909090909091,1,11,1.0005332455627305,-0.0012921905076168638
2014-03-04,0.00424549583080057,0.004272768558073297,2.727272727272727e-05,0.09090909090909091,0.18181818181818182,2,11,1.0047810052853443,0.0
2014-03-05,0.005748459154998056,0.005775731882270783,2.727272727272727e-05,0.09090909090909091,0.2727272727272727,3,11,1.0105569478539451,0.0
2014-03-06,0.0008518556059146087,0.0008518556059146087,0.0,0.0,0.36363636363636365,4,11,1.0114177964550704,0.0
2014-03-07,-0.0012634385960088692,-0.0012634385960088692,0.0,0.0,0.36363636363636365,4,11,1.0101399321743387,-0.001263438596008859
2014-03-10,0.0031135526718121323,0.0031408253990848596,2.727272727272727e-05,0.09090909090909091,0.36363636363636365,4,11,1.0132850560590643,0.0
2014-03-11,-0.00508441506676944,-0.005057142339496713,2.727272727272727e-05,0.09090909090909091,0.45454545454545453,5,11,1.0081330942531053,-0.005084415066769377
2014-03-12,0.0016067289231956076,0.0016067289231956076,0.0,0.0,0.5454545454545454,6,11,1.0097528908540725,-0.003485855420319095
2014-03-13,-0.007679011181381459,-0.007679011181381459,0.0,0.0,0.5454545454545454,6,11,1.0019989871147719,-0.011138098678951103
2014-03-14,-0.0072312665861075705,-0.0072312665861075705,0.0,0.0,0.5454545454545454,6,11,0.9947532653199351,-0.01828882270424892
2014-03-17,0.006255907158539672,0.006255907158539672,0.0,0.0,0.5454545454545454,6,11,1.000976349393431,-0.012147328722585948
2014-03-18,0.0062919891502398635,0.0062919891502398635,0.0,0.0,0.5454545454545454,6,11,1.0072744817234611,-0.005931770432872963
2014-03-19,-0.0011299715132015895,-0.0011299715132015895,0.0,0.0,0.5454545454545454,6,11,1.0061362902531388,-0.0070550392144624885
2014-03-20,0.006832540075504692,0.006832540075504692,0.0,0.0,0.5454545454545454,6,11,1.013010756777713,-0.00027070297712494806
2014-03-21,-0.006741336503577767,-0.006741336503577767,0.0,0.0,0.5454545454545454,6,11,1.0061817103845303,-0.00701021458084139
2014-03-24,-0.011095039543535605,-0.011095039543535605,0.0,0.0,0.5454545454545454,6,11,0.9950180845198316,-0.018027475516393943
2014-03-25,-0.002156291141843741,-0.002156291141843741,0.0,0.0,0.5454545454545454,6,11,0.9928725358382071,-0.020144894172471894
2014-03-26,-0.010991832636030348,-0.010991832636030348,0.0,0.0,0.5454545454545454,6,11,0.9819590470953625,-0.03091529750328792
2014-03-27,-0.00400541580861614,-0.00400541580861614,0.0,0.0,0.5,6,12,0.9780258928047131,-0.03479688469055631
2014-03-28,-0.00010312461127482142,-7.812461127482129e-05,2.4999999999999998e-05,0.08333333333333333,0.5,6,12,0.9779250342647009,-0.034896420886623924
2014-03-31,0.0017292503716592744,0.0017292503716592744,0.0,0.0,0.5833333333333334,7,12,0.979616111493658,-0.03322751516375244
2014-04-01,0.010073041260481095,0.010073041260481095,0.0,0.0,0.5833333333333334,7,12,0.9894838250041657,-0.02348917603449907
2014-04-02,-0.0010820823290351286,-0.0010570823290351288,2.4999999999999998e-05,0.08333333333333333,0.5833333333333334,7,12,0.9884131220422625,-0.024545841141223712
2014-04-03,-0.006442697286913764,-0.006392697286913764,4.9999999999999996e-05,0.16666666666666666,0.5,6,12,0.982045075502531,-0.0308303970040118
2014-04-04,-0.008199717620782997,-0.008174717620782998,2.4999999999999998e-05,0.08333333333333333,0.3333333333333333,4,12,0.9739925831925297,-0.03877731407522533
2014-04-07,-0.003982639504007883,-0.003982639504007883,0.0,0.0,0.4166666666666667,5,12,0.9701135218540964,-0.0426055175163379
2014-04-08,0.0019200736545788456,0.0019450736545788456,2.4999999999999998e-05,0.08333333333333333,0.4166666666666667,5,12,0.9719762112693591,-0.04076724959348188
2014-04-09,0.010628200763970657,0.010653200763970657,2.4999999999999998e-05,0.08333333333333333,0.5,6,12,0.9823065695805333,-0.030572331342785808
2014-04-10,-0.009684833725126,-0.009684833725126,0.0,0.0,0.4166666666666667,5,12,0.9727930937870469,-0.039961077122267485
2014-04-11,-0.00628260619261554,-0.00628260619261554,0.0,0.0,0.4166666666666667,5,12,0.9666814178718868,-0.045992623604291016
2014-04-14,0.0018909111289412601,0.0018909111289412601,0.0,0.0,0.4166666666666667,5,12,0.9685093265230815,-0.044188680439172234
2014-04-15,0.002763340490796018,0.002763340490796018,0.0,0.0,0.4166666666666667,5,12,0.9711856475607764,-0.04154744831826862
2014-04-16,0.0018774263778551052,0.0018774263778551052,0.0,0.0,0.4166666666666667,5,12,0.9730089771133014,-0.03974802421581869
2014-04-17,0.001569526772031692,0.001594526772031692,2.4999999999999998e-05,0.08333333333333333,0.4166666666666667,5,12,0.9745361407523079,-0.038240883031929074
2014-04-21,0.0006506000559600803,0.0006506000559600803,0.0,0.0,0.3333333333333333,4,12,0.9751701740200165,-0.03761516249660957
2014-04-22,0.0013370714316849701,0.0013370714316849701,0.0,0.0,0.3333333333333333,4,12,0.9764740462007299,-0.03632838522409698
2014-04-23,-0.0018575323494539238,-0.0018575323494539238,0.0,0.0,0.3333333333333333,4,12,0.9746602140715098,-0.03811843642279378
2014-04-24,0.007523064038496137,0.007523064038496137,0.0,0.0,0.3333333333333333,4,12,0.9819926452777442,-0.03088213982255361
2014-04-25,0.00040577825084003595,0.00043077825084003596,2.4999999999999998e-05,0.08333333333333333,0.3333333333333333,4,12,0.9823911165356828,-0.03048889287239298
2014-04-28,0.0057957588888348606,0.0057957588888348606,0.0,0.0,0.25,3,12,0.9880848185816569,-0.02486984025543404
2014-04-29,-0.001043118654949789,-0.001043118654949789,0.0,0.0,0.25,3,12,0.9870541288747217,-0.025887016716067746
2014-04-30,-0.0001365884046330886,-0.0001365884046330886,0.0,0.0,0.25,3,12,0.9869193087259722,-0.026020069254386824
2014-05-01,-0.0010256418170047567,-0.0010006418170047566,2.4999999999999998e-05,0.08333333333333333,0.25,3,12,0.9859070830129335,-0.02701902380028287
2014-05-02,-0.0009259976964263542,-0.0009259976964263542,0.0,0.0,0.16666666666666666,2,12,0.9849941353251731,-0.027920001942910444
2014-05-05,-0.0008582411993801516,-0.0008582411993801516,0.0,0.0,0.16666666666666666,2,12,0.9841487727770892,-0.028754281046336372
2014-05-06,-0.002004700350956725,-0.002004700350956725,0.0,0.0,0.16666666666666666,2,12,0.9821758493869094,-0.03070133767998795
2014-05-07,0.0018605543561202402,0.0018605543561202402,0.0,0.0,0.16666666666666666,2,12,0.9840032409419623,-0.028897904831426957
2014-05-08,0.00017175054494169192,0.00017175054494169192,0.0,0.0,0.16666666666666666,2,12,0.9841722440348185,-0.02873111751738766
2014-05-09,-0.00027326116592449323,-0.00027326116592449323,0.0,0.0,0.16666666666666666,2,12,0.983903307979943,-0.028996527584641107
2014-05-12,0.002262551004479844,0.002262551004479844,0.0,0.0,0.16666666666666666,2,12,0.986129439397724,-0.026799582702774383
2014-05-13,0.001155460015247319,0.001155460015247319,0.0,0.0,0.16666666666666666,2,12,0.9872688725348062,-0.025675088533765544
2014-05-14,-0.0008663981144981144,-0.0008663981144981144,0.0,0.0,0.16666666666666666,2,12,0.9864135046451394,-0.02651924179996834
2014-05-15,-0.0018486371506882936,-0.0018236371506882936,2.4999999999999998e-05,0.08333333333333333,0.16666666666666666,2,12,0.9845899839945118,-0.02831885449505711
2014-05-16,0.0006702296339834065,0.0006702296339834065,0.0,0.0,0.25,3,12,0.9852498853791081,-0.02766760499655685
2014-05-19,-0.00024731703327165083,-0.00024731703327165083,0.0,0.0,0.25,3,12,0.9850062163004248,-0.027908079359843074
2014-05-20,-0.0012827926745491252,-0.0012827926745491252,0.0,0.0,0.25,3,12,0.9837426575417693,-0.029155071754628725
2014-05-21,0.0031349084738973207,0.0031349084738973207,0.0,0.0,0.25,3,12,0.9868266007350314,-0.02611156176223195
2014-05-22,-0.0008862779666494088,-0.0008862779666494088,0.0,0.0,0.25,3,12,0.9859519980618964,-0.026974697627016653
2014-05-23,-0.0001062204914642854,-0.0001062204914642854,0.0,0.0,0.25,3,12,0.985847269756102,-0.027078052852841927
2014-05-27,0.0003669042799996358,0.0003669042799996358,0.0,0.0,0.25,3,12,0.9862089813388015,-0.02672108362632808
2014-05-28,-0.0003375995500150275,-0.0003375995500150275,0.0,0.0,0.25,3,12,0.9858760376304808,-0.027049662150534837
2014-05-29,0.0011105551403452856,0.0011105551403452856,0.0,0.0,0.25,3,12,0.9869709073318145,-0.025969147151535532
2014-05-30,0.0007863528273756212,0.0007863528273756212,0.0,0.0,0.25,3,12,0.9877470146953324,-0.025203215236446974
2014-06-02,-0.0006699749005765107,-0.0006699749005765107,0.0,0.0,0.25,3,12,0.9870852489873672,-0.025856304615401227
2014-06-03,-0.0007705060966236484,-0.0007705060966236484,0.0,0.0,0.25,3,12,0.9863246937851351,-0.02660688827168256
2014-06-04,-0.000975030668283805,-0.000975030668283805,0.0,0.0,0.25,3,12,0.9853629969598089,-0.027555976407913962
2014-06-05,0.002954802155677949,0.002954802155677949,0.0,0.0,0.25,3,12,0.9882745496673511,-0.024682596710727922
2014-06-06,0.002692502129195029,0.002692502129195029,0.0,0.0,0.25,3,12,0.9909354809965597,-0.022056552525730577
2014-06-09,0.0002846479052620375,0.0003096479052620375,2.4999999999999998e-05,0.08333333333333333,0.25,3,12,0.9912175487054752,-0.021778182971942228
2014-06-10,0.003341611718466241,0.003366611718466241,2.4999999999999998e-05,0.08333333333333333,0.3333333333333333,4,12,0.9945298128817787,-0.01850934548490213
2014-06-11,-0.0009981502397637305,-0.0009981502397637305,0.0,0.0,0.4166666666666667,5,12,0.9935371227105986,-0.01948902061703217
2014-06-12,-0.004454739429840269,-0.004454739429840269,0.0,0.0,0.4166666666666667,5,12,0.9891111737150495,-0.023856941538280885
2014-06-13,0.002792295602959701,0.002792295602959701,0.0,0.0,0.4166666666666667,5,12,0.9918730644962525,-0.021131261568278492
2014-06-16,-0.0015357825580751116,-0.0015107825580751115,2.4999999999999998e-05,0.08333333333333333,0.4166666666666667,5,12,0.9903497631439746,-0.02263459110340693
2014-06-17,0.00039273013543962104,0.00039273013543962104,0.0,0.0,0.5,6,12,0.9907387033405868,-0.02225075025399692
2014-06-18,0.0035464640062428453,0.003571464006242845,2.4999999999999998e-05,0.08333333333333333,0.5,6,12,0.9942523224915758,-0.01878319773264181
2014-06-19,-0.00028698154610510277,-0.0002369815461051028,4.9999999999999996e-05,0.16666666666666666,0.4166666666666667,5,12,0.9939669904228486,-0.01906478884762075
2014-06-20,0.0007463518301999956,0.0007713518301999955,2.4999999999999998e-05,0.08333333333333333,0.5833333333333334,7,12,0.9947088395053091,-0.018332666057469638
2014-06-23,0.004382650068742469,0.004407650068742469,2.4999999999999998e-05,0.08333333333333333,0.6666666666666666,8,12,0.9990683002691458,-0.014030361648884049
2014-06-24,-0.002428758574277223,-0.002328758574277223,9.999999999999999e-05,0.3333333333333333,0.5833333333333334,7,12,0.9966418045685785,-0.016425043862006383
2014-06-25,0.008357530052386224,0.008382530052386225,2.4999999999999998e-05,0.08333333333333333,0.9166666666666666,11,12,1.004971268401725,-0.008204786607308612
2014-06-26,-0.0032224213362955223,-0.0032224213362955223,0.0,0.0,0.8333333333333334,10,12,1.0017328275440633,-0.011400768664180827
2014-06-27,0.0024496423927583247,0.002474642392758325,2.4999999999999998e-05,0.08333333333333333,0.8333333333333334,10,12,1.0041867147446328,-0.008979054077652426
2014-06-30,-0.001612674139878469,-0.001612674139878469,0.0,0.0,0.9166666666666666,11,12,1.0025672887981547,-0.010577247929219213
2014-07-01,0.008522544287685067,0.008572544287685066,4.9999999999999996e-05,0.16666666666666666,0.9166666666666666,11,12,1.0111117129183214,-0.0021448487054527288
2014-07-02,0.00043631058924355665,0.00043631058924355665,0.0,0.0,0.75,9,12,1.0115528716655757,-0.0017094739364118539
2014-07-03,0.00431033801532468,0.00433533801532468,2.4999999999999998e-05,0.08333333333333333,0.75,9,12,1.0159130064628268,0.0
2014-07-07,-0.003641293778497343,-0.0036162937784973426,2.4999999999999998e-05,0.08333333333333333,0.6666666666666666,8,12,1.0122137687528991,-0.003641293778497312
2014-07-08,-0.014176757660203704,-0.014126757660203706,4.9999999999999996e-05,0.16666666666666666,0.75,9,12,0.9978638594529678,-0.0177664296992337
2014-07-09,0.006210055590153076,0.006210055590153076,0.0,0.0,0.9166666666666666,11,12,1.0040606494915754,-0.011666704625151514
2014-07-10,-0.006246469143332541,-0.006196469143332541,4.9999999999999996e-05,0.16666666666666666,0.9166666666666666,11,12,0.9977888156264919,-0.01784029805803855
2014-07-11,0.009048676736279482,0.009098676736279482,4.9999999999999996e-05,0.16666666666666666,0.75,9,12,1.0068174840701711,-0.00895305241176525
2014-07-14,0.009175345382038458,0.009175345382038458,0.0,0.0,0.5833333333333334,7,12,1.01605538222319,0.0
2014-07-15,0.0028174779116700178,0.002842477911670018,2.4999999999999998e-05,0.08333333333333333,0.5833333333333334,7,12,1.0189180958196373,0.0
2014-07-16,0.004336582712118681,0.004361582712118682,2.4999999999999998e-05,0.08333333333333333,0.6666666666666666,8,12,1.0233367184190336,0.0
2014-07-17,-0.009099381221812369,-0.00904938122181237,4.9999999999999996e-05,0.16666666666666666,0.75,9,12,1.0140249874998604,-0.00909938122181242
2014-07-18,0.016045752012681633,0.016095752012681635,4.9999999999999996e-05,0.16666666666666666,0.9166666666666666,11,12,1.0302957809839457,0.0
2014-07-21,0.0006223847173655132,0.0006223847173655132,0.0,0.0,0.75,9,12,1.0309370213323963,0.0
2014-07-22,-0.0004408940690870296,-0.0004408940690870296,0.0,0.0,0.75,9,12,1.0304824873140885,-0.0004408940690870944
2014-07-23,0.0063485785573995585,0.006398578557399559,4.9999999999999996e-05,0.16666666666666666,0.75,9,12,1.0370245863368266,0.0
2014-07-24,0.0035784097028073816,0.0035784097028073816,0.0,0.0,0.5833333333333334,7,12,1.0407354851786241,0.0
2014-07-25,-0.0022591175155013718,-0.0022341175155013715,2.4999999999999998e-05,0.08333333333333333,0.5833333333333334,7,12,1.0383843414150533,-0.002259117515501341
2014-07-28,0.00038390747369013807,0.0004089074736901381,2.4999999999999998e-05,0.08333333333333333,0.6666666666666666,8,12,1.0387829849242853,-0.0018760773339093761
2014-07-29,-0.004279299003050614,-0.004254299003050614,2.4999999999999998e-05,0.08333333333333333,0.75,9,12,1.034337721932513,-0.006147348041095291
2014-07-30,0.0048625507466195745,0.0048625507466195745,0.0,0.0,0.8333333333333334,10,12,1.0393672415945527,-0.0013146890862826277
2014-07-31,-0.021411304749157593,-0.021386304749157592,2.4999999999999998e-05,0.08333333333333333,0.8333333333333334,10,12,1.0171130328384803,-0.022697844626763608
2014-08-01,-0.007855095522315217,-0.007855095522315217,0.0,0.0,0.9166666666666666,11,12,1.0091235128085423,-0.030374646411384876
2014-08-04,0.007487145472355866,0.007587145472355866,9.999999999999999e-05,0.3333333333333333,0.9166666666666666,11,12,1.0166789673485148,-0.023114920335382316
2014-08-05,-0.00453918199534516,-0.004464181995345161,7.5e-05,0.25,0.5833333333333334,7,12,1.0120640764848803,-0.027549179500517273
2014-08-06,0.0032675043553187324,0.0032675043553187324,0.0,0.0,0.8333333333333334,10,12,1.0153710002626564,-0.02437169220920188
2014-08-07,0.0026089894657338186,0.0026089894657338186,0.0,0.0,0.8333333333333334,10,12,1.018020092506153,-0.021826288231704072
2014-08-08,0.003986559086801691,0.00403655908680169,4.9999999999999996e-05,0.16666666666666666,0.8333333333333334,10,12,1.0220784897564803,-0.017926740932583507
2014-08-11,0.0016793788753694102,0.0017293788753694102,4.9999999999999996e-05,0.16666666666666666,0.6666666666666666,8,12,1.023794946781147,-0.01627746784724038
2014-08-12,-0.0009084466707744895,-0.0009084466707744895,0.0,0.0,0.5,6,12,1.022864883670188,-0.017171127306540357
2014-08-13,0.005261861008160468,0.0052868610081604666,2.4999999999999998e-05,0.08333333333333333,0.5,6,12,1.0282470565181887,-0.011999618383620292
2014-08-14,0.0038558925114466625,0.0038558925114466625,0.0,0.0,0.5833333333333334,7,12,1.0322118666433342,-0.008189995110839288
2014-08-15,0.0012096218374440775,0.0012346218374440776,2.4999999999999998e-05,0.08333333333333333,0.5833333333333334,7,12,1.0334604526580948,-0.0069902800703299794
2014-08-18,0.005945962686918062,0.005995962686918062,4.9999999999999996e-05,0.16666666666666666,0.5,6,12,1.0396053699480052,-0.001085881327881233
2014-08-19,0.004817372815360395,0.004817372815360395,0.0,0.0,0.6666666666666666,8,12,1.0446135365958955,0.0
2014-08-20,-0.0007679089751067755,-0.0007679089751067755,0.0,0.0,0.6666666666666666,8,12,1.0438113684856254,-0.0007679089751069235
2014-08-21,0.0029571450758488437,0.003007145075848844,4.9999999999999996e-05,0.16666666666666666,0.6666666666666666,8,12,1.0468980701340576,0.0
2014-08-22,0.0008939451040467663,0.0009189451040467663,2.4999999999999998e-05,0.08333333333333333,0.5,6,12,1.04783393953829,0.0
2014-08-25,0.0012862291159370413,0.0013362291159370414,4.9999999999999996e-05,0.16666666666666666,0.4166666666666667,5,12,1.0491816940599912,0.0
2014-08-26,0.00012522213119324035,0.00012522213119324035,0.0,0.0,0.25,3,12,1.0493130748277302,0.0
2014-08-27,-0.0021713710954852946,-0.0021463710954852944,2.4999999999999998e-05,0.08333333333333333,0.25,3,12,1.0470346267469344,-0.002171371095485375
2014-08-28,-0.0022663918494409685,-0.0022663918494409685,0.0,0.0,0.3333333333333333,4,12,1.0446616360027927,-0.004432841767173401
2014-08-29,0.002129769935074389,0.002154769935074389,2.4999999999999998e-05,0.08333333333333333,0.3333333333333333,4,12,1.046886524947477,-0.002312512765221708
2014-09-02,0.003804224333921876,0.003804224333921876,0.0,0.0,0.25,3,12,1.050869116140537,0.0
2014-09-03,-0.0007847045955307043,-0.0007097045955307043,7.5e-05,0.25,0.25,3,12,1.0500444943158003,-0.0007847045955307053
2014-09-04,0.0011182738140632245,0.0011432738140632244,2.4999999999999998e-05,0.08333333333333333,0.5,6,12,1.0512187315773949,0.0
2014-09-05,0.004660141911616132,0.004660141911616132,0.0,0.0,0.5833333333333334,7,12,1.0561175600466945,0.0
2014-09-08,0.004542658099085433,0.004592658099085434,4.9999999999999996e-05,0.16666666666666666,0.5833333333333334,7,12,1.060915141034427,0.0
2014-09-09,-0.00790255528471885,-0.007802555284718848,9.999999999999999e-05,0.3333333333333333,0.5833333333333334,7,12,1.0525312004800071,-0.007902555284718948
2014-09-10,0.005071097674580006,0.005096097674580006,2.4999999999999998e-05,0.08333333333333333,0.75,9,12,1.0578686890031843,-0.002871532239866359
2014-09-11,0.002374389664696719,0.002374389664696719,0.0,0.0,0.8333333333333334,10,12,1.0603804814849596,-0.0005039607116420486
2014-09-12,-0.0014950021495342876,-0.0014950021495342876,0.0,0.0,0.8333333333333334,10,12,1.0587952103858154,-0.0019982094388291127
2014-09-15,-0.01039375550452735,-0.01039375550452735,0.0,0.0,0.8333333333333334,10,12,1.0477903518397005,-0.01237119604300252
2014-09-16,0.004818442110086424,0.004843442110086425,2.4999999999999998e-05,0.08333333333333333,0.8333333333333334,10,12,1.0528390689935472,-0.00761236382488184
2014-09-17,0.00166695327542426,0.00171695327542426,4.9999999999999996e-05,0.16666666666666666,0.75,9,12,1.0545941025281007,-0.005958100004269107
2014-09-18,0.007926271144526773,0.007926271144526773,0.0,0.0,0.9166666666666666,11,12,1.0629531013321571,0.0
2014-09-19,0.004476537765320353,0.004501537765320353,2.4999999999999998e-05,0.08333333333333333,0.9166666666666666,11,12,1.067711451033035,0.0
2014-09-22,-0.009072295321322069,-0.009072295321322069,0.0,0.0,0.8333333333333334,10,12,1.058024857431306,-0.009072295321322033
2014-09-23,0.0007799417872069882,0.0008049417872069883,2.4999999999999998e-05,0.08333333333333333,0.8333333333333334,10,12,1.0588500552295204,-0.008299429396342095
2014-09-24,0.0068558147750926906,0.0068558147750926906,0.0,0.0,0.9166666666666666,11,12,1.0661093350827706,-0.001500513971929629
2014-09-25,-0.019889599996368093,-0.019839599996368095,4.9999999999999996e-05,0.16666666666666666,0.9166666666666666,11,12,1.0449048468555804,-0.021360269345607086
2014-09-26,0.008785766467362547,0.008785766467362547,0.0,0.0,0.75,9,12,1.0540851368206687,-0.012762169216395058
2014-09-29,-0.0013605028355493497,-0.0013355028355493497,2.4999999999999998e-05,0.08333333333333333,0.75,9,12,1.0526510510031137,-0.014105309084537776
2014-09-30,0.0004687389393150572,0.0004687389393150572,0.0,0.0,0.6666666666666666,8,12,1.0531444695402297,-0.013643181852841857
2014-10-01,-0.011425718049851784,-0.011400718049851785,2.4999999999999998e-05,0.08333333333333333,0.6666666666666666,8,12,1.0411115377655022,-0.024913016753540185
2014-10-02,0.0027412924832271126,0.0027412924832271126,0.0,0.0,0.75,9,12,1.0439655289981797,-0.022240018135874173
2014-10-03,0.009839226258025047,0.009889226258025047,4.9999999999999996e-05,0.16666666666666666,0.75,9,12,1.0542373420435718,-0.012619616448270476
2014-10-06,0.0005837415212203129,0.0006087415212203129,2.4999999999999998e-05,0.08333333333333333,0.5833333333333334,7,12,1.0548527441533435,-0.012043241521152881
2014-10-07,-0.007319559906032943,-0.007269559906032942,4.9999999999999996e-05,0.16666666666666666,0.5,6,12,1.0471316863004698,-0.019274650199408994
2014-10-08,0.013511402888628564,0.013536402888628563,2.4999999999999998e-05,0.08333333333333333,0.6666666666666666,8,12,1.0612799043915244,-0.006023674875162088
2014-10-09,-0.010762463538531478,-0.010762463538531478,0.0,0.0,0.5833333333333334,7,12,1.0498579181163346,-0.016721308832481574
2014-10-10,-0.011608445121959209,-0.01158344512195921,2.4999999999999998e-05,0.08333333333333333,0.5833333333333334,7,12,1.0376707000880268,-0.028135645558491573
2014-10-13,-0.0026552879138700136,-0.0026552879138700136,0.0,0.0,0.5,6,12,1.034915385619506,-0.030716225232761296
2014-10-14,0.0029408261930270276,0.0029408261930270276,0.0,0.0,0.5,6,12,1.0379588918931024,-0.027865730119449705
2014-10-15,-0.012715239493513527,-0.012690239493513528,2.4999999999999998e-05,0.08333333333333333,0.5,6,12,1.0247609959982598,-0.04022665018083271
2014-10-16,-0.0009099110282209323,-0.0008849110282209324,2.4999999999999998e-05,0.08333333333333333,0.4166666666666667,5,12,1.0238285546667103,-0.041099958536425785
2014-10-17,0.004115679264971522,0.004165679264971522,4.9999999999999996e-05,0.16666666666666666,0.3333333333333333,4,12,1.0280423046200378,-0.03715343351859379
2014-10-20,0.005400170619943467,0.005400170619943467,0.0,0.0,0.5,6,12,1.0335939084695058,-0.03195389777876756
2014-10-21,0.01053642562739382,0.01053642562739382,0.0,0.0,0.5,6,12,1.044484293815022,-0.021754152018825024
2014-10-22,-0.0035153685035969385,-0.0034653685035969384,4.9999999999999996e-05,0.16666666666666666,0.5,6,12,1.0408125466260432,-0.0251930466615925
2014-10-23,0.005447837780680327,0.005447837780680327,0.0,0.0,0.3333333333333333,4,12,1.0464827245401587,-0.019882456512325564
2014-10-24,0.002200530162561609,0.002200530162561609,0.0,0.0,0.3333333333333333,4,12,1.048785541340109,-0.017725678295025027
2014-10-27,-0.0015007594389696872,-0.001475759438969687,2.4999999999999998e-05,0.08333333333333333,0.3333333333333333,4,12,1.0472115665394879,-0.01919983575498141
2014-10-28,0.0029114938641531963,0.0029364938641531966,2.4999999999999998e-05,0.08333333333333333,0.25,3,12,1.050260516589938,-0.01634424209482155
2014-10-29,-0.004123364452462512,-0.004123364452462512,0.0,0.0,0.16666666666666666,2,12,1.045929909710006,-0.020400213280427737
2014-10-30,-0.0017262070744508695,-0.0017262070744508695,0.0,0.0,0.16666666666666666,2,12,1.044124418100485,-0.022091205362393618
2014-10-31,0.001625652398281478,0.001625652398281478,0.0,0.0,0.16666666666666666,2,12,1.0458218014648741,-0.020501465585090584
2014-11-03,-0.0006993097655185928,-0.0006993097655185928,0.0,0.0,0.16666666666666666,2,12,1.0450904480661176,-0.021186438475517932
2014-11-04,0.0018060364585439886,0.0018310364585439887,2.4999999999999998e-05,0.08333333333333333,0.16666666666666666,2,12,1.046977919517801,-0.019418665497287435
2014-11-05,0.0006294789850861774,0.0006294789850861774,0.0,0.0,0.08333333333333333,1,12,1.0476369701159869,-0.018801410154050124
2014-11-06,9.611687812379384e-05,9.611687812379384e-05,0.0,0.0,0.08333333333333333,1,12,1.0477376657109614,-0.01870710040877477
2014-11-07,0.0,0.0,0.0,0.0,0.08333333333333333,1,12,1.0477376657109614,-0.01870710040877477
2014-11-10,4.800307219661922e-05,4.800307219661922e-05,0.0,0.0,0.08333333333333333,1,12,1.0477879603377716,-0.018659995334869728
2014-11-11,-0.0002648771828823661,-0.00023987718288236612,2.4999999999999998e-05,0.08333333333333333,0.08333333333333333,1,12,1.0475104252145793,-0.018919929910755195
2014-11-12,-2.1480701443773082e-05,-2.1480701443773082e-05,0.0,0.0,0.16666666666666666,2,12,1.0474879239558759,-0.018941004198833267
2014-11-13,-0.0008865610740737578,-0.0008615610740737578,2.4999999999999998e-05,0.08333333333333333,0.16666666666666666,2,12,1.0465592619369342,-0.019810772915880626
2014-11-14,0.0003891032357520585,0.0003891032357520585,0.0,0.0,0.25,3,12,1.0469664815321602,-0.019429378115972784
2014-11-17,-0.000842103032435762,-0.000817103032435762,2.4999999999999998e-05,0.08333333333333333,0.25,3,12,1.0460848278832033,-0.020255119610178784
2014-11-18,0.0004508294874933279,0.0004508294874933279,0.0,0.0,0.16666666666666666,2,12,1.0465564337700326,-0.019813421727878255
2014-11-19,-0.00034258276897133525,-0.00029258276897133523,4.9999999999999996e-05,0.16666666666666666,0.16666666666666666,2,12,1.0461979015690668,-0.02014921675997139
2014-11-20,5.941731992660978e-05,5.941731992660978e-05,0.0,0.0,0.3333333333333333,4,12,1.046260063844491,-0.020090996652503135
2014-11-21,0.000649610291289568,0.000674610291289568,2.4999999999999998e-05,0.08333333333333333,0.3333333333333333,4,12,1.0469397251493298,-0.01945443767940125
2014-11-24,0.0005286980149326973,0.0005286980149326973,0.0,0.0,0.4166666666666667,5,12,1.0474932401037702,-0.018936025187051397
2014-11-25,-0.002425996762379932,-0.002425996762379932,0.0,0.0,0.4166666666666667,5,12,1.0449520248946635,-0.021316083213635317
2014-11-26,2.5014604864019112e-05,2.5014604864019112e-05,0.0,0.0,0.4166666666666667,5,12,1.044978163956668,-0.02129160182217027
2014-11-28,-0.00445226343993563,-0.00442726343993563,2.4999999999999998e-05,0.08333333333333333,0.4166666666666667,5,12,1.0403256458817527,-0.025649069441735284
2014-12-01,-0.0006557119191866922,-0.000580711919186692,7.5e-05,0.25,0.5,6,12,1.0396434919559125,-0.026287962960372946
2014-12-02,0.004421850936999295,0.0044468509369992954,2.4999999999999998e-05,0.08333333333333333,0.5833333333333334,7,12,1.0442406405049631,-0.0219823534770216
2014-12-03,0.0021002910991660285,0.0021252910991660288,2.4999999999999998e-05,0.08333333333333333,0.6666666666666666,8,12,1.0464338498276031,-0.019928231719202105
2014-12-04,-0.0009131947847580609,-0.0009131947847580609,0.0,0.0,0.5833333333333334,7,12,1.0454782518933463,-0.02082322814668469
2014-12-05,0.001100890230218603,0.0011258902302186031,2.4999999999999998e-05,0.08333333333333333,0.5833333333333334,7,12,1.0466292086867617,-0.01974526200489446
2014-12-08,-0.007701647273203413,-0.007676647273203413,2.4999999999999998e-05,0.08333333333333333,0.5,6,12,1.0385684396956243,-0.027294838234819152
2014-12-09,0.0012472443600466184,0.0012722443600466187,2.4999999999999998e-05,0.08333333333333333,0.5833333333333334,7,12,1.0398637883245572,-0.026081637207819197
2014-12-10,-0.009540198546868732,-0.009490198546868731,4.9999999999999996e-05,0.16666666666666666,0.5,6,12,1.0299432813222418,-0.03537301175729801
2014-12-11,0.0018202348264826547,0.0018202348264826547,0.0,0.0,0.5,6,12,1.0318180199522062,-0.03361716411873361
2014-12-12,-0.008323123383755673,-0.008323123383755673,0.0,0.0,0.5,6,12,1.0232300712625615,-0.04166048769771713
2014-12-15,-0.006204834748167337,-0.006179834748167338,2.4999999999999998e-05,0.08333333333333333,0.5,6,12,1.0168810977610219,-0.04760682600419208
2014-12-16,-0.011400923730976786,-0.011400923730976786,0.0,0.0,0.5833333333333334,7,12,1.0052877139219765,-0.05846498794282118
2014-12-17,0.011445177098495846,0.011495177098495846,4.9999999999999996e-05,0.16666666666666666,0.5833333333333334,7,12,1.0167934098427556,-0.04768895298539233
2014-12-18,0.01112430316237883,0.01117430316237883,4.9999999999999996e-05,0.16666666666666666,0.4166666666666667,5,12,1.0281045279873553,-0.03709515619351944
2014-12-19,0.002699548086636324,0.002699548086636324,0.0,0.0,0.5833333333333334,7,12,1.0308799455987456,-0.034495748264808834
2014-12-22,0.003899074777866095,0.003924074777866095,2.4999999999999998e-05,0.08333333333333333,0.5833333333333334,7,12,1.0348994235936375,-0.030731174988945842
2014-12-23,0.0026155520613268257,0.0026155520613268257,0.0,0.0,0.6666666666666666,8,12,1.0376062569142839,-0.028196001915708258
2014-12-24,-0.0014407147218674975,-0.0013907147218674976,4.9999999999999996e-05,0.16666666666666666,0.6666666666666666,8,12,1.0361113623044458,-0.029596094242517856
2014-12-26,0.0009534561215289172,0.0009534561215289172,0.0,0.0,0.5,6,12,1.0370992490254207,-0.028670856698217784
2014-12-29,2.2260478479502188e-05,2.2260478479502188e-05,0.0,0.0,0.5,6,12,1.0371223353509347,-0.028649234446726846
2014-12-30,-0.002094189125841565,-0.002094189125841565,0.0,0.0,0.5,6,12,1.0349504050340754,-0.030683426657326263
2014-12-31,-0.006822028285025529,-0.006822028285025529,0.0,0.0,0.5,6,12,1.0278899440973344,-0.03729613173781399
2015-01-02,0.00038046670774524727,0.00038046670774524727,0.0,0.0,0.5,6,12,1.0282810220002894,-0.03692985496652279
2015-01-05,-0.012095481136625924,-0.012095481136625924,0.0,0.0,0.5,6,12,1.0158434682955344,-0.04857865173902287
2015-01-06,-0.009916924601206375,-0.009916924601206375,0.0,0.0,0.5,6,12,1.0057694252138196,-0.05801382551370504
2015-01-07,0.003497391086475359,0.003522391086475359,2.4999999999999998e-05,0.08333333333333333,0.5,6,12,1.0092869942366118,-0.05471933146347374
2015-01-08,0.010255827606057403,0.010255827606057403,0.0,0.0,0.4166666666666667,5,12,1.0196380676545382,-0.04502469588762459
2015-01-09,-0.005203486843838112,-0.005178486843838111,2.4999999999999998e-05,0.08333333333333333,0.4166666666666667,5,12,1.0143323943840215,-0.04999389731876347
2015-01-12,-0.0053603083460081954,-0.005335308346008196,2.4999999999999998e-05,0.08333333333333333,0.3333333333333333,4,12,1.0088952599847782,-0.05508622295972454
2015-01-13,-0.001428189870911108,-0.001428189870911108,0.0,0.0,0.25,3,12,1.0074543659936577,-0.05643573924497791
2015-01-14,-0.005137335638987671,-0.005137335638987671,0.0,0.0,0.25,3,12,1.0022787347745847,-0.06128314554942971
2015-01-15,-0.009470007513294779,-0.009470007513294779,0.0,0.0,0.25,3,12,0.9927871476258538,-0.07017280121393299
2015-01-16,0.0036580068203340486,0.0036830068203340485,2.4999999999999998e-05,0.08333333333333333,0.25,3,12,0.9964187697830091,-0.06677148697904156
2015-01-20,0.0004997628203509103,0.0005247628203509103,2.4999999999999998e-05,0.08333333333333333,0.16666666666666666,2,12,0.9969167428376465,-0.06630509406534224
2015-01-21,0.0005465197621546033,0.0005465197621546033,0.0,0.0,0.08333333333333333,1,12,0.9974615775388301,-0.06579481134742582
2015-01-22,0.0009881852141430114,0.0009881852141430114,0.0,0.0,0.08333333333333333,1,12,0.9984472543214299,-0.06487164359302355
2015-01-23,0.00019317450096586106,0.00019317450096586106,0.0,0.0,0.08333333333333333,1,12,0.9986401288715241,-0.06469100063943567
2015-01-26,-0.0003586877382328972,-0.0003586877382328972,0.0,0.0,0.08333333333333333,1,12,0.9982819289023905,-0.0650264845089652
2015-01-27,-0.0018442050024732777,-0.0018442050024732777,0.0,0.0,0.08333333333333333,1,12,0.99644089237523,-0.0667507673434139
2015-01-28,0.00048085026832056233,0.0005058502683205623,2.4999999999999998e-05,0.08333333333333333,0.08333333333333333,1,12,0.9969200312456942,-0.06630201419948112
2015-01-29,0.0,0.0,0.0,0.0,0.0,0,12,0.9969200312456942,-0.06630201419948112
2015-01-30,-2.4999999999999998e-05,0.0,2.4999999999999998e-05,0.08333333333333333,0.0,0,12,0.996895108244913,-0.06632535664912609
2015-02-02,-0.0010099679444956766,-0.0010099679444956766,0.0,0.0,0.08333333333333333,1,12,0.9958882761415611,-0.06726833810949895
2015-02-03,0.00043061630439614846,0.0004556163043961485,2.4999999999999998e-05,0.08333333333333333,0.08333333333333333,1,12,0.9963171218706246,-0.0668666886482624
2015-02-04,0.0,0.0,0.0,0.0,0.0,0,12,0.9963171218706246,-0.0668666886482624
2015-02-05,0.0,0.0,0.0,0.0,0.0,0,12,0.9963171218706246,-0.0668666886482624
2015-02-06,0.0,0.0,0.0,0.0,0.0,0,12,0.9963171218706246,-0.0668666886482624
2015-02-09,0.0,0.0,0.0,0.0,0.0,0,12,0.9963171218706246,-0.0668666886482624
2015-02-10,0.0,0.0,0.0,0.0,0.0,0,12,0.9963171218706246,-0.0668666886482624
2015-02-11,0.0,0.0,0.0,0.0,0.0,0,12,0.9963171218706246,-0.0668666886482624
2015-02-12,0.0,0.0,0.0,0.0,0.0,0,12,0.9963171218706246,-0.0668666886482624
2015-02-13,0.0,0.0,0.0,0.0,0.0,0,12,0.9963171218706246,-0.0668666886482624
2015-02-17,-4.9999999999999996e-05,0.0,4.9999999999999996e-05,0.16666666666666666,0.0,0,12,0.9962673060145311,-0.06691334531382997
2015-02-18,-0.0008428824139656843,-0.0008428824139656843,0.0,0.0,0.16666666666666666,2,12,0.9954275698226824,-0.06769982764577098
2015-02-19,0.0010480254643609069,0.0010730254643609067,2.4999999999999998e-05,0.08333333333333333,0.16666666666666666,2,12,0.9964708032637836,-0.06672275332471567
2015-02-20,-0.0006017401342248893,-0.0006017401342248893,0.0,0.0,0.08333333333333333,1,12,0.9958711867888764,-0.06728434370039915
2015-02-23,-0.0011135363515477734,-0.0010885363515477735,2.4999999999999998e-05,0.08333333333333333,0.08333333333333333,1,12,0.994762248020928,-0.06832295648934639
2015-02-24,0.001223408517040614,0.001223408517040614,0.0,0.0,0.16666666666666666,2,12,0.9959792486275874,-0.06718313485918426
2015-02-25,0.0025522373790574093,0.0025522373790574093,0.0,0.0,0.16666666666666666,2,12,0.9985212240947002,-0.0648023647881566
2015-02-26,0.0035498789068801272,0.0035998789068801273,4.9999999999999996e-05,0.16666666666666666,0.16666666666666666,2,12,1.0020658535261862,-0.06148252642915386
2015-02-27,0.0,0.0,0.0,0.0,0.0,0,12,1.0020658535261862,-0.06148252642915386
2015-03-02,0.0,0.0,0.0,0.0,0.0,0,12,1.0020658535261862,-0.06148252642915386
2015-03-03,0.0,0.0,0.0,0.0,0.0,0,12,1.0020658535261862,-0.06148252642915386
2015-03-04,0.0,0.0,0.0,0.0,0.0,0,12,1.0020658535261862,-0.06148252642915386
2015-03-05,0.0,0.0,0.0,0.0,0.0,0,12,1.0020658535261862,-0.06148252642915386
2015-03-06,0.0,0.0,0.0,0.0,0.0,0,12,1.0020658535261862,-0.06148252642915386
2015-03-09,-2.4999999999999998e-05,0.0,2.4999999999999998e-05,0.08333333333333333,0.0,0,12,1.002040801879848,-0.061505989365993274
2015-03-10,-0.002076603300168282,-0.0019766033001682817,9.999999999999999e-05,0.3333333333333333,0.08333333333333333,1,12,0.999959960643761,-0.06345486912566389
2015-03-11,-0.0001490233669474548,-0.00012402336694745478,2.4999999999999998e-05,0.08333333333333333,0.4166666666666667,5,12,0.9998109432436133,-0.063594436234365
2015-03-12,0.006578027166033421,0.006678027166033422,9.999999999999999e-05,0.3333333333333333,0.5,6,12,1.0063877267891672,-0.057434734997489856
2015-03-13,-0.002135195651617288,-0.002110195651617288,2.4999999999999998e-05,0.08333333333333333,0.16666666666666666,2,12,1.004238892091086,-0.05944729625268863
2015-03-16,-0.0017372083586480829,-0.0017372083586480829,0.0,0.0,0.25,3,12,1.002494319893666,-0.06108123227138751
2015-03-17,0.00021750365853361216,0.0002425036585336123,2.4999999999999998e-05,0.08333333333333333,0.25,3,12,1.002712366075902,-0.060877014004340646
2015-03-18,0.0033890498754232516,0.003439049875423252,4.9999999999999996e-05,0.16666666666666666,0.3333333333333333,4,12,1.006110608295237,-0.057694279365644974
2015-03-19,-0.0018579866413737222,-0.0018329866413737221,2.4999999999999998e-05,0.08333333333333333,0.5,6,12,1.00424126822528,-0.05944507080667372
2015-03-20,0.0018940842390791236,0.0019190842390791236,2.4999999999999998e-05,0.08333333333333333,0.4166666666666667,5,12,1.0061433857836581,-0.05766358053930054
2015-03-23,-0.001063033615508067,-0.001013033615508067,4.9999999999999996e-05,0.16666666666666666,0.5,6,12,1.005073821542549,-0.058665315830304765
2015-03-24,0.0013684948992156692,0.0013934948992156693,2.4999999999999998e-05,0.08333333333333333,0.5,6,12,1.0064492599406651,-0.057377104116563826
2015-03-25,-0.011659389831260086,-0.011609389831260086,4.9999999999999996e-05,0.16666666666666666,0.5833333333333334,7,12,0.9947146756736337,-0.06836751192354007
2015-03-26,-0.0010541088063395357,-0.0010041088063395358,4.9999999999999996e-05,0.16666666666666666,0.4166666666666667,5,12,0.993666138174211,-0.0693495539334934
2015-03-27,-0.00011088892645893702,-6.088892645893703e-05,4.9999999999999996e-05,0.16666666666666666,0.4166666666666667,5,12,0.9935559516028902,-0.06945275276236629
2015-03-30,0.007542119451185656,0.007567119451185655,2.4999999999999998e-05,0.08333333333333333,0.4166666666666667,5,12,1.0010494692713157,-0.06243445426872807
2015-03-31,-0.0029510836974688593,-0.002901083697468859,4.9999999999999996e-05,0.16666666666666666,0.3333333333333333,4,12,0.9980952885021892,-0.06520128866604413
2015-04-01,-0.0020460989844205374,-0.0019960989844205377,4.9999999999999996e-05,0.16666666666666666,0.5,6,12,0.99605308674603,-0.06711397935994212
2015-04-02,-3.1067941324692604e-05,-6.067941324692609e-06,2.4999999999999998e-05,0.08333333333333333,0.6666666666666666,8,12,0.9960221414271747,-0.06714296220809401
2015-04-06,0.0031251972111541564,0.0032001972111541563,7.5e-05,0.25,0.5833333333333334,7,12,0.9991349070458106,-0.06422759999518124
2015-04-07,-0.001510999793210846,-0.001485999793210846,2.4999999999999998e-05,0.08333333333333333,0.5,6,12,0.9976252144078747,-0.06564155189808096
2015-04-08,0.0020791880723268763,0.0020791880723268763,0.0,0.0,0.4166666666666667,5,12,0.9996994648543239,-0.06369884495750977
2015-04-09,0.004456256848511266,0.004506256848511266,4.9999999999999996e-05,0.16666666666666666,0.4166666666666667,5,12,1.0041543824410342,-0.05952644652308259
2015-04-10,0.009917737828041506,0.009917737828041506,0.0,0.0,0.5833333333333334,7,12,1.0141133223449632,-0.050199076385491925
2015-04-13,-0.0020734046035677553,-0.002048404603567755,2.4999999999999998e-05,0.08333333333333333,0.5833333333333334,7,12,1.0120106551138737,-0.052168397992987336
2015-04-14,-0.0011016805960624117,-0.0010516805960624116,4.9999999999999996e-05,0.16666666666666666,0.5,6,12,1.0108957426121263,-0.053212605677253166
2015-04-15,0.0004354416451250546,0.0004354416451250546,0.0,0.0,0.5,6,12,1.0113359287173393,-0.05280033501668546
2015-04-16,0.0013899418137785328,0.0014649418137785326,7.5e-05,0.25,0.5,6,12,1.0127416268124403,-0.05148378259632802
2015-04-17,-0.0033418174184456236,-0.003291817418445623,4.9999999999999996e-05,0.16666666666666666,0.25,3,12,1.0093572292035735,-0.054653550613325774
2015-04-20,0.007866733354846509,0.007941733354846511,7.5e-05,0.25,0.4166666666666667,5,12,1.0172975733855047,-0.04721676216804993
2015-04-21,-0.0016842810426426584,-0.0016842810426426584,0.0,0.0,0.16666666666666666,2,12,1.0155841583679253,-0.04882151691327785
2015-04-22,0.002005681677333723,0.0020306816773337233,2.4999999999999998e-05,0.08333333333333333,0.16666666666666666,2,12,1.017621096906154,-0.04691375565787681
2015-04-23,0.0006802985538796325,0.0006802985538796325,0.0,0.0,0.08333333333333333,1,12,1.0183133830667768,-0.04626537246412832
2015-04-24,0.0003920207706742766,0.0003920207706742766,0.0,0.0,0.08333333333333333,1,12,1.0187125830639945,-0.04589148868042292
2015-04-27,0.0014909656125268705,0.0015159656125268706,2.4999999999999998e-05,0.08333333333333333,0.08333333333333333,1,12,1.0202314484943913,-0.04446894569942628
2015-04-28,-2.4999999999999998e-05,0.0,2.4999999999999998e-05,0.08333333333333333,0.0,0,12,1.0202059427081789,-0.04449283397578385
2015-04-29,-0.0002470707321104002,-0.0002220707321104002,2.4999999999999998e-05,0.08333333333333333,0.08333333333333333,1,12,1.0199538796790106,-0.044728911830830165
2015-04-30,-0.0032285100903494124,-0.0032285100903494124,0.0,0.0,0.16666666666666666,2,12,1.016660948286776,-0.04781301417800343
2015-05-01,0.0004231022601438752,0.00044810226014387516,2.4999999999999998e-05,0.08333333333333333,0.16666666666666666,2,12,1.0170910998317961,-0.047410141712222464
2015-05-04,-0.00018989745537409397,-0.00018989745537409397,0.0,0.0,0.08333333333333333,1,12,1.0168979568200545,-0.04759103610232651
2015-05-05,-0.001346744279490759,-0.001321744279490759,2.4999999999999998e-05,0.08333333333333333,0.08333333333333333,1,12,1.0155284553138813,-0.04887368742619136
2015-05-06,3.187854222575599e-05,5.687854222575598e-05,2.4999999999999998e-05,0.08333333333333333,0.16666666666666666,2,12,1.0155608288806255,-0.048843366905873875
2015-05-07,0.0012864967278299333,0.0012864967278299333,0.0,0.0,0.25,3,12,1.0168673445638927,-0.047619707009744494
2015-05-08,0.0027702479952240733,0.0027702479952240733,0.0,0.0,0.25,3,12,1.0196843192865797,-0.04498137741239738
2015-05-11,-0.0014567241438292466,-0.0014567241438292466,0.0,0.0,0.25,3,12,1.0181989205195907,-0.04637257609772738
2015-05-12,-0.0012678306878548381,-0.0012428306878548383,2.4999999999999998e-05,0.08333333333333333,0.25,3,12,1.0169080166818152,-0.047581614210530754
2015-05-13,0.0007843133341369,0.0008093133341369,2.4999999999999998e-05,0.08333333333333333,0.16666666666666666,2,12,1.0177055911988895,-0.04683461977087888
2015-05-14,0.002929012860010217,0.002954012860010217,2.4999999999999998e-05,0.08333333333333333,0.25,3,12,1.0206864639632152,-0.04404278611447132
2015-05-15,-0.001512299558719112,-0.001512299558719112,0.0,0.0,0.3333333333333333,4,12,1.019142880274173,-0.04548847978718473
2015-05-18,0.000928917151479559,0.0009539171514795589,2.4999999999999998e-05,0.08333333333333333,0.3333333333333333,4,12,1.0200895795754679,-0.044601817664774446
2015-05-19,0.0010385566247551946,0.0010635566247551946,2.4999999999999998e-05,0.08333333333333333,0.25,3,12,1.0211490003661798,-0.043609582553231
2015-05-20,0.0003236252586304417,0.0003486252586304417,2.4999999999999998e-05,0.08333333333333333,0.3333333333333333,4,12,1.0214794699755236,-0.04330007045703299
2015-05-21,0.000827775419615065,0.000852775419615065,2.4999999999999998e-05,0.08333333333333333,0.25,3,12,1.0223250255724108,-0.04250813777140994
2015-05-22,-0.0006462227297753068,-0.0006462227297753068,0.0,0.0,0.3333333333333333,4,12,1.0216643759036677,-0.04312689077635701
2015-05-26,-0.004620312402762746,-0.004620312402762746,0.0,0.0,0.3333333333333333,4,12,1.016943967316219,-0.04754794347077318
2015-05-27,0.0040670613500203975,0.004117061350020397,4.9999999999999996e-05,0.16666666666666666,0.3333333333333333,4,12,1.0210799408208273,-0.04367426252391571
2015-05-28,-0.0016452566985583276,-0.0016202566985583273,2.4999999999999998e-05,0.08333333333333333,0.5,6,12,1.0194000022084284,-0.04524766384950185
2015-05-29,-0.005078910786245126,-0.005078910786245126,0.0,0.0,0.5833333333333334,7,12,1.0142225605417137,-0.05009676578776934
2015-06-01,0.001985913794350073,0.001985913794350073,0.0,0.0,0.5833333333333334,7,12,1.0162367191152346,-0.048210339851649464
2015-06-02,0.00044202741608277235,0.00044202741608277235,0.0,0.0,0.5833333333333334,7,12,1.0166859236063135,-0.047789622727519854
2015-06-03,0.0036429523935091967,0.003692952393509197,4.9999999999999996e-05,0.16666666666666666,0.5833333333333334,7,12,1.020389662025162,-0.04432076565451093
2015-06-04,-0.003353972758017345,-0.003353972758017345,0.0,0.0,0.4166666666666667,5,12,1.0169673028961672,-0.047526087771908476
2015-06-05,0.0006176575595883729,0.000667657559588373,4.9999999999999996e-05,0.16666666666666666,0.4166666666666667,5,12,1.0175954404386554,-0.046937785059710024
2015-06-08,-0.0015785538880308102,-0.0015535538880308102,2.4999999999999998e-05,0.08333333333333333,0.4166666666666667,5,12,1.0159891111997084,-0.04844224512463935
2015-06-09,0.00027137457147297095,0.00027137457147297095,0.0,0.0,0.3333333333333333,4,12,1.0162648248093815,-0.04818401654667814
2015-06-10,0.0046581423254373755,0.0046581423254373755,0.0,0.0,0.3333333333333333,4,12,1.0209987310036792,-0.04375032222812647
2015-06-11,-0.00042778439635746124,-0.00042778439635746124,0.0,0.0,0.3333333333333333,4,12,1.0205619636778551,-0.0441593909192991
2015-06-12,-0.0027141544334856604,-0.0027141544334856604,0.0,0.0,0.3333333333333333,4,12,1.017792000899492,-0.04675368994614115
2015-06-15,-0.002820257871481574,-0.002820257871481574,0.0,0.0,0.3333333333333333,4,12,1.0149215649974244,-0.049442090355531154
2015-06-16,0.0017837733998889752,0.0018337733998889754,4.9999999999999996e-05,0.16666666666666666,0.3333333333333333,4,12,1.0167319550880403,-0.047746510441253553
2015-06-17,-0.0007352551508307178,-0.0007352551508307178,0.0,0.0,0.5,6,12,1.0159843976810476,-0.04844665972434803
2015-06-18,0.0053824797379574294,0.005407479737957428,2.4999999999999998e-05,0.08333333333333333,0.5,6,12,1.0214529131156467,-0.04332494315072877
2015-06-19,-0.00403670116993616,-0.00396170116993616,7.5e-05,0.25,0.4166666666666667,5,12,1.0173296129462381,-0.04718675447196086
2015-06-22,0.0016318696521855248,0.0017318696521855248,9.999999999999999e-05,0.3333333333333333,0.16666666666666666,2,12,1.0189897622678747,-0.045631887452383224
2015-06-23,0.002890103773069188,0.002890103773069188,0.0,0.0,0.5,6,12,1.0219347484245238,-0.04287366456941266
2015-06-24,-0.003564037907866675,-0.0035390379078666747,2.4999999999999998e-05,0.08333333333333333,0.5,6,12,1.0182925342417726,-0.046284899111504796
2015-06-25,-0.0020730423624444817,-0.002048042362444482,2.4999999999999998e-05,0.08333333333333333,0.4166666666666667,5,12,1.0161815706809285,-0.04826199091734962
2015-06-26,-0.001062382591527657,-0.001012382591527657,4.9999999999999996e-05,0.16666666666666666,0.5,6,12,1.0151019970704058,-0.04927310080989422
2015-06-29,-0.01140388709931979,-0.01135388709931979,4.9999999999999996e-05,0.16666666666666666,0.5,6,12,1.0035258885015208,-0.06011508303054469
2015-06-30,0.0033202545295609055,0.0033452545295609057,2.4999999999999998e-05,0.08333333333333333,0.6666666666666666,8,12,1.0068578498783496,-0.056994425877710864
2015-07-01,0.003254043622004247,0.003254043622004247,0.0,0.0,0.5833333333333334,7,12,1.0101342092430112,-0.05392584460372363
2015-07-02,-0.0006623855419067875,-0.0006373855419067875,2.4999999999999998e-05,0.08333333333333333,0.5833333333333334,7,12,1.0094651109474233,-0.05455251044582976
2015-07-06,-0.001224103068865769,-0.001224103068865769,0.0,0.0,0.5,6,12,1.0082294216071996,-0.055709835619244474
2015-07-07,-0.0023827734543894474,-0.0023827734543894474,0.0,0.0,0.5,6,12,1.0058270393054596,-0.05795986515617202
2015-07-08,-0.009624471768308293,-0.009624471768308293,0.0,0.0,0.5,6,12,0.9961464853618631,-0.06702650383858966
2015-07-09,0.006823619098619745,0.006823619098619745,0.0,0.0,0.5,6,12,1.0029438095444012,-0.06066024807167669
2015-07-10,0.008401266295998168,0.008426266295998167,2.4999999999999998e-05,0.08333333333333333,0.5,6,12,1.0113698075683066,-0.052768604673309905
2015-07-13,0.014337089992136953,0.014337089992136953,0.0,0.0,0.5833333333333334,7,12,1.0258699075147437,-0.03918806291513366
2015-07-14,0.004871831809035964,0.004921831809035965,4.9999999999999996e-05,0.16666666666666666,0.5833333333333334,7,12,1.0308677731621068,-0.03450714875754224
2015-07-15,0.001864939843759227,0.001889939843759227,2.4999999999999998e-05,0.08333333333333333,0.4166666666666667,5,12,1.032790279545924,-0.03270656267039551
2015-07-16,0.019615506190890458,0.019615506190890458,0.0,0.0,0.3333333333333333,4,12,1.0530489836682486,-0.013732612262049027
2015-07-17,0.0028140387496664557,0.002839038749666456,2.4999999999999998e-05,0.08333333333333333,0.3333333333333333,4,12,1.056012304313588,-0.01095721761542201
2015-07-20,-0.0028620519951283174,-0.0028620519951283174,0.0,0.0,0.25,3,12,1.0529899421911473,-0.013787909484013094
2015-07-21,0.0016389572322673869,0.0016389572322673869,0.0,0.0,0.25,3,12,1.0547157476724063,-0.012171550045712354
2015-07-22,0.002182229340266545,0.002182229340266545,0.0,0.0,0.25,3,12,1.057017379322618,-0.010015881819072203
2015-07-23,-0.002243648932381773,-0.0022186489323817726,2.4999999999999998e-05,0.08333333333333333,0.25,3,12,1.0546458034079917,-0.012237058628903896
2015-07-24,-0.001448774746227427,-0.001448774746227427,0.0,0.0,0.16666666666666666,2,12,1.0531178592017996,-0.013668104633621558
2015-07-27,-0.0033062287127601786,-0.0033062287127601786,0.0,0.0,0.16666666666666666,2,12,1.049636010697786,-0.01692914346639307
2015-07-28,0.00036701640903194873,0.00041701640903194875,4.9999999999999996e-05,0.16666666666666666,0.16666666666666666,2,12,1.050021244337223,-0.01656834033080412
2015-07-29,0.0033204199326634654,0.0033204199326634654,0.0,0.0,0.3333333333333333,4,12,1.0535077558066404,-0.01330293424562623
2015-07-30,0.0034131288263067328,0.0034131288263067328,0.0,0.0,0.3333333333333333,4,12,1.0571035134967215,-0.009935210047667953
2015-07-31,-0.00030492177996257103,-0.00030492177996257103,0.0,0.0,0.3333333333333333,4,12,1.0567811796117814,-0.010237102365698414
2015-08-03,-0.0018419571942387628,-0.0018169571942387626,2.4999999999999998e-05,0.08333333333333333,0.3333333333333333,4,12,1.0548346339152594,-0.012060203255586432
2015-08-04,0.006001656511848638,0.006026656511848638,2.4999999999999998e-05,0.08333333333333333,0.4166666666666667,5,12,1.0611653890648203,-0.006130927941141118
2015-08-05,0.0063991516972318726,0.006424151697231872,2.4999999999999998e-05,0.08333333333333333,0.5,6,12,1.0679559473652982,0.0
2015-08-06,-0.0016206601738671881,-0.0015956601738671878,2.4999999999999998e-05,0.08333333333333333,0.5833333333333334,7,12,1.0662251536939586,-0.0016206601738671944
2015-08-07,-0.004905473038596915,-0.004905473038596915,0.0,0.0,0.6666666666666666,8,12,1.060994814949439,-0.0065181831076764896
2015-08-10,0.003810596959489034,0.003810596959489034,0.0,0.0,0.6666666666666666,8,12,1.065037838565319,-0.002732424316919002
2015-08-11,0.0011709021514252071,0.0011709021514252071,0.0,0.0,0.6666666666666666,8,12,1.0662848936618443,-0.0015647215670051562
2015-08-12,-0.003956043581776721,-0.003956043581776721,0.0,0.0,0.6666666666666666,8,12,1.0620666241519279,-0.005514575042069425
2015-08-13,0.002020568863791613,0.002020568863791613,0.0,0.0,0.6666666666666666,8,12,1.0642126029039614,-0.0035051487569051076
2015-08-14,0.0027434594853524377,0.0027434594853524377,0.0,0.0,0.6666666666666666,8,12,1.0671322270638297,-0.0007713055051574713
2015-08-17,0.0033249021350966468,0.0033249021350966468,0.0,0.0,0.6666666666666666,8,12,1.0706803372840248,0.0
2015-08-18,-0.0016234987164999808,-0.0016234987164999808,0.0,0.0,0.6666666666666666,8,12,1.0689420891306625,-0.001623498716499916
2015-08-19,-0.00377958669786267,-0.00375458669786267,2.4999999999999998e-05,0.08333333333333333,0.6666666666666666,8,12,1.0649019298297986,-0.005396949260209838
2015-08-20,-0.02660754758728494,-0.02660754758728494,0.0,0.0,0.75,9,12,1.0365675010560607,-0.031860897263227494
2015-08-21,-0.03608099434798432,-0.03605599434798432,2.4999999999999998e-05,0.08333333333333333,0.75,9,12,0.9991671149091528,-0.06679231875713554
2015-08-24,-0.0331767011922376,-0.0331767011922376,0.0,0.0,0.6666666666666666,8,12,0.9660180460967017,-0.097753071148031
2015-08-25,0.000282808388740267,0.000282808388740267,0.0,0.0,0.6666666666666666,8,12,0.9662912441038124,-0.09749790814783643
2015-08-26,0.043384565120064715,0.04350956512006471,0.00012499999999999998,0.4166666666666667,0.6666666666666666,8,12,1.0082133695085824,-0.05834324737288177
2015-08-27,0.01039732071805693,0.01044732071805693,4.9999999999999996e-05,0.16666666666666666,0.25,3,12,1.018696087263596,-0.048552540109493725
2015-08-28,-0.0008022320147505349,-0.0007522320147505349,4.9999999999999996e-05,0.16666666666666666,0.4166666666666667,5,12,1.017878856649092,-0.04931582172217097
2015-08-31,-0.00721529793849765,-0.00721529793849765,0.0,0.0,0.4166666666666667,5,12,1.0105345574330715,-0.05617529131386123
2015-09-01,-0.016532129049933567,-0.016507129049933567,2.4999999999999998e-05,0.08333333333333333,0.4166666666666667,5,12,0.9938282697201705,-0.07177872319837642
2015-09-02,0.009206396773590288,0.009231396773590287,2.4999999999999998e-05,0.08333333333333333,0.3333333333333333,4,12,1.002977847096025,-0.06323314983045203
2015-09-03,-0.008139384419425993,-0.008139384419425993,0.0,0.0,0.4166666666666667,5,12,0.9948142248343423,-0.07085785533535682
2015-09-04,-0.004533403880693028,-0.004533403880693028,0.0,0.0,0.4166666666666667,5,12,0.9903043301669098,-0.07507003193969486
2015-09-08,0.0049195445922651645,0.004969544592265164,4.9999999999999996e-05,0.16666666666666666,0.4166666666666667,5,12,0.9951761764790792,-0.07051979771709982
2015-09-09,0.0033198004182148325,0.0033448004182148328,2.4999999999999998e-05,0.08333333333333333,0.25,3,12,0.998479962765952,-0.06743410895283852
2015-09-10,0.003281730345991681,0.003281730345991681,0.0,0.0,0.3333333333333333,4,12,1.0017567047596256,-0.0643736791685523
2015-09-11,0.0006315725576751438,0.0006315725576751438,0.0,0.0,0.3333333333333333,4,12,1.002389386803819,-0.06378276326007648
2015-09-14,-0.0035458363781984167,-0.0035208363781984164,2.4999999999999998e-05,0.08333333333333333,0.3333333333333333,4,12,0.99883507805097,-0.06710243639600522
2015-09-15,0.006197327761417883,0.0062223277614178825,2.4999999999999998e-05,0.08333333333333333,0.25,3,12,1.0050251864092532,-0.06132096442652324
2015-09-16,0.00016659696395702564,0.00016659696395702564,0.0,0.0,0.16666666666666666,2,12,1.0051926205540094,-0.06116458334906649
2015-09-17,0.0016518116373218806,0.0016768116373218807,2.4999999999999998e-05,0.08333333333333333,0.16666666666666666,2,12,1.0068530094223906,-0.05961380408231254
2015-09-18,-0.0017943264893451542,-0.001769326489345154,2.4999999999999998e-05,0.08333333333333333,0.08333333333333333,1,12,1.0050463863967072,-0.06130116394386209
2015-09-21,0.0,0.0,0.0,0.0,0.0,0,12,1.0050463863967072,-0.06130116394386209
2015-09-22,0.0,0.0,0.0,0.0,0.0,0,12,1.0050463863967072,-0.06130116394386209
2015-09-23,0.0,0.0,0.0,0.0,0.0,0,12,1.0050463863967072,-0.06130116394386209
2015-09-24,0.0,0.0,0.0,0.0,0.0,0,12,1.0050463863967072,-0.06130116394386209
2015-09-25,-4.9999999999999996e-05,0.0,4.9999999999999996e-05,0.16666666666666666,0.0,0,12,1.0049961340773874,-0.06134809888566484
2015-09-28,-0.004420649456094885,-0.0043956494560948856,2.4999999999999998e-05,0.08333333333333333,0.16666666666666666,2,12,1.0005533984639008,-0.06549754990178835
2015-09-29,-0.0015786634570935524,-0.0015286634570935524,4.9999999999999996e-05,0.16666666666666666,0.25,3,12,0.998973861376875,-0.0669728147703228
2015-09-30,0.002657555049354591,0.002657555049354591,0.0,0.0,0.08333333333333333,1,12,1.0016286894063504,-0.06449324366303055
2015-10-01,0.0014374833134723024,0.0014374833134723024,0.0,0.0,0.08333333333333333,1,12,1.003068513933667,-0.06314846831115573
2015-10-02,0.0018916116146873534,0.0018916116146873534,0.0,0.0,0.08333333333333333,1,12,1.0049659299849512,-0.06137630907257541
2015-10-05,0.0017432180368297894,0.0017432180368297894,0.0,0.0,0.08333333333333333,1,12,1.0067178047205003,-0.059740083324755
2015-10-06,-0.0009753139101432097,-0.0009503139101432098,2.4999999999999998e-05,0.08333333333333333,0.08333333333333333,1,12,1.0057359388419675,-0.060657131900638483
2015-10-07,0.0,0.0,0.0,0.0,0.0,0,12,1.0057359388419675,-0.060657131900638483
2015-10-08,0.0,0.0,0.0,0.0,0.0,0,12,1.0057359388419675,-0.060657131900638483
2015-10-09,-2.4999999999999998e-05,0.0,2.4999999999999998e-05,0.08333333333333333,0.0,0,12,1.0057107954434965,-0.06068061547234105
2015-10-12,0.0009116259116259129,0.0009116259116259129,0.0,0.0,0.08333333333333333,1,12,1.0066276274642247,-0.0598243075821131
2015-10-13,-0.00012377112949996105,-0.00012377112949996105,0.0,0.0,0.08333333333333333,1,12,1.0065030360257876,-0.059940674189492005
2015-10-14,-6.926972659018109e-05,-4.42697265901811e-05,2.4999999999999998e-05,0.08333333333333333,0.08333333333333333,1,12,1.00643331583567,-0.060005791841969414
2015-10-15,0.002947594285579296,0.002972594285579296,2.4999999999999998e-05,0.08333333333333333,0.16666666666666666,2,12,1.0093998729262437,-0.057235070285525325
2015-10-16,0.0013720994858969122,0.0013720994858969122,0.0,0.0,0.08333333333333333,1,12,1.0107848699729503,-0.055941503010142335
2015-10-19,0.0007945458273528697,0.0007945458273528697,0.0,0.0,0.08333333333333333,1,12,1.0115879848737386,-0.055191405270582194
2015-10-20,-0.0012690337158525401,-0.00124403371585254,2.4999999999999998e-05,0.08333333333333333,0.08333333333333333,1,12,1.0103042456143825,-0.05639039923232103
2015-10-21,-2.4999999999999998e-05,0.0,2.4999999999999998e-05,0.08333333333333333,0.0,0,12,1.0102789880082421,-0.05641398947234022
2015-10-22,0.0021718214739299105,0.002196821473929911,2.4999999999999998e-05,0.08333333333333333,0.08333333333333333,1,12,1.0124731336090587,-0.0543646891121764
2015-10-23,0.002172434305557226,0.0021974343055572256,2.4999999999999998e-05,0.08333333333333333,0.16666666666666666,2,12,1.0146726649779658,-0.052310358522257516
2015-10-26,0.0008868097813600206,0.0008868097813600206,0.0,0.0,0.25,3,12,1.015572486622147,-0.05146993807850153
2015-10-27,-2.0830004304198096e-05,4.169995695801898e-06,2.4999999999999998e-05,0.08333333333333333,0.25,3,12,1.0155513322428793,-0.05148969596377406
2015-10-28,0.001624721098529791,0.001624721098529791,0.0,0.0,0.16666666666666666,2,12,1.0172013199190144,-0.049948631260633425
2015-10-29,0.0004931858849407297,0.0004931858849407297,0.0,0.0,0.16666666666666666,2,12,1.0177029892521414,-0.04948007933560261
2015-10-30,-0.0018703232839407105,-0.0017953232839407103,7.5e-05,0.25,0.16666666666666666,2,12,1.015799555655207,-0.05125785887507073
2015-11-02,0.0011825425688064893,0.0012075425688064894,2.4999999999999998e-05,0.08333333333333333,0.08333333333333333,1,12,1.0170007818711442,-0.05013593090636981
2015-11-03,0.0010022190186001025,0.0010772190186001025,7.5e-05,0.25,0.16666666666666666,2,12,1.0180200393966665,-0.0491839590712394
2015-11-04,4.653566059892962e-05,7.153566059892962e-05,2.4999999999999998e-05,0.08333333333333333,0.4166666666666667,5,12,1.018067413631703,-0.04913971221866653
2015-11-05,0.001561783417986089,0.0015867834179860891,2.4999999999999998e-05,0.08333333333333333,0.3333333333333333,4,12,1.019657414436705,-0.04765467438838811
2015-11-06,0.00861917566749757,0.00864417566749757,2.4999999999999998e-05,0.08333333333333333,0.4166666666666667,5,12,1.0284460208124013,-0.039446242730821535
2015-11-09,-0.003206893174577044,-0.003131893174577044,7.5e-05,0.25,0.3333333333333333,4,12,1.025147904287837,-0.04252663601882234
2015-11-10,-0.0019110522491563827,-0.0018610522491563826,4.9999999999999996e-05,0.16666666666666666,0.25,3,12,1.02318879307963,-0.04435641764456588
2015-11-11,-0.0012584322074081342,-0.0012334322074081343,2.4999999999999998e-05,0.08333333333333333,0.4166666666666667,5,12,1.0219011793481594,-0.045559030307404935
2015-11-12,-0.0073101074187095,-0.007260107418709499,4.9999999999999996e-05,0.16666666666666666,0.5,6,12,1.0144309719558184,-0.05253609632067502
2015-11-13,-0.012554733838735543,-0.012504733838735543,4.9999999999999996e-05,0.16666666666666666,0.6666666666666666,8,12,1.0016950611051434,-0.06443125345317824
2015-11-16,0.017712844018000804,0.017762844018000806,4.9999999999999996e-05,0.16666666666666666,0.8333333333333334,10,12,1.0194379294761005,-0.04785967017747805
2015-11-17,0.001712479837819961,0.0017874798378199608,7.5e-05,0.25,0.6666666666666666,8,12,1.021183696376237,-0.04622914905988185
2015-11-18,0.02126286218351525,0.021312862183515247,4.9999999999999996e-05,0.16666666666666666,0.9166666666666666,11,12,1.0428969845763376,-0.025949250901688092
2015-11-19,-0.0013371245482666615,-0.0013121245482666615,2.4999999999999998e-05,0.08333333333333333,0.75,9,12,1.0415025014169474,-0.027251678069564855
2015-11-20,0.0011524920210877938,0.0011524920210877938,0.0,0.0,0.6666666666666666,8,12,1.0427028247397734,-0.026130593390013557
2015-11-23,-0.001923825821641865,-0.001923825821641865,0.0,0.0,0.6666666666666666,8,12,1.04069684612124,-0.028004148501356907
2015-11-24,0.00036969068134449595,0.00036969068134449595,0.0,0.0,0.6666666666666666,8,12,1.0410815820473556,-0.027644810692752486
2015-11-25,-0.002109137243536747,-0.002034137243536747,7.5e-05,0.25,0.6666666666666666,8,12,1.0388857981090993,-0.02969564123646662
2015-11-27,0.0014135752644695596,0.0015635752644695595,0.00015,0.5,0.5833333333333334,7,12,1.040354341375915,-0.028324042995911403
2015-11-30,-0.0014767325680272068,-0.0014017325680272068,7.5e-05,0.25,0.08333333333333333,1,12,1.0388180162377167,-0.02975894852718841
2015-12-01,0.006583438587116554,0.006608438587116554,2.4999999999999998e-05,0.08333333333333333,0.3333333333333333,4,12,1.045657010850808,-0.02337142615011767
2015-12-02,-0.0005984974510175035,-0.0005234974510175036,7.5e-05,0.25,0.4166666666666667,5,12,1.0450311877951752,-0.02395593586215783
2015-12-03,-0.008091342359187811,-0.008016342359187809,7.5e-05,0.25,0.6666666666666666,8,12,1.0365754826786957,-0.03185344254275024
2015-12-04,0.01542194438524439,0.015471944385244388,4.9999999999999996e-05,0.16666666666666666,0.75,9,12,1.0525614921236743,-0.01692274017687878
2015-12-07,-0.006855689682986779,-0.006830689682986779,2.4999999999999998e-05,0.08333333333333333,0.5833333333333334,7,12,1.045345457161413,-0.023662412804626998
2015-12-08,-0.005759864583172476,-0.005759864583172476,0.0,0.0,0.6666666666666666,8,12,1.0393244088855287,-0.029285985094333666
2015-12-09,-0.004995250939141351,-0.004945250939141351,4.9999999999999996e-05,0.16666666666666666,0.6666666666666666,8,12,1.0341327226559707,-0.0341349451889289
2015-12-10,0.0005594430301601052,0.0005844430301601052,2.4999999999999998e-05,0.08333333333333333,0.8333333333333334,10,12,1.034711260999921,-0.03359459871593973
2015-12-11,-0.021754489851256317,-0.02170448985125632,4.9999999999999996e-05,0.16666666666666666,0.9166666666666666,11,12,1.0122016453735176,-0.054618255210373
2015-12-14,0.009709723045785684,0.009709723045785684,0.0,0.0,0.9166666666666666,11,12,1.022029843016583,-0.045438860295924144
2015-12-15,0.0043661083098827935,0.0043661083098827935,0.0,0.0,0.9166666666666666,11,12,1.026492136007126,-0.04127114297157097
2015-12-16,0.01957732207941214,0.01967732207941214,9.999999999999999e-05,0.3333333333333333,0.9166666666666666,11,12,1.0465881031657214,-0.022501799350698626
2015-12-17,-0.007350914747338074,-0.007275914747338075,7.5e-05,0.25,0.5833333333333334,7,12,1.038894723243772,-0.02968730528934793
2015-12-18,-0.018454266852763718,-0.018379266852763716,7.5e-05,0.25,0.8333333333333334,10,12,1.0197226827891033,-0.047593714688162536
2015-12-21,0.0041529922034576955,0.004177992203457696,2.4999999999999998e-05,0.08333333333333333,0.5833333333333334,7,12,1.0239575831404155,-0.04363837881073829
2015-12-22,0.0014419193596096151,0.0014419193596096151,0.0,0.0,0.5,6,12,1.0254340474029646,-0.0422593824743579
2015-12-23,0.005118674664417822,0.005143674664417823,2.4999999999999998e-05,0.08333333333333333,0.5,6,12,1.0306829106814377,-0.03735701984034545
2015-12-24,-0.0012851790112346844,-0.0011351790112346845,0.00015,0.5,0.5833333333333334,7,12,1.0293582986373917,-0.038594188393759055
2015-12-28,-0.0001562544390465622,-0.0001562544390465622,0.0,0.0,0.08333333333333333,1,12,1.0291974568338602,-0.038744412319547616
2015-12-29,0.0014302792246605838,0.0014302792246605838,0.0,0.0,0.08333333333333333,1,12,1.0306694965744432,-0.03736954842289941
2015-12-30,-0.001685974927244242,-0.001685974927244242,0.0,0.0,0.08333333333333333,1,12,1.0289318136449432,-0.03899251922846014
2015-12-31,-0.0017636677805386598,-0.0016636677805386597,9.999999999999999e-05,0.3333333333333333,0.08333333333333333,1,12,1.0271171197568465,-0.04068741715915347
2016-01-04,-0.01123158493330993,-0.01120658493330993,2.4999999999999998e-05,0.08333333333333333,0.4166666666666667,5,12,1.0155809665898408,-0.05146201791092342
2016-01-05,-0.001271668750036727,-0.001221668750036727,4.9999999999999996e-05,0.16666666666666666,0.5,6,12,1.0142894840114964,-0.052668244020968924
2016-01-06,0.0031346830707923747,0.003184683070792375,4.9999999999999996e-05,0.16666666666666666,0.6666666666666666,8,12,1.01746896008591,-0.04969865920307759
2016-01-07,-0.023313344623513064,-0.023288344623513063,2.4999999999999998e-05,0.08333333333333333,0.6666666666666666,8,12,0.9937483555756996,-0.07185336185726277
2016-01-08,-0.006672477873022091,-0.006672477873022091,0.0,0.0,0.5833333333333334,7,12,0.9871175916617687,-0.07804639976318994
2016-01-11,0.005036104396243817,0.005061104396243817,2.4999999999999998e-05,0.08333333333333333,0.5833333333333334,7,12,0.9920888189047462,-0.07340334518390457
2016-01-12,0.004690270969701908,0.004690270969701908,0.0,0.0,0.5,6,12,0.9967419842914209,-0.06905735579319772
2016-01-13,-0.020801381863472745,-0.020801381863472745,0.0,0.0,0.5,6,12,0.9760083736568196,-0.08842224922833442
2016-01-14,0.009813940497812366,0.009838940497812365,2.4999999999999998e-05,0.08333333333333333,0.5,6,12,0.9855868617612542,-0.07947607942313173
2016-01-15,-0.012962543278098404,-0.012912543278098404,4.9999999999999996e-05,0.16666666666666666,0.4166666666666667,5,12,0.9728111494113487,-0.09140841058213423
2016-01-19,0.0011355614113289449,0.0011855614113289448,4.9999999999999996e-05,0.16666666666666666,0.25,3,12,0.9739158362131307,-0.09037664903453335
2016-01-20,-0.0004216048723027249,-0.0003966048723027249,2.4999999999999998e-05,0.08333333333333333,0.08333333333333333,1,12,0.9735052285513706,-0.09076015067126064
2016-01-21,0.0,0.0,0.0,0.0,0.0,0,12,0.9735052285513706,-0.09076015067126064
2016-01-22,0.0,0.0,0.0,0.0,0.0,0,12,0.9735052285513706,-0.09076015067126064
2016-01-25,0.0,0.0,0.0,0.0,0.0,0,12,0.9735052285513706,-0.09076015067126064
2016-01-26,0.0,0.0,0.0,0.0,0.0,0,12,0.9735052285513706,-0.09076015067126064
2016-01-27,0.0,0.0,0.0,0.0,0.0,0,12,0.9735052285513706,-0.09076015067126064
2016-01-28,0.0,0.0,0.0,0.0,0.0,0,12,0.9735052285513706,-0.09076015067126064
2016-01-29,0.0,0.0,0.0,0.0,0.0,0,12,0.9735052285513706,-0.09076015067126064
2016-02-01,0.0,0.0,0.0,0.0,0.0,0,12,0.9735052285513706,-0.09076015067126064
2016-02-02,0.0,0.0,0.0,0.0,0.0,0,12,0.9735052285513706,-0.09076015067126064
2016-02-03,0.0,0.0,0.0,0.0,0.0,0,12,0.9735052285513706,-0.09076015067126064
2016-02-04,0.0,0.0,0.0,0.0,0.0,0,12,0.9735052285513706,-0.09076015067126064
2016-02-05,0.0,0.0,0.0,0.0,0.0,0,12,0.9735052285513706,-0.09076015067126064
2016-02-08,0.0,0.0,0.0,0.0,0.0,0,12,0.9735052285513706,-0.09076015067126064
2016-02-09,0.0,0.0,0.0,0.0,0.0,0,12,0.9735052285513706,-0.09076015067126064
2016-02-10,0.0,0.0,0.0,0.0,0.0,0,12,0.9735052285513706,-0.09076015067126064
2016-02-11,0.0,0.0,0.0,0.0,0.0,0,12,0.9735052285513706,-0.09076015067126064
2016-02-12,0.0,0.0,0.0,0.0,0.0,0,12,0.9735052285513706,-0.09076015067126064
2016-02-16,0.0,0.0,0.0,0.0,0.0,0,12,0.9735052285513706,-0.09076015067126064
2016-02-17,0.0,0.0,0.0,0.0,0.0,0,12,0.9735052285513706,-0.09076015067126064
2016-02-18,0.0,0.0,0.0,0.0,0.0,0,12,0.9735052285513706,-0.09076015067126064
2016-02-19,0.0,0.0,0.0,0.0,0.0,0,12,0.9735052285513706,-0.09076015067126064
2016-02-22,0.0,0.0,0.0,0.0,0.0,0,12,0.9735052285513706,-0.09076015067126064
2016-02-23,0.0,0.0,0.0,0.0,0.0,0,12,0.9735052285513706,-0.09076015067126064
2016-02-24,0.0,0.0,0.0,0.0,0.0,0,12,0.9735052285513706,-0.09076015067126064
2016-02-25,-2.4999999999999998e-05,0.0,2.4999999999999998e-05,0.08333333333333333,0.0,0,12,0.9734808909206567,-0.09078288166749393
2016-02-26,-0.00026419542332236273,-0.00026419542332236273,0.0,0.0,0.08333333333333333,1,12,0.9732237017245837,-0.09102309266896369
2016-02-29,-0.0016559887869520868,-0.0016309887869520867,2.4999999999999998e-05,0.08333333333333333,0.08333333333333333,1,12,0.9716120541873319,-0.09252834823510214
2016-03-01,0.0034351373224088544,0.0034351373224088544,0.0,0.0,0.16666666666666666,2,12,0.9749496750175731,-0.08941105849509656
2016-03-02,0.0015545189730654478,0.0015545189730654478,0.0,0.0,0.16666666666666666,2,12,0.9764652527851719,-0.08799553070886357
2016-03-03,-0.000582727959412869,-0.000582727959412869,0.0,0.0,0.16666666666666666,2,12,0.9758962391809789,-0.08852698121222902
2016-03-04,-0.0010162164480915965,-0.0010162164480915965,0.0,0.0,0.16666666666666666,2,12,0.9749045173710925,-0.08945323508591274
2016-03-07,0.00012742875116971962,0.00015242875116971977,2.4999999999999998e-05,0.08333333333333333,0.16666666666666666,2,12,0.9750287482362507,-0.0893372052487782
2016-03-08,0.0001326342255430463,0.0001576342255430463,2.4999999999999998e-05,0.08333333333333333,0.08333333333333333,1,12,0.9751580704191553,-0.08921642019426557
2016-03-09,0.0010110014637007652,0.0010110014637007652,0.0,0.0,0.16666666666666666,2,12,0.9761439566556886,-0.08829561666196728
2016-03-10,-0.0003947650312652623,-0.0003697650312652623,2.4999999999999998e-05,0.08333333333333333,0.16666666666666666,2,12,0.9757586091561201,-0.08865552567136037
2016-03-11,0.0027463505355325344,0.0027463505355325344,0.0,0.0,0.25,3,12,0.9784383843349265,-0.08615265428623331
2016-03-14,0.00039639224694277647,0.00039639224694277647,0.0,0.0,0.25,3,12,0.978826229724588,-0.08579041228350326
2016-03-15,0.0010336242973847758,0.0010336242973847758,0.0,0.0,0.25,3,12,0.9798379682985489,-0.08484546304073737
2016-03-16,0.0008845937795459169,0.0008845937795459169,0.0,0.0,0.25,3,12,0.9807047268702687,-0.08403592303001994
2016-03-17,0.002557246018105965,0.002557246018105965,0.0,0.0,0.25,3,12,0.9832126301279954,-0.08169357754146034
2016-03-18,0.00028918724852781226,0.00031418724852781227,2.4999999999999998e-05,0.08333333333333333,0.25,3,12,0.9834969626832198,-0.08142801503384423
2016-03-21,0.0007572594079648017,0.0007572594079648017,0.0,0.0,0.16666666666666666,2,12,0.9842417250109166,-0.08073241775633566
2016-03-22,0.00019260647116424632,0.00021760647116424633,2.4999999999999998e-05,0.08333333333333333,0.16666666666666666,2,12,0.9844312963363434,-0.08055536087126414
2016-03-23,-0.00010588531866621278,-3.08853186662128e-05,7.5e-05,0.25,0.25,3,12,0.9843270595148259,-0.08065271655987416
2016-03-24,-0.0002582424008910807,-0.0002582424008910807,0.0,0.0,0.5,6,12,0.9840728645317147,-0.0808901310096024
2016-03-28,0.0009514558138559791,0.000976455813855979,2.4999999999999998e-05,0.08333333333333333,0.5,6,12,0.9850091663799313,-0.0800156385811791
2016-03-29,0.006672116881154388,0.006747116881154387,7.5e-05,0.25,0.4166666666666667,5,12,0.9915812626670266,-0.07387739539295857
2016-03-30,0.003610693205849379,0.0036356932058493794,2.4999999999999998e-05,0.08333333333333333,0.5,6,12,0.9951615583951859,-0.07053345079672046
2016-03-31,-0.003069057948216436,-0.003069057948216436,0.0,0.0,0.4166666666666667,5,12,0.9921073499046338,-0.07338603749715411
2016-04-01,0.0030071503368246997,0.0030321503368246996,2.4999999999999998e-05,0.08333333333333333,0.4166666666666667,5,12,0.9950907658560658,-0.07059957000770711
2016-04-04,-0.0032953052135894037,-0.0032953052135894037,0.0,0.0,0.5,6,12,0.9918116380673456,-0.07366222809017298
2016-04-05,-0.005915410781252524,-0.005765410781252524,0.00015,0.5,0.5,6,12,0.9859446648105503,-0.0791418965332098
2016-04-06,0.009698662089316126,0.009698662089316126,0.0,0.0,1.0,12,12,0.9955070089533118,-0.07021080495547705
2016-04-07,-0.015692443575604415,-0.015692443575604415,0.0,0.0,1.0,12,12,0.9798850713861933,-0.08480146943591971
2016-04-08,6.540354504540787e-05,6.540354504540787e-05,0.0,0.0,1.0,12,12,0.9799491593435989,-0.08474161220760057
2016-04-11,7.423475934566677e-05,7.423475934566677e-05,0.0,0.0,1.0,12,12,0.9800219056336138,-0.08467366822144373
2016-04-12,0.015191344141792865,0.015241344141792864,4.9999999999999996e-05,0.16666666666666666,1.0,12,12,0.9949097556685896,-0.07076863091335084
2016-04-13,0.014402600944002733,0.014477600944002736,7.5e-05,0.25,0.8333333333333334,10,12,1.0092390438547796,-0.05738528231974649
2016-04-14,0.0019483657673487077,0.001973365767348708,2.4999999999999998e-05,0.08333333333333333,0.5833333333333334,7,12,1.011205410658898,-0.05554872407201927
2016-04-15,-0.0019434180601242534,-0.0019184180601242533,2.4999999999999998e-05,0.08333333333333333,0.5,6,12,1.009240215801328,-0.05738418773856513
2016-04-18,0.0008806482076670406,0.0009056482076670406,2.4999999999999998e-05,0.08333333333333333,0.4166666666666667,5,12,1.010129001388479,-0.05655407481297858
2016-04-19,0.0015805208789075014,0.0016055208789075015,2.4999999999999998e-05,0.08333333333333333,0.3333333333333333,4,12,1.0117255313655633,-0.05506293883010038
2016-04-20,0.0029847644042314916,0.0029847644042314916,0.0,0.0,0.4166666666666667,5,12,1.0147452937184356,-0.05224252432568122
2016-04-21,-0.0021770822368128748,-0.0021520822368128745,2.4999999999999998e-05,0.08333333333333333,0.4166666666666667,5,12,1.0125361097645917,-0.05430587029077838
2016-04-22,-0.001007971817350368,-0.0009329718173503679,7.5e-05,0.25,0.5,6,12,1.0115155019018995,-0.05525910332135886
2016-04-25,-0.002251937249446127,-0.0022019372494461267,4.9999999999999996e-05,0.16666666666666666,0.75,9,12,1.0092376324647745,-0.057386600537664534
2016-04-26,-0.006483821595666905,-0.006483821595666905,0.0,0.0,0.9166666666666666,11,12,1.0026939157082397,-0.06349833765346335
2016-04-27,-0.007761569856238308,-0.007761569856238308,0.0,0.0,0.9166666666666666,11,12,0.9949114368370451,-0.07076706072624939
2016-04-28,-0.005463734885577824,-0.005438734885577824,2.4999999999999998e-05,0.08333333333333333,0.9166666666666666,11,12,0.9894755045115382,-0.07584414315338728
2016-04-29,0.005211637922313585,0.005236637922313585,2.4999999999999998e-05,0.08333333333333333,1.0,12,12,0.9946322925740508,-0.07102777744371735
2016-05-02,0.012225299637210538,0.012225299637210538,0.0,0.0,0.9166666666666666,11,12,1.0067919703796142,-0.05967081366832139
2016-05-03,-0.01190453430861921,-0.01187953430861921,2.4999999999999998e-05,0.08333333333333333,0.9166666666666666,11,12,0.9948065808265877,-0.07086499472840291
2016-05-04,-0.00665412806473072,-0.00665412806473072,0.0,0.0,0.8333333333333334,10,12,0.9881870104381306,-0.07704757804290441
2016-05-05,-0.0030991686400684867,-0.0030741686400684864,2.4999999999999998e-05,0.08333333333333333,0.8333333333333334,10,12,0.9851244522448577,-0.07990796324530924
2016-05-06,0.007388203072540546,0.007488203072540546,9.999999999999999e-05,0.3333333333333333,0.9166666666666666,11,12,0.9924027517497679,-0.07311013643233821
2016-05-09,-0.001641943475746671,-0.001641943475746671,0.0,0.0,0.75,9,12,0.9907732825262193,-0.07463203719655875
2016-05-10,0.01389019255519256,0.013940192555192557,4.9999999999999996e-05,0.16666666666666666,0.75,9,12,1.0045353141990487,-0.06177849800881274
2016-05-11,-0.002369754029068891,-0.0023447540290688906,2.4999999999999998e-05,0.08333333333333333,0.5833333333333334,7,12,1.0021548125908835,-0.06400185219331544
2016-05-12,-0.000894404889935474,-0.000894404889935474,0.0,0.0,0.5,6,12,1.0012584804260298,-0.06483901351368426
2016-05-13,-0.00651353054065703,-0.00648853054065703,2.4999999999999998e-05,0.08333333333333333,0.5,6,12,0.994736752734683,-0.07093021315959391
2016-05-16,0.002027830058541492,0.002052830058541492,2.4999999999999998e-05,0.08333333333333333,0.5833333333333334,7,12,0.9967539098222143,-0.06904621751935625
2016-05-17,-0.001228045986819452,-0.001228045986819452,0.0,0.0,0.5,6,12,0.9955298501834106,-0.07018947157584599
2016-05-18,0.011706142149097895,0.011706142149097895,0.0,0.0,0.5,6,12,1.0071836641233276,-0.059304977358385025
2016-05-19,-0.002983337948774145,-0.002983337948774145,0.0,0.0,0.5,6,12,1.0041788948767632,-0.06211138851765474
2016-05-20,0.000358169205586234,0.000358169205586234,0.0,0.0,0.5,6,12,1.0045385608338078,-0.061775465698751586
2016-05-23,-0.0018151602256832537,-0.0017901602256832534,2.4999999999999998e-05,0.08333333333333333,0.5,6,12,1.002715162393017,-0.06347849355617541
2016-05-24,0.004776898456368448,0.004826898456368449,4.9999999999999996e-05,0.16666666666666666,0.4166666666666667,5,12,1.0075050309044296,-0.059004825417688034
2016-05-25,0.0011739305654397587,0.0011739305654397587,0.0,0.0,0.25,3,12,1.0086877718550424,-0.057900162420314705
2016-05-26,0.0014139078795311658,0.001463907879531166,4.9999999999999996e-05,0.16666666666666666,0.25,3,12,1.0101139634436551,-0.05656812003665568
2016-05-27,0.0016656984741008137,0.001690698474100814,2.4999999999999998e-05,0.08333333333333333,0.4166666666666667,5,12,1.011796508731231,-0.054996646993782705
2016-05-31,-0.0005531140287128893,-0.0005281140287128894,2.4999999999999998e-05,0.08333333333333333,0.3333333333333333,4,12,1.011236869888049,-0.05551934160551131
2016-06-01,0.0005227420673179309,0.0005227420673179309,0.0,0.0,0.25,3,12,1.0117654859399623,-0.05502562183360038
2016-06-02,-0.0001341378805934869,-0.0001091378805934869,2.4999999999999998e-05,0.08333333333333333,0.25,3,12,1.0116297698620207,-0.05515237869390277
2016-06-03,-0.0048549551432696125,-0.0048549551432696125,0.0,0.0,0.3333333333333333,4,12,1.0067183527077443,-0.05973957151256892
2016-06-06,0.0025427903654369013,0.0025427903654369013,0.0,0.0,0.3333333333333333,4,12,1.009278226435718,-0.05734868635400958
2016-06-07,-0.0007511811696281678,-0.0007011811696281678,4.9999999999999996e-05,0.16666666666666666,0.3333333333333333,4,12,1.0085200756371038,-0.05805678827034577
2016-06-08,0.0014626768363171939,0.001487676836317194,2.4999999999999998e-05,0.08333333333333333,0.3333333333333333,4,12,1.0099952145906992,-0.05667902975342243
2016-06-09,-0.0027950794586612446,-0.0027950794586612446,0.0,0.0,0.4166666666666667,5,12,1.0071721977130506,-0.05931568682028299
2016-06-10,-0.007844483208341323,-0.007819483208341324,2.4999999999999998e-05,0.08333333333333333,0.4166666666666667,5,12,0.9992714523201823,-0.06669486911937139
2016-06-13,-0.005187524493382084,-0.005187524493382084,0.0,0.0,0.5,6,12,0.9940877071857339,-0.07153641234561381
2016-06-14,-0.0049177971446394035,-0.0049177971446394035,0.0,0.0,0.5,6,12,0.9891989854978148,-0.07610240792588219
2016-06-15,-0.0006248104777522393,-0.0006248104777522393,0.0,0.0,0.5,6,12,0.9885809236070939,-0.07667966882178012
2016-06-16,0.0015731948717319182,0.0015731948717319182,0.0,0.0,0.5,6,12,0.9901361540464046,-0.07522710601180471
2016-06-17,-0.0014152254516068118,-0.0013902254516068118,2.4999999999999998e-05,0.08333333333333333,0.5,6,12,0.9887348881606421,-0.0765358681483328
2016-06-20,0.0025697555618289514,0.0025697555618289514,0.0,0.0,0.5833333333333334,7,12,0.9912756951386672,-0.07416279105935752
2016-06-21,0.00030813052599921255,0.0003331305259992127,2.4999999999999998e-05,0.08333333333333333,0.5833333333333334,7,12,0.9915811374400206,-0.07387751235317686
2016-06-22,-0.0025793134239434664,-0.002554313423943466,2.4999999999999998e-05,0.08333333333333333,0.5,6,12,0.9890235389012925,-0.07626627251778029
2016-06-23,0.006086357969600072,0.006086357969600072,0.0,0.0,0.4166666666666667,5,12,0.9950430901994063,-0.07064409838373054
2016-06-24,-0.015770579719752247,-0.01574557971975225,2.4999999999999998e-05,0.08333333333333333,0.4166666666666667,5,12,0.9793506838208279,-0.08530057971819216
2016-06-27,-0.006494972597702153,-0.006494972597702153,0.0,0.0,0.3333333333333333,4,12,0.9729898279658707,-0.09124152738805658
2016-06-28,0.009537479166028151,0.009537479166028151,0.0,0.0,0.3333333333333333,4,12,0.9822696981788525,-0.08257426238856869
2016-06-29,0.005703019245013998,0.005753019245013998,4.9999999999999996e-05,0.16666666666666666,0.3333333333333333,4,12,0.9878716011713606,-0.07734216575109953
2016-06-30,0.0012709020326346697,0.0012959020326346697,2.4999999999999998e-05,0.08333333333333333,0.16666666666666666,2,12,0.9891270891972714,-0.07616955803412617
2016-07-01,0.0011464783451179748,0.0011714783451179749,2.4999999999999998e-05,0.08333333333333333,0.08333333333333333,1,12,0.9902611019856058,-0.0751104064378515
2016-07-05,0.0,0.0,0.0,0.0,0.0,0,12,0.9902611019856058,-0.0751104064378515
2016-07-06,0.0,0.0,0.0,0.0,0.0,0,12,0.9902611019856058,-0.0751104064378515
2016-07-07,-2.4999999999999998e-05,0.0,2.4999999999999998e-05,0.08333333333333333,0.0,0,12,0.990236345458056,-0.07513352867769063
2016-07-08,0.0005199368904188298,0.0005199368904188298,0.0,0.0,0.08333333333333333,1,12,0.9907512058642931,-0.07465265648053876
2016-07-11,0.0003118095645356737,0.0003118095645356737,0.0,0.0,0.08333333333333333,1,12,0.9910601315663568,-0.07436412432831185
2016-07-12,0.0008908172684347016,0.0009408172684347016,4.9999999999999996e-05,0.16666666666666666,0.08333333333333333,1,12,0.9919429850456133,-0.07353955190598072
2016-07-13,-0.0006464832734125486,-0.0006214832734125486,2.4999999999999998e-05,0.08333333333333333,0.08333333333333333,1,12,0.9913017104976024,-0.07413849308915177
2016-07-14,-9.898456295395763e-05,-9.898456295395763e-05,0.0,0.0,0.16666666666666666,2,12,0.9912035869310333,-0.07423013908576925
2016-07-15,-0.0004983971549014088,-0.0004983971549014088,0.0,0.0,0.16666666666666666,2,12,0.9907095738833788,-0.07469154015054236
2016-07-18,-0.00019144006707119687,-0.00019144006707119687,0.0,0.0,0.16666666666666666,2,12,0.9905199123761065,-0.07486868126415747
2016-07-19,0.00010666945021866883,0.00013166945021866883,2.4999999999999998e-05,0.08333333333333333,0.16666666666666666,2,12,0.9906255705905904,-0.07476999801500772
2016-07-20,0.004549922643982068,0.004599922643982068,4.9999999999999996e-05,0.16666666666666666,0.25,3,12,0.9951328403059282,-0.07056027307808466
2016-07-21,-0.0006981489233662541,-0.0006981489233662541,0.0,0.0,0.25,3,12,0.9944380893848622,-0.07120916042276904
2016-07-22,-0.0011900154955795598,-0.0011650154955795595,2.4999999999999998e-05,0.08333333333333333,0.25,3,12,0.9932546926490997,-0.07231443591401832
2016-07-25,-0.004448441197761551,-0.0043984411977615505,4.9999999999999996e-05,0.16666666666666666,0.3333333333333333,4,12,0.9888362575544495,-0.07644119059586696
2016-07-26,-0.002217618582337442,-0.002217618582337442,0.0,0.0,0.5,6,12,0.9866433958948077,-0.07848929177348307
2016-07-27,0.005271567470729787,0.005321567470729788,4.9999999999999996e-05,0.16666666666666666,0.5,6,12,0.9918445531258171,-0.07363148590006707
2016-07-28,0.0042121218305456055,0.004237121830545605,2.4999999999999998e-05,0.08333333333333333,0.6666666666666666,8,12,0.9960223232205461,-0.06972950885869666
2016-07-29,0.004559343407177656,0.004559343407177656,0.0,0.0,0.5833333333333334,7,12,1.0005635310333234,-0.0654880862280196
2016-08-01,-0.00038138877326083224,-0.00033138877326083227,4.9999999999999996e-05,0.16666666666666666,0.5833333333333334,7,12,1.000181927335653,-0.06584449858041097
2016-08-02,0.0005222785888594956,0.0005972785888594956,7.5e-05,0.25,0.4166666666666667,5,12,1.0007043009412646,-0.06535660916335417
2016-08-03,0.004266843771943551,0.0043168437719435515,4.9999999999999996e-05,0.16666666666666666,0.6666666666666666,8,12,1.0049741498552929,-0.06136863183217467
2016-08-04,0.001519826130753336,0.001519826130753336,0.0,0.0,0.5,6,12,1.0065015358289746,-0.059942075351688384
2016-08-05,0.006821325956830764,0.006871325956830765,4.9999999999999996e-05,0.16666666666666666,0.5,6,12,1.0133672108809149,-0.05352963382936038
2016-08-08,0.0008039572836123749,0.0008289572836123749,2.4999999999999998e-05,0.08333333333333333,0.3333333333333333,4,12,1.0141819148310764,-0.05276871208475431
2016-08-09,0.0006694122674117212,0.0006694122674117212,0.0,0.0,0.4166666666666667,5,12,1.0148608206462515,-0.05213462384054768
2016-08-10,-0.0021795630357715934,-0.002104563035771593,7.5e-05,0.25,0.4166666666666667,5,12,1.0126488675151182,-0.05420055617731245
2016-08-11,0.0008657532475714085,0.0009157532475714084,4.9999999999999996e-05,0.16666666666666666,0.5,6,12,1.013525571560819,-0.05338172723727175
2016-08-12,-0.0005237507488429733,-0.00047375074884297336,4.9999999999999996e-05,0.16666666666666666,0.5,6,12,1.0129947367837424,-0.05387751926649964
2016-08-15,0.0013175025269703544,0.0013175025269703544,0.0,0.0,0.6666666666666666,8,12,1.0143293599092627,-0.052631000507309844
2016-08-16,-0.0009194420726448909,-0.0008444420726448909,7.5e-05,0.25,0.6666666666666666,8,12,1.013396742820243,-0.053502051423762964
2016-08-17,0.0021690692688258527,0.0021940692688258525,2.4999999999999998e-05,0.08333333333333333,0.5833333333333334,7,12,1.0155948705522226,-0.051449031810499535
2016-08-18,-7.76052076698619e-05,-7.76052076698619e-05,0.0,0.0,0.5,6,12,1.015516055101385,-0.051522644305371235
2016-08-19,-0.001799778306713462,-0.001799778306713462,0.0,0.0,0.5,6,12,1.0136883513352943,-0.0532296932745594
2016-08-22,0.0004433395572752843,0.00046833955727528426,2.4999999999999998e-05,0.08333333333333333,0.5,6,12,1.0141377594801906,-0.052809952545934236
2016-08-23,0.000742552854713092,0.000767552854713092,2.4999999999999998e-05,0.08333333333333333,0.5833333333333334,7,12,1.014890810368565,-0.05210661387224136
2016-08-24,-0.0016928550804697128,-0.0016428550804697128,4.9999999999999996e-05,0.16666666666666666,0.6666666666666666,8,12,1.0131727473041106,-0.05371126000669135
2016-08-25,0.002294336123117182,0.002294336123117182,0.0,0.0,0.8333333333333334,10,12,1.0154973061372081,-0.05154015556762581
2016-08-26,0.002456719496834382,0.0024817194968343816,2.4999999999999998e-05,0.08333333333333333,0.8333333333333334,10,12,1.0179920981681783,-0.04921005577584414
2016-08-29,0.002833227563627834,0.0029082275636278334,7.5e-05,0.25,0.75,9,12,1.0208763014402638,-0.04651625149864802
2016-08-30,-0.0004725631506470743,-0.00042256315064707434,4.9999999999999996e-05,0.16666666666666666,0.5,6,12,1.0203938729188342,-0.04696683278293068
2016-08-31,-0.0008077043893064776,-0.0008077043893064776,0.0,0.0,0.5,6,12,1.0195696963088563,-0.04773660185524642
2016-09-01,0.001133157290376663,0.001133157290376663,0.0,0.0,0.5,6,12,1.0207250291432757,-0.046657537643279956
2016-09-02,0.0019598455293716546,0.0019598455293716546,0.0,0.0,0.5,6,12,1.02272549252836,-0.044789133680469884
2016-09-06,0.006028864229560878,0.006078864229560878,4.9999999999999996e-05,0.16666666666666666,0.5,6,12,1.0288913656669243,-0.039030297056828145
2016-09-07,-0.0003524667777863393,-0.0002774667777863393,7.5e-05,0.25,0.5,6,12,1.0285287156425755,-0.03936900695157486
2016-09-08,-0.0017086798255281737,-0.0017086798255281737,0.0,0.0,0.5833333333333334,7,12,1.0267712893761807,-0.0410104177491738
2016-09-09,-0.011924576021771062,-0.011899576021771061,2.4999999999999998e-05,0.08333333333333333,0.5833333333333334,7,12,1.0145274770790425,-0.05244596192681028
2016-09-12,0.01004009798246741,0.01004009798246741,0.0,0.0,0.6666666666666666,8,12,1.0247134323548217,-0.04293242654087259
2016-09-13,-0.006578241575394834,-0.006528241575394833,4.9999999999999996e-05,0.16666666666666666,0.6666666666666666,8,12,1.0179726198512395,-0.04922824824306382
2016-09-14,0.0032734678024964234,0.0032734678024964234,0.0,0.0,0.8333333333333334,10,12,1.0213049204461455,-0.046115927526164335
2016-09-15,0.009015371860412342,0.009065371860412341,4.9999999999999996e-05,0.16666666666666666,0.8333333333333334,10,12,1.0305123640868363,-0.037516307901088175
2016-09-16,-0.00013657695745250553,-0.00013657695745250553,0.0,0.0,0.6666666666666666,8,12,1.0303716198435322,-0.03764776099535272
2016-09-19,-0.0013575822037863875,-0.0013075822037863876,4.9999999999999996e-05,0.16666666666666666,0.6666666666666666,8,12,1.028972805669146,-0.03895423326879943
2016-09-20,0.0019077923061259956,0.0019077923061259956,0.0,0.0,0.8333333333333334,10,12,1.0309358720710144,-0.03712075754919475
2016-09-21,0.0028342694946959603,0.0028342694946959603,0.0,0.0,0.8333333333333334,10,12,1.033857822164213,-0.03439169828524058
2016-09-22,0.0064774460286408375,0.0064774460286408375,0.0,0.0,0.8333333333333334,10,12,1.0405545804085696,-0.02813702262607587
2016-09-23,-0.003768123816057345,-0.003768123816057345,0.0,0.0,0.8333333333333334,10,12,1.0366336419122244,-0.031799122657063084
2016-09-26,-0.01190687518759905,-0.01190687518759905,0.0,0.0,0.8333333333333334,10,12,1.0242905745227093,-0.043327369660109305
2016-09-27,0.0110726008820858,0.0110726008820858,0.0,0.0,0.8333333333333334,10,12,1.0356321352416817,-0.032734515449540424
2016-09-28,0.004343445790753177,0.004343445790753177,0.0,0.0,0.8333333333333334,10,12,1.0401303472802659,-0.02853325025212894
2016-09-29,-0.009473817515470948,-0.009473817515470948,0.0,0.0,0.8333333333333334,10,12,1.0302763421778292,-0.037736748961588074
2016-09-30,0.010385817760179846,0.010385817760179846,0.0,0.0,0.8333333333333334,10,12,1.0409766045103128,-0.02774285819898481
2016-10-03,0.0015940365175062781,0.0016190365175062782,2.4999999999999998e-05,0.08333333333333333,0.8333333333333334,10,12,1.042635959231772,-0.02619304481054774
2016-10-04,0.0024123052739540665,0.0024123052739540665,0.0,0.0,0.75,9,12,1.0451511154550408,-0.02384392515673117
2016-10-05,0.006220298609949629,0.006245298609949629,2.4999999999999998e-05,0.08333333333333333,0.75,9,12,1.051652267485693,-0.017771942881289804
2016-10-06,0.0018477262368707577,0.0018477262368707577,0.0,0.0,0.6666666666666666,8,12,1.0535954329723909,-0.01595705432956107
2016-10-07,0.00036646176807406117,0.00036646176807406117,0.0,0.0,0.6666666666666666,8,12,1.0539815354175928,-0.01559644021182982
2016-10-10,0.006457331107564999,0.006507331107564999,4.9999999999999996e-05,0.16666666666666666,0.6666666666666666,8,12,1.060787443173044,-0.0092398204828118
2016-10-11,-0.007503285523433362,-0.007478285523433363,2.4999999999999998e-05,0.08333333333333333,0.6666666666666666,8,12,1.0528280521072437,-0.016673776994977407
2016-10-12,-0.0011733306238026393,-0.0011733306238026393,0.0,0.0,0.75,9,12,1.0515927367121078,-0.01782754376561735
2016-10-13,-0.00448314678930567,-0.00448314678930567,0.0,0.0,0.75,9,12,1.04687829211086,-0.022230767059328915
2016-10-14,0.0021222945079408992,0.0021222945079408992,0.0,0.0,0.75,9,12,1.0491000761606892,-0.020155652786225442
2016-10-17,-0.002700575608434147,-0.002700575608434147,0.0,0.0,0.75,9,12,1.0462669020842033,-0.022801796530373064
2016-10-18,0.02319169734139463,0.023216697341394626,2.4999999999999998e-05,0.08333333333333333,0.75,9,12,1.0705316074156586,-0.00013891155295098212
2016-10-19,0.00470245055948309,0.00475245055948309,4.9999999999999996e-05,0.16666666666666666,0.6666666666666666,8,12,1.0755657293718945,0.0
2016-10-20,-0.002238456696540325,-0.002238456696540325,0.0,0.0,0.6666666666666666,8,12,1.0731581220624127,-0.0022384566965404362
2016-10-21,0.006160477630587848,0.006160477630587848,0.0,0.0,0.6666666666666666,8,12,1.079769288667462,0.0
2016-10-24,0.008321768621316976,0.008421768621316975,9.999999999999999e-05,0.3333333333333333,0.6666666666666666,8,12,1.0887548788521566,0.0
2016-10-25,-0.0011495438649472796,-0.0010995438649472795,4.9999999999999996e-05,0.16666666666666666,0.5,6,12,1.0875033073607407,-0.0011495438649472556
2016-10-26,-0.0020143659667365543,-0.001989365966736554,2.4999999999999998e-05,0.08333333333333333,0.6666666666666666,8,12,1.0853126777096798,-0.003161594229645015
2016-10-27,-0.002984563146341061,-0.0029345631463410606,4.9999999999999996e-05,0.16666666666666666,0.75,9,12,1.0820734934895306,-0.006136721398364631
2016-10-28,-0.0067362211585049485,-0.006711221158504949,2.4999999999999998e-05,0.08333333333333333,0.75,9,12,1.0747844071276291,-0.012831604244342043
2016-10-31,-0.003763404006600681,-0.003763404006600681,0.0,0.0,0.8333333333333334,10,12,1.070739559183613,-0.01654671774011851
2016-11-01,-0.003482647769967061,-0.0034576477699670614,2.4999999999999998e-05,0.08333333333333333,0.8333333333333334,10,12,1.0670105504456067,-0.019971739120447696
2016-11-02,-0.0099537253833819,-0.0099287253833819,2.4999999999999998e-05,0.08333333333333333,0.9166666666666666,11,12,1.0563898204453,-0.029726671297196083
2016-11-03,-0.008633092739444015,-0.008633092739444015,0.0,0.0,0.8333333333333334,10,12,1.047269909156391,-0.03810313092649653
2016-11-04,-0.0028750021990446204,-0.0028750021990446204,0.0,0.0,0.8333333333333334,10,12,1.0442590058645733,-0.04086858654033676
2016-11-07,0.02183734723729426,0.02188734723729426,4.9999999999999996e-05,0.16666666666666666,0.8333333333333334,10,12,1.0670628523813097,-0.01992370081842132
2016-11-08,0.004174202354485836,0.004174202354485836,0.0,0.0,0.6666666666666666,8,12,1.071516988652104,-0.015832664022801812
2016-11-09,-0.0017382332710927002,-0.0017382332710927002,0.0,0.0,0.6666666666666666,8,12,1.0696544421718879,-0.017543376430520174
2016-11-10,-0.014958548177517279,-0.014933548177517278,2.4999999999999998e-05,0.08333333333333333,0.6666666666666666,8,12,1.0536539646653642,-0.03223950116650531
2016-11-11,-0.0030145306857465824,-0.0029645306857465823,4.9999999999999996e-05,0.16666666666666666,0.5833333333333334,7,12,1.050477692456722,-0.03515684488669213
2016-11-14,-0.008361205159415528,-0.008361205159415528,0.0,0.0,0.4166666666666667,5,12,1.041694432954702,-0.043224096453252314
2016-11-15,0.0072978025649729035,0.0072978025649729035,0.0,0.0,0.4166666666666667,5,12,1.0492965132594367,-0.03624173481024462
2016-11-16,0.005669905522122522,0.0056949055221225215,2.4999999999999998e-05,0.08333333333333333,0.4166666666666667,5,12,1.0552459253543103,-0.03077731650045401
2016-11-17,0.0019228055875166866,0.001972805587516687,4.9999999999999996e-05,0.16666666666666666,0.3333333333333333,4,12,1.0572749581157856,-0.028913689709073265
2016-11-18,-0.0010746805120763535,-0.0010246805120763536,4.9999999999999996e-05,0.16666666666666666,0.16666666666666666,2,12,1.0561387253223922,-0.02995729724228724
2016-11-21,0.0026933466668133677,0.0026933466668133677,0.0,0.0,0.16666666666666666,2,12,1.0589832730379316,-0.0273446359621482
2016-11-22,0.00041252465833805746,0.00041252465833805746,0.0,0.0,0.16666666666666666,2,12,1.0594201297508272,-0.026943391640417924
2016-11-23,-0.0012287667741227766,-0.0012287667741227766,0.0,0.0,0.16666666666666666,2,12,1.0581183494955526,-0.028139051270110738
2016-11-25,-1.8901144680422144e-05,-1.8901144680422144e-05,0.0,0.0,0.16666666666666666,2,12,1.0580983498475398,-0.02815742055451187
2016-11-28,-0.00023054825979332283,-0.00023054825979332283,0.0,0.0,0.16666666666666666,2,12,1.0578544071142923,-0.02838147716999606
2016-11-29,0.0010733098209387837,0.0010733098209387837,0.0,0.0,0.16666666666666666,2,12,1.0589898126385715,-0.02733862946723653
2016-11-30,-0.0014938806557896755,-0.0014938806557896755,0.0,0.0,0.16666666666666666,2,12,1.0574078082427925,-0.028791669473309245
2016-12-01,-0.001309174961680759,-0.001309174961680759,0.0,0.0,0.16666666666666666,2,12,1.0560234764159553,-0.030063151102210584
2016-12-02,0.002572563966884465,0.002622563966884465,4.9999999999999996e-05,0.16666666666666666,0.16666666666666666,2,12,1.058740164359567,-0.02756792651458262
2016-12-05,0.0017605379229751073,0.0017855379229751074,2.4999999999999998e-05,0.08333333333333333,0.16666666666666666,2,12,1.0606041165694988,-0.025855922971694367
2016-12-06,0.0034610063154391422,0.003486006315439142,2.4999999999999998e-05,0.08333333333333333,0.25,3,12,1.0642748741151267,-0.0224844041689517
2016-12-07,0.0024342485641999155,0.0024592485641999153,2.4999999999999998e-05,0.08333333333333333,0.16666666666666666,2,12,1.0668655836993555,-0.02010488823331691
2016-12-08,0.00018655425608417233,0.00023655425608417233,4.9999999999999996e-05,0.16666666666666666,0.08333333333333333,1,12,1.0670646120146643,-0.019922084629700798
2016-12-09,0.0016594392706826223,0.0017094392706826222,4.9999999999999996e-05,0.16666666666666666,0.25,3,12,1.068835340936197,-0.018295704848606653
2016-12-12,-3.390842013888581e-05,-3.390842013888581e-05,0.0,0.0,0.08333333333333333,1,12,1.0687990984183973,-0.01832899289029888
2016-12-13,0.0006445222394094915,0.0006445222394094915,0.0,0.0,0.08333333333333333,1,12,1.0694879632067888,-0.017696284094433024
2016-12-14,-0.00022890073786826134,-0.00022890073786826134,0.0,0.0,0.08333333333333333,1,12,1.0692431566228695,-0.017921134139814554
2016-12-15,0.0010281432274789402,0.0010531432274789403,2.4999999999999998e-05,0.08333333333333333,0.08333333333333333,1,12,1.0703424917328797,-0.016911416405030133
2016-12-16,0.0,0.0,0.0,0.0,0.0,0,12,1.0703424917328797,-0.016911416405030133
2016-12-19,0.0,0.0,0.0,0.0,0.0,0,12,1.0703424917328797,-0.016911416405030133
2016-12-20,0.0,0.0,0.0,0.0,0.0,0,12,1.0703424917328797,-0.016911416405030133
2016-12-21,0.0,0.0,0.0,0.0,0.0,0,12,1.0703424917328797,-0.016911416405030133
2016-12-22,-2.4999999999999998e-05,0.0,2.4999999999999998e-05,0.08333333333333333,0.0,0,12,1.0703157331705864,-0.01693599361961995
2016-12-23,0.0001321338780641159,0.0001571338780641159,2.4999999999999998e-05,0.08333333333333333,0.08333333333333333,1,12,1.0704571581391633,-0.016806097560071565
2016-12-27,0.00022529487222842462,0.00022529487222842462,0.0,0.0,0.16666666666666666,2,12,1.0706983266478323,-0.016584589015445683
2016-12-28,-0.0012567774119096374,-0.0012067774119096375,4.9999999999999996e-05,0.16666666666666666,0.16666666666666666,2,12,1.0693526971759317,-0.017820523290494994
2016-12-29,-0.0005881631804041072,-0.0005381631804041073,4.9999999999999996e-05,0.16666666666666666,0.3333333333333333,4,12,1.0687237432925871,-0.018398205095243925
2016-12-30,-0.002158276804481483,-0.002108276804481483,4.9999999999999996e-05,0.16666666666666666,0.5,6,12,1.0664171416270403,-0.020516773480424133
2017-01-03,0.01027329113928504,0.01032329113928504,4.9999999999999996e-05,0.16666666666666666,0.6666666666666666,8,12,1.077372755398899,-0.010454257128342359
2017-01-04,2.23917622211643e-05,4.739176222116429e-05,2.4999999999999998e-05,0.08333333333333333,0.5,6,12,1.0773968796734614,-0.010432099455360944
2017-01-05,-0.0004198169687147831,-0.0004198169687147831,0.0,0.0,0.4166666666666667,5,12,1.0769445701813343,-0.01084753685170492
2017-01-06,0.003385715695479874,0.003435715695479874,4.9999999999999996e-05,0.16666666666666666,0.4166666666666667,5,12,1.0805907983157592,-0.00749854783200099
2017-01-09,-0.002085432923627132,-0.002035432923627132,4.9999999999999996e-05,0.16666666666666666,0.25,3,12,1.078337298687983,-0.009568343037099969
2017-01-10,0.0001023450222339007,0.00012734502223390085,2.4999999999999998e-05,0.08333333333333333,0.4166666666666667,5,12,1.078447661142793,-0.00946697728714685
2017-01-11,0.0015040300032665803,0.0015040300032665803,0.0,0.0,0.3333333333333333,4,12,1.0800696787821042,-0.007977185901760442
2017-01-12,-0.0024424730905923953,-0.0024424730905923953,0.0,0.0,0.3333333333333333,4,12,1.0774316376557143,-0.010400174930449091
2017-01-13,0.0005875756085047136,0.0006125756085047137,2.4999999999999998e-05,0.08333333333333333,0.3333333333333333,4,12,1.078064710205832,-0.009818710211057735
2017-01-17,-0.002018974341586306,-0.0019939743415863056,2.4999999999999998e-05,0.08333333333333333,0.4166666666666667,5,12,1.0758881252173569,-0.01181786082866032
2017-01-18,-0.0024314979587619543,-0.0024314979587619543,0.0,0.0,0.5,6,12,1.0732721054370347,-0.014220623682940414
2017-01-19,-0.0034264765910327517,-0.0033514765910327518,7.5e-05,0.25,0.5,6,12,1.0695945636919462,-0.017598373639813758
2017-01-20,0.0004884162226415634,0.0004884162226415634,0.0,0.0,0.75,9,12,1.0701169710285026,-0.017118552748349947
2017-01-23,0.00045222869980935466,0.00047722869980935484,2.4999999999999998e-05,0.08333333333333333,0.75,9,12,1.0706009086349548,-0.016674065549392547
2017-01-24,0.005361957065679685,0.005436957065679686,7.5e-05,0.25,0.6666666666666666,8,12,1.0763414247415333,-0.011401514107298838
2017-01-25,0.005487878588351404,0.005512878588351404,2.4999999999999998e-05,0.08333333333333333,0.4166666666666667,5,12,1.082248255800128,-0.005976205644091626
2017-01-26,0.0010261188679091945,0.0010761188679091944,4.9999999999999996e-05,0.16666666666666666,0.3333333333333333,4,12,1.0833587711551664,-0.004956219073552259
2017-01-27,-0.001377972479039304,-0.001377972479039304,0.0,0.0,0.3333333333333333,4,12,1.0818659325835889,-0.006327362019108107
2017-01-30,-0.002293620488391317,-0.0022686204883913172,2.4999999999999998e-05,0.08333333333333333,0.3333333333333333,4,12,1.0793845427149227,-0.00860646994033476
2017-01-31,-0.005120599081486329,-0.005045599081486329,7.5e-05,0.25,0.4166666666666667,5,12,1.0738574472169262,-0.013682998739749652
2017-02-01,0.0018188342520653385,0.0018438342520653388,2.4999999999999998e-05,0.08333333333333333,0.5,6,12,1.0758106159237597,-0.011889051594463296
2017-02-02,-0.00047051185182030625,-0.00047051185182030625,0.0,0.0,0.4166666666666667,5,12,1.0753044342786535,-0.012353969506601392
2017-02-03,0.00774129361565789,0.0077912936156578905,4.9999999999999996e-05,0.16666666666666666,0.4166666666666667,5,12,1.0836286816306233,-0.0047083115962132105
2017-02-06,-0.0007729449491684997,-0.0006979449491684997,7.5e-05,0.25,0.4166666666666667,5,12,1.0827910963143828,-0.0054776172797142975
2017-02-07,0.0007428196163726993,0.0007428196163726993,0.0,0.0,0.5,6,12,1.0835954147811588,-0.00473886654490796
2017-02-08,-0.000735117499423186,-0.000735117499423186,0.0,0.0,0.5,6,12,1.0827988448294585,-0.005470500420606483
2017-02-09,0.004111006336069145,0.004111006336069145,0.0,0.0,0.5,6,12,1.087250237741241,-0.0013819833464276954
2017-02-10,0.0011094918550195454,0.0011094918550195454,0.0,0.0,0.5,6,12,1.088456533024383,-0.00027402479067484276
2017-02-13,0.005063585906422656,0.005088585906422656,2.4999999999999998e-05,0.08333333333333333,0.5,6,12,1.093968026184759,0.0
2017-02-14,0.0023727051072141014,0.0023727051072141014,0.0,0.0,0.4166666666666667,5,12,1.0965636897076168,0.0
2017-02-15,0.0019349754014915093,0.0019599754014915094,2.4999999999999998e-05,0.08333333333333333,0.4166666666666667,5,12,1.0986855134733697,0.0
2017-02-16,0.0011142547457333055,0.0011392547457333053,2.4999999999999998e-05,0.08333333333333333,0.3333333333333333,4,12,1.0999097290208257,0.0
2017-02-17,0.0008463071373579675,0.0008463071373579675,0.0,0.0,0.4166666666666667,5,12,1.1008405904749454,0.0
2017-02-21,0.0024662298342597866,0.0024662298342597866,0.0,0.0,0.4166666666666667,5,12,1.1035555163819388,0.0
2017-02-22,-0.00010021909469070296,-0.00010021909469070296,0.0,0.0,0.4166666666666667,5,12,1.103444919047146,-0.00010021909469071222
2017-02-23,-0.0007304386510269878,-0.0006804386510269878,4.9999999999999996e-05,0.16666666666666666,0.4166666666666667,5,12,1.1026389202289948,-0.0008305845418172808
2017-02-24,-0.002149682750892365,-0.002124682750892365,2.4999999999999998e-05,0.08333333333333333,0.5833333333333334,7,12,1.100268596361716,-0.0029784817994468193
2017-02-27,0.0020059579463685387,0.002030957946368539,2.4999999999999998e-05,0.08333333333333333,0.6666666666666666,8,12,1.1024756888957274,-0.0009784985623121356
2017-02-28,-0.0028528999957842527,-0.0028528999957842527,0.0,0.0,0.5833333333333334,7,12,1.0993304360075247,-0.003828606999552009
2017-03-01,0.008627960051937703,0.008627960051937703,0.0,0.0,0.5833333333333334,7,12,1.1088154150932767,0.0
2017-03-02,-0.006304578618798413,-0.006254578618798412,4.9999999999999996e-05,0.16666666666666666,0.5833333333333334,7,12,1.1018248011350855,-0.0063045786187985176
2017-03-03,0.001992653478508216,0.001992653478508216,0.0,0.0,0.75,9,12,1.104020356157774,-0.004324487980805536
2017-03-06,-0.0011703715339204483,-0.0011703715339204483,0.0,0.0,0.75,9,12,1.1027282421600582,-0.0054897982570945025
2017-03-07,0.0002454460649386943,0.0002454460649386943,0.0,0.0,0.75,9,12,1.102998902467793,-0.005245699641535317
2017-03-08,0.002194171732872893,0.0022191717328728933,2.4999999999999998e-05,0.08333333333333333,0.75,9,12,1.1054190714809777,-0.0030630378745351017
2017-03-09,0.0020023205008953084,0.0020023205008953084,0.0,0.0,0.6666666666666666,8,12,1.1076324747498847,-0.0010668505571710396
2017-03-10,0.0007419626061171228,0.0007419626061171228,0.0,0.0,0.6666666666666666,8,12,1.1084542966274702,-0.0003256795142735358
2017-03-13,0.002084232484090386,0.002109232484090386,2.4999999999999998e-05,0.08333333333333333,0.6666666666666666,8,12,1.1107645730796307,0.0
2017-03-14,-0.000652818651120345,-0.0006278186511203451,2.4999999999999998e-05,0.08333333333333333,0.5833333333333334,7,12,1.1100394452493207,-0.0006528186511202128
2017-03-15,0.0013069830529546893,0.0013069830529546893,0.0,0.0,0.5,6,12,1.1114902479923727,0.0
2017-03-16,-9.365850648955047e-05,-9.365850648955047e-05,0.0,0.0,0.5,6,12,1.111386147475768,-9.365850648956897e-05
2017-03-17,-0.0011552618317684745,-0.0011052618317684744,4.9999999999999996e-05,0.16666666666666666,0.5,6,12,1.110102205479233,-0.0012488121381601935
2017-03-20,-0.0026388550187933513,-0.0026388550187933513,0.0,0.0,0.5,6,12,1.1071728067029307,-0.003884371722775226
2017-03-21,-0.014496851058432028,-0.014446851058432028,4.9999999999999996e-05,0.16666666666666666,0.5,6,12,1.0911222874282123,-0.01832491162288652
2017-03-22,0.0010853421827335065,0.0011353421827335064,4.9999999999999996e-05,0.16666666666666666,0.5,6,12,1.0923065284732787,-0.017259458239732295
2017-03-23,-0.0022039310056179984,-0.0022039310056179984,0.0,0.0,0.6666666666666666,8,12,1.0898991602475374,-0.019425350590195567
2017-03-24,-0.0005817187154303997,-0.0005817187154303997,0.0,0.0,0.6666666666666666,8,12,1.0892651455080895,-0.01999576921563395
2017-03-27,0.002327198058223845,0.002327198058223845,0.0,0.0,0.6666666666666666,8,12,1.0918000812396067,-0.017715105272701592
2017-03-28,0.00662739940100802,0.00662739940100802,0.0,0.0,0.6666666666666666,8,12,1.0990358764440344,-0.011205110949766728
2017-03-29,0.003926484005403898,0.003926484005403898,0.0,0.0,0.6666666666666666,8,12,1.103351223234257,-0.007322623633285841
2017-03-30,0.00551826142985265,0.00551826142985265,0.0,0.0,0.6666666666666666,8,12,1.1094398037330113,-0.0018447703549940853
2017-03-31,-0.00238140021262373,-0.00238140021262373,0.0,0.0,0.6666666666666666,8,12,1.1067977835485083,-0.004221777431102192
2017-04-03,0.000857360839819706,0.000857360839819706,0.0,0.0,0.6666666666666666,8,12,1.107746708625722,-0.00336803617792647
2017-04-04,-0.0006765058247209336,-0.0006765058247209336,0.0,0.0,0.6666666666666666,8,12,1.1069973115250213,-0.0040422635065550105
2017-04-05,-0.003894961143026667,-0.003894961143026667,0.0,0.0,0.6666666666666666,8,12,1.1026856000111964,-0.007921480190293817
2017-04-06,-0.0004521086700731175,-0.0004271086700731175,2.4999999999999998e-05,0.08333333333333333,0.6666666666666666,8,12,1.1021870662910664,-0.008370007490493214
2017-04-07,-0.002880131448262833,-0.002880131448262833,0.0,0.0,0.75,9,12,1.099012622659573,-0.011226032216960502
2017-04-10,0.0004641749334497708,0.0004891749334497708,2.4999999999999998e-05,0.08333333333333333,0.75,9,12,1.0995227567705563,-0.010767068126268042
2017-04-11,-0.001732273237435796,-0.0016822732374357958,4.9999999999999996e-05,0.16666666666666666,0.6666666666666666,8,12,1.097618082925051,-0.012480689859743044
2017-04-12,-0.0017660839292373831,-0.0017660839292373831,0.0,0.0,0.6666666666666666,8,12,1.0956795972683568,-0.014224731843193283
2017-04-13,-0.0033870175504256417,-0.0033870175504256417,0.0,0.0,0.6666666666666666,8,12,1.0919685112427657,-0.017563569977215865
2017-04-17,0.010709647184801753,0.010734647184801752,2.4999999999999998e-05,0.08333333333333333,0.6666666666666666,8,12,1.103663108735089,-0.0070420224301755985
2017-04-18,-0.0029627906108083625,-0.0029377906108083627,2.4999999999999998e-05,0.08333333333333333,0.5833333333333334,7,12,1.100393186039033,-0.009983949003046777
2017-04-19,-6.645865946072373e-05,-1.645865946072374e-05,4.9999999999999996e-05,0.16666666666666666,0.5,6,12,1.100320055383009,-0.010049744142640815
2017-04-20,0.0037398169096269362,0.0037398169096269362,0.0,0.0,0.5,6,12,1.1044350509321321,-0.0063475114360959095
2017-04-21,0.0005454332901340767,0.0005454332901340767,0.0,0.0,0.5,6,12,1.1050374465757014,-0.005805540290008571
2017-04-24,0.007096704864787103,0.007096704864787103,0.0,0.0,0.5,6,12,1.112879571198587,0.0
2017-04-25,0.007807286063295726,0.007807286063295726,0.0,0.0,0.5,6,12,1.1215681403649325,0.0
2017-04-26,-0.0014131309573241306,-0.0014131309573241306,0.0,0.0,0.5,6,12,1.1199832177050344,-0.0014131309573240936
2017-04-27,0.0036163663320406916,0.0036163663320406916,0.0,0.0,0.5,6,12,1.1240334873059936,0.0
2017-04-28,0.007593291667930037,0.007593291667930037,0.0,0.0,0.5,6,12,1.1325686014196286,0.0
2017-05-01,0.008100035323881946,0.008100035323881946,0.0,0.0,0.5,6,12,1.1417424470978472,0.0
2017-05-02,0.0019151844578709683,0.0019151844578709683,0.0,0.0,0.5,6,12,1.1439290944874205,0.0
2017-05-03,0.00018215991763524862,0.00020715991763524863,2.4999999999999998e-05,0.08333333333333333,0.5,6,12,1.144137472517053,0.0
2017-05-04,0.0009738243785827272,0.0010238243785827272,4.9999999999999996e-05,0.16666666666666666,0.4166666666666667,5,12,1.14525166148024,0.0
2017-05-05,-5.56662936342008e-05,-5.56662936342008e-05,0.0,0.0,0.4166666666666667,5,12,1.1451879095649669,-5.566629363429332e-05
2017-05-08,0.004858903713454886,0.004858903713454886,0.0,0.0,0.4166666666666667,5,12,1.1507522673513557,0.0
2017-05-09,0.001054078037739258,0.001079078037739258,2.4999999999999998e-05,0.08333333333333333,0.4166666666666667,5,12,1.1519652500432493,0.0
2017-05-10,-0.0011994571807360521,-0.0011994571807360521,0.0,0.0,0.3333333333333333,4,12,1.1505835170521266,-0.0011994571807359966
2017-05-11,0.0004633187209989676,0.0005133187209989676,4.9999999999999996e-05,0.16666666666666666,0.3333333333333333,4,12,1.1511166039356497,-0.0007366941907038793
2017-05-12,0.0035466911860865626,0.0035466911860865626,0.0,0.0,0.5,6,12,1.1551992590489863,0.0
2017-05-15,-6.456534807978513e-05,-6.456534807978513e-05,0.0,0.0,0.5,6,12,1.1551246732067244,-6.456534807974812e-05
2017-05-16,0.002427000525995405,0.002452000525995405,2.4999999999999998e-05,0.08333333333333333,0.5,6,12,1.1579281613961874,0.0
2017-05-17,-0.011456407195988408,-0.011406407195988408,4.9999999999999996e-05,0.16666666666666666,0.4166666666666667,5,12,1.1446624648755306,-0.011456407195988283
2017-05-18,0.0074408274909956535,0.0074408274909956535,0.0,0.0,0.5833333333333334,7,12,1.1531797008120872,-0.004100824854604612
2017-05-19,0.001985636546426257,0.0020106365464262568,2.4999999999999998e-05,0.08333333333333333,0.5833333333333334,7,12,1.1554694965706167,-0.00212333105588014
2017-05-22,0.004000967607758113,0.004025967607758113,2.4999999999999998e-05,0.08333333333333333,0.6666666666666666,8,12,1.1600924925981484,0.0
2017-05-23,0.0029319183232939805,0.0029319183232939805,0.0,0.0,0.75,9,12,1.1634937890339128,0.0
2017-05-24,0.003227856654407585,0.003227856654407585,0.0,0.0,0.75,9,12,1.1672493802032076,0.0
2017-05-25,0.007803715516712957,0.007803715516712957,0.0,0.0,0.75,9,12,1.176358262303373,0.0
2017-05-26,0.0004857399956493628,0.0004857399956493628,0.0,0.0,0.75,9,12,1.1769296665605862,0.0
2017-05-30,0.0007722602077787633,0.0007722602077787633,0.0,0.0,0.75,9,12,1.1778385625094254,0.0
2017-05-31,-0.005725980133425661,-0.005725980133425661,0.0,0.0,0.75,9,12,1.1710942823001138,-0.005725980133425623
2017-06-01,0.0018805823165269353,0.0018805823165269353,0.0,0.0,0.75,9,12,1.173296621498393,-0.003856165993882499
2017-06-02,0.006556351847870528,0.006581351847870527,2.4999999999999998e-05,0.08333333333333333,0.75,9,12,1.1809891669708545,0.0
2017-06-05,0.0016512062104909002,0.0016512062104909002,0.0,0.0,0.6666666666666666,8,12,1.1829392236178793,0.0
2017-06-06,-0.002044789988287952,-0.002044789988287952,0.0,0.0,0.6666666666666666,8,12,1.1805203613366724,-0.002044789988287943
2017-06-07,0.0033091639376256845,0.0033091639376256845,0.0,0.0,0.6666666666666666,8,12,1.1844268967440406,0.0
2017-06-08,0.0025201890715620587,0.0025201890715620587,0.0,0.0,0.6666666666666666,8,12,1.187411876465279,0.0
2017-06-09,-0.018496924065556957,-0.018496924065556957,0.0,0.0,0.6666666666666666,8,12,1.1654484091517603,-0.01849692406555692
2017-06-12,-0.009383842484322807,-0.009383842484322807,0.0,0.0,0.6666666666666666,8,12,1.1545120248566756,-0.02770719432800406
2017-06-13,0.007203064005843252,0.007203064005843252,0.0,0.0,0.6666666666666666,8,12,1.162828048867234,-0.02070370701632762
2017-06-14,-0.002562533263733411,-0.002562533263733411,0.0,0.0,0.6666666666666666,8,12,1.1598482633120095,-0.023213186342149084
2017-06-15,-0.004684604838100996,-0.004684604838100996,0.0,0.0,0.6666666666666666,8,12,1.1544148325262351,-0.02778904657520387
2017-06-16,0.0011377474544126936,0.0011627474544126937,2.4999999999999998e-05,0.08333333333333333,0.6666666666666666,8,12,1.155728265063278,-0.026682916037792714
2017-06-19,0.008552168835522213,0.008577168835522212,2.4999999999999998e-05,0.08333333333333333,0.5833333333333334,7,12,1.1656122483140843,-0.018358944005249844
2017-06-20,-0.005029291936263909,-0.005029291936263909,0.0,0.0,0.6666666666666666,8,12,1.1597500440328279,-0.02329590345246979
2017-06-21,0.00576896045777676,0.00576896045777676,0.0,0.0,0.6666666666666666,8,12,1.1664405961777582,-0.01766133614053844
2017-06-22,-0.001224587292322878,-0.001224587292322878,0.0,0.0,0.6666666666666666,8,12,1.1650121878464295,-0.01886429558505809
2017-06-23,0.005566067782140934,0.005566067782140934,0.0,0.0,0.6666666666666666,8,12,1.171496724651003,-0.013403227750805935
2017-06-26,-0.004784118990582166,-0.004784118990582166,0.0,0.0,0.6666666666666666,8,12,1.1658921449231954,-0.01812322410497036
2017-06-27,-0.012904413776904952,-0.012904413776904952,0.0,0.0,0.6666666666666666,8,12,1.1508469902658631,-0.030793768299053337
2017-06-28,0.009395031710778339,0.00942003171077834,2.4999999999999998e-05,0.08333333333333333,0.6666666666666666,8,12,1.1616592342336647,-0.021688045017938973
2017-06-29,-0.007541134946063247,-0.007491134946063248,4.9999999999999996e-05,0.16666666666666666,0.75,9,12,1.152899005186968,-0.02906562748980568
2017-06-30,-0.0022477811835244065,-0.0022227811835244062,2.4999999999999998e-05,0.08333333333333333,0.5833333333333334,7,12,1.1503075404966048,-0.0312480755027712
2017-07-03,-0.004041555791593848,-0.004041555791593848,0.0,0.0,0.6666666666666666,8,12,1.1456585083941966,-0.03516334045384073
2017-07-05,0.007939682344847078,0.007964682344847077,2.4999999999999998e-05,0.08333333333333333,0.6666666666666666,8,12,1.1547546730265177,-0.027502843862380888
2017-07-06,-0.004587682032735086,-0.0045626820327350865,2.4999999999999998e-05,0.08333333333333333,0.5833333333333334,7,12,1.1494570257608572,-0.031964351592479345
2017-07-07,0.006850707781529371,0.006850707781529371,0.0,0.0,0.6666666666666666,8,12,1.1573316199517707,-0.02533262224313615
2017-07-10,0.004889103211589674,0.004914103211589675,2.4999999999999998e-05,0.08333333333333333,0.6666666666666666,8,12,1.162989933691751,-0.02056737283631338
2017-07-11,-0.0008787914839985164,-0.0008787914839985164,0.0,0.0,0.5833333333333334,7,12,1.1619679080420469,-0.021428089888215096
2017-07-12,0.00611090568951921,0.00611090568951921,0.0,0.0,0.5833333333333334,7,12,1.1690685843423398,-0.015448129235109187
2017-07-13,0.0018731797822802432,0.0018731797822802432,0.0,0.0,0.5833333333333334,7,12,1.1712584599786289,-0.013603886576186275
2017-07-14,0.0013268710590556444,0.0013518710590556444,2.4999999999999998e-05,0.08333333333333333,0.5833333333333334,7,12,1.1728125689318487,-0.012295066120519116
2017-07-17,-0.0003863253522204957,-0.0003863253522204957,0.0,0.0,0.6666666666666666,8,12,1.1723594817030676,-0.01267664157699
2017-07-18,0.004067262587350919,0.004117262587350919,4.9999999999999996e-05,0.16666666666666666,0.6666666666666666,8,12,1.1771277755619247,-0.008660938219658298
2017-07-19,0.0019285950287485272,0.0019285950287485272,0.0,0.0,0.5,6,12,1.179397978338075,-0.006749046633304667
2017-07-20,-0.00011273010717039176,-8.773010717039176e-05,2.4999999999999998e-05,0.08333333333333333,0.5,6,12,1.1792650246775804,-0.006861015919724767
2017-07-21,-0.0015187739881400892,-0.0015187739881400892,0.0,0.0,0.4166666666666667,5,12,1.1774739876329767,-0.008369369575353836
2017-07-24,0.0027436392965105583,0.0027436392965105583,0.0,0.0,0.4166666666666667,5,12,1.1807045515360655,-0.005648692810097278
2017-07-25,0.005494816826513156,0.005519816826513156,2.4999999999999998e-05,0.08333333333333333,0.4166666666666667,5,12,1.1871923067729866,-0.00018491451588475982
2017-07-26,-0.0007412975003305038,-0.0007162975003305039,2.4999999999999998e-05,0.08333333333333333,0.5,6,12,1.1863122440835643,-0.0009260749395467727
2017-07-27,-0.0027443213800419607,-0.0026943213800419605,4.9999999999999996e-05,0.16666666666666666,0.4166666666666667,5,12,1.1830566220287202,-0.0036678548723326765
2017-07-28,-0.0002731378954545995,-0.00024813789545459947,2.4999999999999998e-05,0.08333333333333333,0.4166666666666667,5,12,1.1827334844327757,-0.003939990937626536
2017-07-31,-0.002078690989537449,-0.002053690989537449,2.4999999999999998e-05,0.08333333333333333,0.5,6,12,1.180274946995661,-0.006010491903503112
2017-08-01,0.006130081942311331,0.006130081942311331,0.0,0.0,0.5833333333333334,7,12,1.1875101291352017,0.0
2017-08-02,-0.002307857609049363,-0.002307857609049363,0.0,0.0,0.5833333333333334,7,12,1.1847695248478538,-0.0023078576090493907
2017-08-03,-0.004788186588025622,-0.004763186588025621,2.4999999999999998e-05,0.08333333333333333,0.5833333333333334,7,12,1.179096627299076,-0.007084993744224222
2017-08-04,0.006211226179177333,0.006236226179177333,2.4999999999999998e-05,0.08333333333333333,0.6666666666666666,8,12,1.1864202631383356,-0.0009177740636703291
2017-08-07,0.002213642408153758,0.002213642408153758,0.0,0.0,0.5833333333333334,7,12,1.1890465733467117,0.0
2017-08-08,-0.0011484820876583035,-0.0011484820876583035,0.0,0.0,0.5833333333333334,7,12,1.1876809746558317,-0.0011484820876581647
2017-08-09,-0.0029341470598684694,-0.0029341470598684694,0.0,0.0,0.5833333333333334,7,12,1.1841961440159836,-0.004079259332185781
2017-08-10,-0.014246637568869054,-0.014221637568869053,2.4999999999999998e-05,0.08333333333333333,0.5833333333333334,7,12,1.1673253307417357,-0.018267781171799724
2017-08-11,0.002731921107874976,0.002731921107874976,0.0,0.0,0.6666666666666666,8,12,1.170514371452546,-0.015585766200902018
2017-08-14,0.009245307750594844,0.009245307750594844,0.0,0.0,0.6666666666666666,8,12,1.1813361370431188,-0.00648455365536349
2017-08-15,-0.00016538371590379963,-0.00016538371590379963,0.0,0.0,0.6666666666666666,8,12,1.181140763283043,-0.006648864931687926
2017-08-16,-0.0018353150626583732,-0.0018353150626583732,0.0,0.0,0.6666666666666666,8,12,1.17897299784907,-0.008471977232387573
2017-08-17,-0.012500166632671958,-0.012500166632671958,0.0,0.0,0.6666666666666666,8,12,1.1642356389205357,-0.02086624273794646
2017-08-18,0.00019399138883310907,0.00019399138883310907,0.0,0.0,0.6666666666666666,8,12,1.164461490609059,-0.020676299220521832
2017-08-21,-0.002461692357557511,-0.002436692357557511,2.4999999999999998e-05,0.08333333333333333,0.6666666666666666,8,12,1.1615949446569565,-0.02308709289030575
2017-08-22,0.008338240102195879,0.008338240102195879,0.0,0.0,0.5833333333333334,7,12,1.171280602207003,-0.014941358511890934
2017-08-23,-0.0006624898250238154,-0.0006624898250238154,0.0,0.0,0.5833333333333334,7,12,1.170504640725793,-0.0155939498389287
2017-08-24,-0.0006523524820588443,-0.0006273524820588442,2.4999999999999998e-05,0.08333333333333333,0.5833333333333334,7,12,1.1697410591181543,-0.016236129569104918
2017-08-25,1.647025854374838e-05,4.147025854374838e-05,2.4999999999999998e-05,0.08333333333333333,0.5,6,12,1.169760325055827,-0.016219926723813005
2017-08-28,0.0014117903613024192,0.0014117903613024192,0.0,0.0,0.5833333333333334,7,12,1.171411781407775,-0.014831035498720335
2017-08-29,0.0008889487528981795,0.0008889487528981795,0.0,0.0,0.5833333333333334,7,12,1.1724531064499877,-0.013955270776332851
2017-08-30,0.007021679845051494,0.007021679845051494,0.0,0.0,0.5833333333333334,7,12,1.1806856967968156,-0.007031580374823765
2017-08-31,0.0019132740663051762,0.0019132740663051762,0.0,0.0,0.5833333333333334,7,12,1.1829446721209544,-0.005131759648894785
2017-09-01,0.0012279061985487126,0.0012529061985487127,2.4999999999999998e-05,0.08333333333333333,0.5833333333333334,7,12,1.184397217216392,-0.003910154769828478
2017-09-05,-0.005822988007563627,-0.005822988007563627,0.0,0.0,0.5,6,12,1.177500486424349,-0.00971037399305974
2017-09-06,0.003359295078114851,0.003359295078114851,0.0,0.0,0.5,6,12,1.1814560580128723,-0.006383698926506254
2017-09-07,-0.001862101390474195,-0.001862101390474195,0.0,0.0,0.5,6,12,1.1792560670444625,-0.008233913222333022
2017-09-08,-0.0040408498515583586,-0.004015849851558358,2.4999999999999998e-05,0.08333333333333333,0.5,6,12,1.1744908703409966,-0.012241491066869115
2017-09-11,0.008086636939166225,0.008086636939166225,0.0,0.0,0.4166666666666667,5,12,1.1839885515978097,-0.004253846621554591
2017-09-12,0.0021842216126734602,0.00220922161267346,2.4999999999999998e-05,0.08333333333333333,0.4166666666666667,5,12,1.1865746449813677,-0.0020789163526089283
2017-09-13,0.0006569955782998248,0.0006819955782998247,2.4999999999999998e-05,0.08333333333333333,0.3333333333333333,4,12,1.187354219276443,-0.0014232866131604904
2017-09-14,-0.002847548127102769,-0.002847548127102769,0.0,0.0,0.4166666666666667,5,12,1.183973170993135,-0.004266781863133451
2017-09-15,0.0014072247073675381,0.0014072247073675381,0.0,0.0,0.4166666666666667,5,12,1.1856392872922168,-0.002865561476624645
2017-09-18,0.0013323016923314779,0.0013323016923314779,0.0,0.0,0.4166666666666667,5,12,1.1872189165211708,-0.001537077576698076
2017-09-19,0.002699938165143523,0.002699938165143523,0.0,0.0,0.4166666666666667,5,12,1.1904243341842669,0.0
2017-09-20,-0.0018310926739832738,-0.0018310926739832738,0.0,0.0,0.4166666666666667,5,12,1.1882445569070106,-0.0018310926739832922
2017-09-21,-0.0009370315664992412,-0.0009370315664992412,0.0,0.0,0.4166666666666667,5,12,1.1871311342484678,-0.002766408448845792
2017-09-22,-0.001917233999069512,-0.001917233999069512,0.0,0.0,0.4166666666666667,5,12,1.1848551260765328,-0.004678338595581866
2017-09-25,-0.010338826600509535,-0.010338826600509535,0.0,0.0,0.4166666666666667,5,12,1.1726051143813025,-0.014968796664573292
2017-09-26,0.002624266430317194,0.002624266430317194,0.0,0.0,0.4166666666666667,5,12,1.1756823426189915,-0.012383812344845313
2017-09-27,0.005802540017283512,0.005802540017283512,0.0,0.0,0.4166666666666667,5,12,1.1825042864596518,-0.006653129894259258
2017-09-28,-0.000123922971928897,-0.000123922971928897,0.0,0.0,0.4166666666666667,5,12,1.182357747014155,-0.006776228390559025
2017-09-29,0.0025910177719229775,0.0026160177719229774,2.4999999999999998e-05,0.08333333333333333,0.4166666666666667,5,12,1.1854212569494396,-0.0042027679468226165
2017-10-02,-0.0013784652496227308,-0.0013284652496227307,4.9999999999999996e-05,0.16666666666666666,0.3333333333333333,4,12,1.1837871949405707,-0.005575439826878359
2017-10-03,0.0017886545344886113,0.0017886545344886113,0.0,0.0,0.3333333333333333,4,12,1.1859045812746707,-0.003796757828117947
2017-10-04,0.0023666692897715467,0.0023666692897715467,0.0,0.0,0.3333333333333333,4,12,1.1887112252277727,-0.0014390742084989805
2017-10-05,0.009073146622173133,0.009148146622173134,7.5e-05,0.25,0.3333333333333333,4,12,1.1994965764656875,0.0
2017-10-06,0.003719894520450564,0.003719894520450564,0.0,0.0,0.5833333333333334,7,12,1.2039585772077814,0.0
2017-10-09,-0.0017528041632698139,-0.0017278041632698138,2.4999999999999998e-05,0.08333333333333333,0.5833333333333334,7,12,1.2018482736012472,-0.0017528041632698388
2017-10-10,-0.0015752787628705237,-0.0015502787628705235,2.4999999999999998e-05,0.08333333333333333,0.5,6,12,1.1999550275396504,-0.0033253217709665606
2017-10-11,5.7564824042880915e-05,5.7564824042880915e-05,0.0,0.0,0.4166666666666667,5,12,1.20002410273967,-0.0032679483684864286
2017-10-12,-0.0030231522708472347,-0.0030231522708472347,0.0,0.0,0.4166666666666667,5,12,1.196396247148401,-0.006281221133802584
2017-10-13,0.003438875406833609,0.003463875406833609,2.4999999999999998e-05,0.08333333333333333,0.4166666666666667,5,12,1.2005105047795477,-0.002863946063850875
2017-10-16,0.004529845438075673,0.004529845438075673,0.0,0.0,0.5,6,12,1.2059486318129853,0.0
2017-10-17,-0.00047261344648356733,-0.0004476134464835672,2.4999999999999998e-05,0.08333333333333333,0.5,6,12,1.205378684273822,-0.00047261344648352743
2017-10-18,0.002263617015869505,0.002263617015869505,0.0,0.0,0.4166666666666667,5,12,1.2081071999741106,0.0
2017-10-19,-0.00023054949532268684,-0.00023054949532268684,0.0,0.0,0.4166666666666667,5,12,1.2078286714688609,-0.0002305494953227516
2017-10-20,0.004895287382587445,0.004945287382587445,4.9999999999999996e-05,0.16666666666666666,0.4166666666666667,5,12,1.2137413399246297,0.0
2017-10-23,-0.004102336188905002,-0.004052336188905002,4.9999999999999996e-05,0.16666666666666666,0.5833333333333334,7,12,1.208762164901887,-0.004102336188904987
2017-10-24,0.006809366616315334,0.006809366616315334,0.0,0.0,0.75,9,12,1.216993069634635,0.0
2017-10-25,-0.0022793641778651175,-0.0022793641778651175,0.0,0.0,0.75,9,12,1.2142190992269997,-0.0022793641778651175
2017-10-26,0.0017477066243322403,0.0017477066243322403,0.0,0.0,0.75,9,12,1.2163411979901095,-0.0005356412134056576
2017-10-27,0.029594910904856792,0.029594910904856792,0.0,0.0,0.75,9,12,1.2523387073745336,0.0
2017-10-30,5.6586810397838784e-05,5.6586810397838784e-05,0.0,0.0,0.75,9,12,1.2524095732275218,0.0
2017-10-31,-0.0035035638715753548,-0.0035035638715753548,0.0,0.0,0.75,9,12,1.2480216762943468,-0.0035035638715752437
2017-11-01,0.004504780792075592,0.004529780792075592,2.4999999999999998e-05,0.08333333333333333,0.75,9,12,1.2536437403698115,0.0
2017-11-02,0.0020335229796716223,0.0020335229796716223,0.0,0.0,0.8333333333333334,10,12,1.2561930537241748,0.0
2017-11-03,0.0038575565308719708,0.003932556530871971,7.5e-05,0.25,0.8333333333333334,10,12,1.2610388894426046,0.0
2017-11-06,0.0016121036981763574,0.0016621036981763575,4.9999999999999996e-05,0.16666666666666666,0.75,9,12,1.2630718148998192,0.0
2017-11-07,-0.0029213234939848808,-0.0028713234939848806,4.9999999999999996e-05,0.16666666666666666,0.5833333333333334,7,12,1.2593819735323624,-0.002921323493984773
2017-11-08,-0.0010623016666492975,-0.0010623016666492975,0.0,0.0,0.75,9,12,1.2580441299629308,-0.003980521833817696
2017-11-09,-0.0024712887681910757,-0.002446288768191076,2.4999999999999998e-05,0.08333333333333333,0.75,9,12,1.2549351396346649,-0.006441973583109162
2017-11-10,-0.003319464846353056,-0.003319464846353056,0.0,0.0,0.6666666666666666,8,12,1.2507694265541944,-0.009740054524611907
2017-11-13,0.0009998669038605737,0.0010248669038605736,2.4999999999999998e-05,0.08333333333333333,0.6666666666666666,8,12,1.2520200295081667,-0.008749926378912254
2017-11-14,-0.0017095602504537798,-0.0016845602504537798,2.4999999999999998e-05,0.08333333333333333,0.5833333333333334,7,12,1.2498796258329476,-0.0104445281030342
2017-11-15,-0.0010980216617480487,-0.0010230216617480488,7.5e-05,0.25,0.6666666666666666,8,12,1.2485072309292056,-0.01153108144667836
2017-11-16,0.004557385183969411,0.004557385183969411,0.0,0.0,0.75,9,12,1.2541971592855208,-0.007026247842449318
2017-11-17,-0.005294856231767681,-0.0052448562317676806,4.9999999999999996e-05,0.16666666666666666,0.75,9,12,1.2475563656408124,-0.012283901102042583
2017-11-20,0.0021725687809059833,0.0021725687809059833,0.0,0.0,0.9166666666666666,11,12,1.2502667676532242,-0.010138019941178578
2017-11-21,0.009287232209401993,0.009287232209401993,0.0,0.0,0.9166666666666666,11,12,1.261878285448118,-0.000944941877113914
2017-11-22,0.0009557663733248123,0.0009557663733248123,0.0,0.0,0.9166666666666666,11,12,1.2630843462805783,0.0
2017-11-24,0.003245366129189131,0.003245366129189131,0.0,0.0,0.9166666666666666,11,12,1.2671835174363062,0.0
2017-11-27,0.001632176926779444,0.001632176926779444,0.0,0.0,0.9166666666666666,11,12,1.269251785135461,0.0
2017-11-28,0.010112542499680141,0.010112542499680141,0.0,0.0,0.9166666666666666,11,12,1.2820871477554383,0.0
2017-11-29,-0.011516592816251623,-0.011516592816251623,0.0,0.0,0.9166666666666666,11,12,1.2673218721197894,-0.011516592816251725
2017-11-30,0.005566074696919017,0.005566074696919017,0.0,0.0,0.9166666666666666,11,12,1.2743758803250476,-0.006014620335201837
2017-12-01,-0.00425493481273025,-0.00425493481273025,0.0,0.0,0.9166666666666666,11,12,1.2689534940273488,-0.010243963330482386
2017-12-04,-0.004349447029458904,-0.004349447029458904,0.0,0.0,0.9166666666666666,11,12,1.26343424802223,-0.014548854784063647
2017-12-05,0.0003055236317911769,0.0003055236317911769,0.0,0.0,0.9166666666666666,11,12,1.2638202570422152,-0.014247776171224413
2017-12-06,0.002593589457555495,0.0026435894575554952,4.9999999999999996e-05,0.16666666666666666,0.9166666666666666,11,12,1.267098087937125,-0.011691139595740307
2017-12-07,0.0033833004489356167,0.0033833004489356167,0.0,0.0,0.75,9,12,1.2713850614668882,-0.008347393784647439
2017-12-08,0.006177202255532521,0.00620220225553252,2.4999999999999998e-05,0.08333333333333333,0.75,9,12,1.2792386641362317,-0.0022217550688293786
2017-12-11,0.0028275724928558676,0.0028275724928558676,0.0,0.0,0.6666666666666666,8,12,1.282855804194741,0.0
2017-12-12,0.00099710358975863,0.00099710358975863,0.0,0.0,0.6666666666666666,8,12,1.2841349443222465,0.0
2017-12-13,-0.002612306636434164,-0.002612306636434164,0.0,0.0,0.6666666666666666,8,12,1.2807803900851165,-0.002612306636434192
2017-12-14,-0.001802950666025029,-0.001802950666025029,0.0,0.0,0.6666666666666666,8,12,1.2784712062277808,-0.004410547442469159
2017-12-15,0.009158851327274765,0.009183851327274764,2.4999999999999998e-05,0.08333333333333333,0.6666666666666666,8,12,1.2901805339318226,0.0
2017-12-18,0.006768251882720584,0.006768251882720584,0.0,0.0,0.75,9,12,1.2989128007596562,0.0
2017-12-19,-0.004657562233530754,-0.004657562233530754,0.0,0.0,0.75,9,12,1.2928630335541884,-0.004657562233530754
2017-12-20,-0.0030289612337101434,-0.003003961233710143,2.4999999999999998e-05,0.08333333333333333,0.75,9,12,1.288947001545056,-0.007672415891791906
2017-12-21,0.004092017956638507,0.004142017956638507,4.9999999999999996e-05,0.16666666666666666,0.8333333333333334,10,12,1.2942213958205337,-0.003611793598753299
2017-12-22,-0.0009310907999054707,-0.0009310907999054707,0.0,0.0,0.6666666666666666,8,12,1.2930163581858445,-0.004539521490867782
2017-12-26,-0.003577497192984206,-0.003577497192984206,0.0,0.0,0.6666666666666666,8,12,1.288390595793952,-0.008100778558460808
2017-12-27,0.001487483477794264,0.001537483477794264,4.9999999999999996e-05,0.16666666666666666,0.6666666666666666,8,12,1.290307055518141,-0.0066253448549296046
2017-12-28,0.0011937085407645875,0.0011937085407645875,0.0,0.0,0.8333333333333334,10,12,1.2918473060705218,-0.0054395450449038485
2017-12-29,-0.005828615391331514,-0.005828615391331514,0.0,0.0,0.8333333333333334,10,12,1.284317624979109,-0.011236455420264746
2018-01-02,0.011863295910178928,0.011863295910178928,0.0,0.0,0.8333333333333334,10,12,1.2995538650068945,0.0
2018-01-03,0.00742092400763152,0.00742092400763152,0.0,0.0,0.8333333333333334,10,12,1.3091977554829344,0.0
2018-01-04,0.00495512378129323,0.00495512378129323,0.0,0.0,0.8333333333333334,10,12,1.3156849924155436,0.0
2018-01-05,0.006461280423422515,0.006461280423422515,0.0,0.0,0.8333333333333334,10,12,1.324186002100429,0.0
2018-01-08,0.001213920989620365,0.001213920989620365,0.0,0.0,0.8333333333333334,10,12,1.3257934592825404,0.0
2018-01-09,0.0013153107191933733,0.0013403107191933734,2.4999999999999998e-05,0.08333333333333333,0.8333333333333334,10,12,1.3275372896309714,0.0
2018-01-10,0.0018791714583264792,0.0019041714583264795,2.4999999999999998e-05,0.08333333333333333,0.9166666666666666,11,12,1.33003195981551,0.0
2018-01-11,0.00571435422644509,0.00571435422644509,0.0,0.0,0.8333333333333334,10,12,1.3376322335663886,0.0
2018-01-12,0.008018322177536166,0.008018322177536166,0.0,0.0,0.8333333333333334,10,12,1.348357799770181,0.0
2018-01-16,-0.0023803490450043743,-0.0023803490450043743,0.0,0.0,0.8333333333333334,10,12,1.345148237569174,-0.002380349045004282
2018-01-17,0.0030595879865741027,0.0030595879865741027,0.0,0.0,0.8333333333333334,10,12,1.3492638369570018,0.0
2018-01-18,0.002259811369958342,0.002259811369958342,0.0,0.0,0.8333333333333334,10,12,1.3523129187168308,0.0
2018-01-19,0.002090362166587395,0.002090362166587395,0.0,0.0,0.8333333333333334,10,12,1.3551397424795038,0.0
2018-01-22,0.011735088434752275,0.011735088434752275,0.0,0.0,0.8333333333333334,10,12,1.371042427198948,0.0
2018-01-23,0.013485552302938325,0.013485552302938325,0.0,0.0,0.8333333333333334,10,12,1.389531691560487,0.0
2018-01-24,0.0029987450941714455,0.0029987450941714455,0.0,0.0,0.8333333333333334,10,12,1.3936985429037498,0.0
2018-01-25,0.0036236651324921174,0.0036236651324921174,0.0,0.0,0.8333333333333334,10,12,1.3987488397188752,0.0
2018-01-26,0.008235010523903982,0.008235010523903982,0.0,0.0,0.8333333333333334,10,12,1.4102675511342586,0.0
2018-01-29,-0.0006005864160495422,-0.0006005864160495422,0.0,0.0,0.8333333333333334,10,12,1.4094205636000519,-0.0006005864160495422
2018-01-30,-0.006757281234028846,-0.006757281234028846,0.0,0.0,0.8333333333333334,10,12,1.3998967124747828,-0.007353809318759952
2018-01-31,0.0018763771984021283,0.0019013771984021284,2.4999999999999998e-05,0.08333333333333333,0.8333333333333334,10,12,1.4025234467461885,-0.0054912306404849565
2018-02-01,0.0017419554694508323,0.0017919554694508326,4.9999999999999996e-05,0.16666666666666666,0.75,9,12,1.404966580135281,-0.0037588406502823135
2018-02-02,-0.01686950086873418,-0.016819500868734183,4.9999999999999996e-05,0.16666666666666666,0.5833333333333334,7,12,1.3812654951911465,-0.020564931753401128
2018-02-05,-0.03512720124666515,-0.03510220124666515,2.4999999999999998e-05,0.08333333333333333,0.75,9,12,1.3327455041664926,-0.05496974450374048
2018-02-06,0.014106322418864286,0.014156322418864284,4.9999999999999996e-05,0.16666666666666666,0.6666666666666666,8,12,1.351545641950557,-0.04163884302412857
2018-02-07,-0.0110564969270071,-0.0110564969270071,0.0,0.0,0.8333333333333334,10,12,1.3366022817136207,-0.052234960211195336
